-- phpMyAdmin SQL Dump
-- version 5.0.2
-- https://www.phpmyadmin.net/
--
-- Hôte : 127.0.0.1:3306
-- Généré le : ven. 15 juil. 2022 à 22:19
-- Version du serveur :  8.0.21
-- Version de PHP : 7.3.21

SET SQL_MODE = "NO_AUTO_VALUE_ON_ZERO";
START TRANSACTION;
SET time_zone = "+00:00";


/*!40101 SET @OLD_CHARACTER_SET_CLIENT=@@CHARACTER_SET_CLIENT */;
/*!40101 SET @OLD_CHARACTER_SET_RESULTS=@@CHARACTER_SET_RESULTS */;
/*!40101 SET @OLD_COLLATION_CONNECTION=@@COLLATION_CONNECTION */;
/*!40101 SET NAMES utf8mb4 */;

--
-- Base de données : `ctas_prod`
--

-- --------------------------------------------------------

--
-- Structure de la table `activite`
--

DROP TABLE IF EXISTS `activite`;
CREATE TABLE IF NOT EXISTS `activite` (
  `code_act` int NOT NULL AUTO_INCREMENT,
  `intitule` varchar(100) NOT NULL,
  `description` varchar(100) NOT NULL,
  `id_volet` int NOT NULL,
  PRIMARY KEY (`code_act`),
  KEY `id_volet` (`id_volet`)
) ENGINE=InnoDB AUTO_INCREMENT=5 DEFAULT CHARSET=utf8mb4 COLLATE=utf8mb4_0900_ai_ci;

--
-- Déchargement des données de la table `activite`
--

INSERT INTO `activite` (`code_act`, `intitule`, `description`, `id_volet`) VALUES
(1, 'RP', 'production de semence', 1),
(2, 'bloc', 'gestion de bloc', 2),
(3, 'PR', 'gestion des paysans relais', 2),
(4, 'BI', 'gestion de boutique Intrant', 3);

-- --------------------------------------------------------

--
-- Structure de la table `activ_critere`
--

DROP TABLE IF EXISTS `activ_critere`;
CREATE TABLE IF NOT EXISTS `activ_critere` (
  `code` int NOT NULL AUTO_INCREMENT,
  `id_activ` int NOT NULL,
  `id_critere` int NOT NULL,
  `unite` varchar(100) NOT NULL,
  PRIMARY KEY (`code`),
  KEY `id_critere` (`id_critere`),
  KEY `id_activ` (`id_activ`) USING BTREE
) ENGINE=InnoDB DEFAULT CHARSET=utf8mb4 COLLATE=utf8mb4_0900_ai_ci;

-- --------------------------------------------------------

--
-- Structure de la table `activ_variette`
--

DROP TABLE IF EXISTS `activ_variette`;
CREATE TABLE IF NOT EXISTS `activ_variette` (
  `code` int NOT NULL AUTO_INCREMENT,
  `id_activ` int NOT NULL,
  `id_variette` int NOT NULL,
  PRIMARY KEY (`code`),
  KEY `id_activ` (`id_activ`)
) ENGINE=InnoDB DEFAULT CHARSET=utf8mb4 COLLATE=utf8mb4_0900_ai_ci;

-- --------------------------------------------------------

--
-- Structure de la table `animation_ve`
--

DROP TABLE IF EXISTS `animation_ve`;
CREATE TABLE IF NOT EXISTS `animation_ve` (
  `code` varchar(255) NOT NULL,
  `id_pr` varchar(255) NOT NULL,
  `id_fkt` varchar(255) DEFAULT NULL,
  `id_commune` varchar(255) DEFAULT NULL,
  `village` varchar(100) DEFAULT NULL,
  `date_anim` date NOT NULL,
  `nb_participant` int NOT NULL,
  `nb_h` int NOT NULL,
  `nb_f` int NOT NULL,
  `nb_inf_25` int NOT NULL,
  `type` varchar(100) NOT NULL DEFAULT 'animation',
  `img_piece` mediumtext,
  `img_group_particip` int DEFAULT NULL,
  `id_tech_recenseur` int DEFAULT NULL,
  `etat` varchar(100) NOT NULL DEFAULT 'valide',
  `status` varchar(100) NOT NULL DEFAULT 'active',
  PRIMARY KEY (`code`),
  KEY `id_pr` (`id_pr`),
  KEY `id_fkt` (`id_fkt`),
  KEY `id_commune` (`id_commune`),
  KEY `id_tech_recenseur` (`id_tech_recenseur`)
) ENGINE=InnoDB DEFAULT CHARSET=utf8mb4 COLLATE=utf8mb4_0900_ai_ci;

--
-- Déchargement des données de la table `animation_ve`
--

INSERT INTO `animation_ve` (`code`, `id_pr`, `id_fkt`, `id_commune`, `village`, `date_anim`, `nb_participant`, `nb_h`, `nb_f`, `nb_inf_25`, `type`, `img_piece`, `img_group_particip`, `id_tech_recenseur`, `etat`, `status`) VALUES
('AFS3-ANIM-1', 'PR-11AFS3-06', 'Fkt412', NULL, NULL, '2022-06-15', 15, 9, 6, 10, 'animation', NULL, NULL, 11, 'valide', 'active'),
('AFS3-VE-1', 'PR-11AFS3-01', NULL, 'C63', 'village-tsimandrira', '2022-06-13', 25, 16, 9, 0, 've', NULL, NULL, 11, 'valide', 'active');

-- --------------------------------------------------------

--
-- Structure de la table `animation_ve_specu`
--

DROP TABLE IF EXISTS `animation_ve_specu`;
CREATE TABLE IF NOT EXISTS `animation_ve_specu` (
  `code_specu` int NOT NULL AUTO_INCREMENT,
  `id_anime_ve` varchar(255) CHARACTER SET utf8mb4 COLLATE utf8mb4_0900_ai_ci NOT NULL,
  `id_var` varchar(255) CHARACTER SET utf8mb4 COLLATE utf8mb4_0900_ai_ci DEFAULT NULL,
  `id_espece` varchar(255) CHARACTER SET utf8mb4 COLLATE utf8mb4_0900_ai_ci DEFAULT NULL,
  `quantite` int NOT NULL DEFAULT '5',
  `etat` varchar(100) NOT NULL DEFAULT 'valide',
  `status` varchar(100) NOT NULL DEFAULT 'active',
  PRIMARY KEY (`code_specu`),
  KEY `id_anime_ve` (`id_anime_ve`),
  KEY `id_espece` (`id_espece`),
  KEY `id_var` (`id_var`)
) ENGINE=InnoDB AUTO_INCREMENT=9 DEFAULT CHARSET=utf8mb4 COLLATE=utf8mb4_0900_ai_ci;

--
-- Déchargement des données de la table `animation_ve_specu`
--

INSERT INTO `animation_ve_specu` (`code_specu`, `id_anime_ve`, `id_var`, `id_espece`, `quantite`, `etat`, `status`) VALUES
(3, 'AFS3-ANIM-1', 'VAR_10', NULL, 5, 'valide', 'active'),
(4, 'AFS3-ANIM-1', 'VAR_24', NULL, 4, 'valide', 'active'),
(5, 'AFS3-ANIM-1', NULL, 'ESP_37', 5, 'valide', 'active'),
(6, 'AFS3-VE-1', 'VAR_06', NULL, 5, 'valide', 'active'),
(7, 'AFS3-VE-1', NULL, 'ESP_37', 8, 'valide', 'active'),
(8, 'AFS3-VE-1', 'VAR_22', NULL, 5, 'valide', 'active');

-- --------------------------------------------------------

--
-- Structure de la table `association`
--

DROP TABLE IF EXISTS `association`;
CREATE TABLE IF NOT EXISTS `association` (
  `numero` int NOT NULL AUTO_INCREMENT,
  `code_ass` varchar(255) NOT NULL,
  `nom` varchar(100) CHARACTER SET utf8mb4 COLLATE utf8mb4_0900_ai_ci NOT NULL,
  `ancronyme` varchar(10) NOT NULL DEFAULT 'ASPPMS',
  `id_prjt` varchar(100) CHARACTER SET utf8mb4 COLLATE utf8mb4_0900_ai_ci NOT NULL,
  `id_tech` int NOT NULL COMMENT 'technisiana mpiandraikitran'' i fikambanana',
  `id_fkt` varchar(100) NOT NULL COMMENT 'fokotany ijoroan''i fikambanana',
  `status` varchar(100) NOT NULL DEFAULT 'active',
  PRIMARY KEY (`code_ass`),
  UNIQUE KEY `numero` (`numero`) USING BTREE,
  KEY `id_prjt` (`id_prjt`),
  KEY `id_tech` (`id_tech`),
  KEY `id_fkt` (`id_fkt`)
) ENGINE=InnoDB AUTO_INCREMENT=56 DEFAULT CHARSET=utf8mb4 COLLATE=utf8mb4_0900_ai_ci;

--
-- Déchargement des données de la table `association`
--

INSERT INTO `association` (`numero`, `code_ass`, `nom`, `ancronyme`, `id_prjt`, `id_tech`, `id_fkt`, `status`) VALUES
(1, 'ASS001', 'HERIMBATO', 'ASPMS', 'P02', 15, 'Fkt018', 'active'),
(2, 'ASS002', 'LAZAHOAHY', 'ASPMS', 'P02', 15, 'Fkt020', 'active'),
(3, 'ASS003', 'TSINJO AINA', 'ASPMS', 'P02', 15, 'Fkt001', 'active'),
(4, 'ASS004', 'ANDOVOBE BELALETSE', 'ASPMS', 'P02', 15, 'Fkt087', 'active'),
(5, 'ASS005', 'MAROMAINTE', 'ASPMS', 'P02', 15, 'Fkt112', 'active'),
(6, 'ASS006', 'BEROROHA', 'ASPMS', 'P02', 15, 'Fkt208', 'active'),
(7, 'ASS007', 'FIRAISANA II', 'ASPMS', 'P02', 15, 'Fkt209', 'active'),
(8, 'ASS008', 'HAFA TY TALOHA', 'ASPMS', 'P02', 15, 'Fkt209', 'active'),
(9, 'ASS009', 'TANANA TEHIVOATSE', 'ASPMS', 'P02', 15, 'Fkt492', 'active'),
(10, 'ASS010', 'ANKILIBEY MIAVOTSE', 'ASPMS', 'P02', 15, 'Fkt533', 'active'),
(11, 'ASS011', 'ANJEKY MORAFENO', 'ASPMS', 'P02', 15, 'Fkt532', 'active'),
(12, 'ASS012', 'BEANANTARA', 'ASPMS', 'P02', 15, 'Fkt533', 'active'),
(13, 'ASS013', 'AMBORY', 'ASPMS', 'P02', 15, 'Fkt240', 'active'),
(14, 'ASS014', 'SOATSIFA MANDROSO', 'ASPMS', 'P02', 15, 'Fkt354', 'active'),
(15, 'ASS015', 'MAHAVOKATSE', 'ASPMS', 'P02', 15, 'Fkt491', ''),
(16, 'ASS016', 'AMBORO', 'ASPMS', 'P02', 15, 'Fkt456', 'active'),
(17, 'ASS017', 'HALOMBORO I', 'ASPMS', 'P02', 15, 'Fkt473', 'active'),
(18, 'ASS018', 'MAROFOTY', 'ASPMS', 'P02', 15, 'Fkt454', 'active'),
(19, 'ASS019', 'GP ANTAFIANAMPELA', 'ASPMS', 'P02', 3, 'Fkt490', 'active'),
(20, 'ASS020', 'GP ANTSAHA', 'ASPMS', 'P02', 3, 'Fkt487', 'active'),
(21, 'ASS021', 'GP BEKOPIKY', 'ASPMS', 'P02', 3, 'Fkt488', 'active'),
(22, 'ASS022', 'MIARAMIAVOTSE', 'ASPMS', 'P02', 3, 'Fkt488', 'active'),
(23, 'ASS023', 'SOATIRY II', 'ASPMS', 'P02', 3, 'Fkt489', 'active'),
(24, 'ASS024', 'GP BELINDO', 'ASPMS', 'P02', 3, 'Fkt519', 'active'),
(25, 'ASS025', 'MAMIRATRA', 'ASPMS', 'P02', 3, 'Fkt515', 'active'),
(26, 'ASS026', 'SAFIDY', 'ASPMS', 'P02', 3, 'Fkt515', 'active'),
(27, 'ASS027', 'GP ANAVIAVY', 'ASPMS', 'P02', 3, 'Fkt517', 'active'),
(28, 'ASS028', 'GP ANIVORANO', 'ASPMS', 'P02', 3, 'Fkt518', 'active'),
(29, 'ASS029', 'GP TSILANY BAS', 'ASPMS', 'P02', 3, 'Fkt516', 'active'),
(30, 'ASS030', 'MANDROSO', 'ASPMS', 'P02', 4, 'Fkt072', 'active'),
(31, 'ASS031', 'TARATRY NY AINA', 'ASPMS', 'P02', 4, 'Fkt033', 'active'),
(32, 'ASS032', 'MITSINJO VALIMBAVAKA', 'ASPMS', 'P02', 4, 'Fkt457', 'active'),
(33, 'ASS033', 'RONONOVELO AVIAVY', 'ASPMS', 'P02', 4, 'Fkt241', 'active'),
(34, 'ASS034', 'SOAFIAVY', 'ASPMS', 'P02', 4, 'Fkt242', 'active'),
(35, 'ASS035', 'SOATIRY', 'ASPMS', 'P02', 4, 'Fkt086', 'active'),
(36, 'ASS036', 'FMMDA', 'ASPMS', 'P02', 12, 'Fkt356', 'active'),
(37, 'ASS037', 'FMDSM', 'ASPMS', 'P02', 12, 'Fkt279', 'active'),
(38, 'ASS038', 'AMBAROMIRAY', 'ASPMS', 'P02', 12, 'Fkt355', 'active'),
(39, 'ASS039', 'EZAKA', 'ASPMS', 'P02', 12, 'Fkt534', 'active'),
(40, 'ASS040', 'TANO AMIN\'NY FIARAHANTSIKA', 'ASPMS', 'P02', 12, 'Fkt531', 'active'),
(41, 'ASS041', 'FMDB', 'ASPMS', 'P02', 12, 'Fkt530', 'active'),
(42, 'ASS042', 'TSIRIRY', 'ASPMS', 'P02', 12, 'Fkt527', 'active'),
(43, 'ASS043', 'TAHIRISOA', 'ASPMS', 'P02', 12, 'Fkt528', 'active'),
(44, 'ASS044', 'TSILANIHERY', 'ASPMS', 'P02', 12, 'Fkt529', 'active'),
(45, 'ASS045', 'MIRAILAHATSE', 'ASPMS', 'P02', 12, 'Fkt526', 'active'),
(46, 'ASS046', 'SOASAOTSY', 'ASPMS', 'P02', 12, 'Fkt524', 'active'),
(47, 'ASS047', 'MANAMBARO', 'ASPMS', 'P02', 12, 'Fkt525', 'active'),
(48, 'ASS048', 'VEHIVAVY MENDRIKA', 'ASPMS', 'P02', 12, 'Fkt521', 'active'),
(49, 'ASS049', 'TSOPOTY', 'ASPMS', 'P02', 12, 'Fkt523', 'active'),
(50, 'ASS050', 'VORIRIKE', 'ASPMS', 'P02', 12, 'Fkt520', 'active'),
(51, 'ASS051', 'MILAVONJY', 'ASPMS', 'P02', 12, 'Fkt522', 'active'),
(52, 'ASS052', 'Avotra', 'AVT', 'P03', 11, 'Fkt504', 'active'),
(53, 'ASS053', 'Finondranon\'akoho', 'FINK', 'P03', 11, 'Fkt505', 'active'),
(54, 'ASS054', 'Zaihagnavotse', 'ZAIH', 'P03', 8, 'Fkt499', 'active'),
(55, 'ASS055', 'Tanjompandrosoana', 'TANP', 'P03', 8, 'Fkt493', 'active');

-- --------------------------------------------------------

--
-- Structure de la table `assoc_parce`
--

DROP TABLE IF EXISTS `assoc_parce`;
CREATE TABLE IF NOT EXISTS `assoc_parce` (
  `code_parce` varchar(255) CHARACTER SET utf8mb4 COLLATE utf8mb4_0900_ai_ci NOT NULL,
  `id_assoc` varchar(255) CHARACTER SET utf8mb4 COLLATE utf8mb4_0900_ai_ci NOT NULL,
  `id_benef` varchar(50) CHARACTER SET utf8mb4 COLLATE utf8mb4_0900_ai_ci NOT NULL,
  `ref_gps` varchar(255) CHARACTER SET utf8mb4 COLLATE utf8mb4_0900_ai_ci DEFAULT NULL,
  `lat` double DEFAULT NULL,
  `log` double DEFAULT NULL,
  `superficie` int DEFAULT NULL,
  `id_fkt` varchar(255) NOT NULL,
  `anne_adheran` year DEFAULT NULL,
  `status` varchar(100) NOT NULL DEFAULT 'active',
  PRIMARY KEY (`code_parce`),
  KEY `id_bloc` (`id_assoc`),
  KEY `id_benef` (`id_benef`),
  KEY `id_fkt` (`id_fkt`)
) ENGINE=InnoDB DEFAULT CHARSET=utf8mb4 COLLATE=utf8mb4_0900_ai_ci;

--
-- Déchargement des données de la table `assoc_parce`
--

INSERT INTO `assoc_parce` (`code_parce`, `id_assoc`, `id_benef`, `ref_gps`, `lat`, `log`, `superficie`, `id_fkt`, `anne_adheran`, `status`) VALUES
('53FINK-01', 'ASS053', 'B-089', NULL, -25, 45, 5421, 'Fkt505', NULL, 'active'),
('53FINK-02', 'ASS053', 'B-090', NULL, -25, 45, 7286, 'Fkt505', NULL, 'active'),
('53FINK-03', 'ASS053', 'B-091', NULL, -25, 45, 5771, 'Fkt505', NULL, 'active'),
('53FINK-04', 'ASS053', 'B-092', NULL, -25, 45, 1582, 'Fkt505', NULL, 'active'),
('53FINK-05', 'ASS053', 'B-093', NULL, -25, 45, 4418, 'Fkt505', NULL, 'active'),
('53FINK-06', 'ASS053', 'B-095', NULL, -25, 45, 6676, 'Fkt505', NULL, 'active'),
('53FINK-07', 'ASS053', 'B-096', NULL, -25, 45, 5399, 'Fkt505', NULL, 'active'),
('53FINK-08', 'ASS053', 'B-094', NULL, -25, 45, 6123, 'Fkt505', NULL, 'active'),
('54ZAIH-01', 'ASS054', 'B-115', NULL, -25, 45, 3167, 'Fkt499', NULL, 'active'),
('54ZAIH-02', 'ASS054', 'B-116', NULL, -25, 45, 6782, 'Fkt499', NULL, 'active'),
('54ZAIH-03', 'ASS054', 'B-119', NULL, -25, 45, 4262, 'Fkt499', NULL, 'active'),
('54ZAIH-04', 'ASS054', 'B-120', NULL, -25, 45, 3100, 'Fkt499', NULL, 'active'),
('54ZAIH-05', 'ASS054', 'B-120', NULL, -25, 45, 21500, 'Fkt499', NULL, 'active'),
('54ZAIH-06', 'ASS054', 'B-122', NULL, -25, 45, 8706, 'Fkt499', NULL, 'active'),
('54ZAIH-07', 'ASS054', 'B-123', NULL, -25, 45, 2500, 'Fkt499', NULL, 'active'),
('54ZAIH-08', 'ASS054', 'B-124', NULL, -25, 45, 4487, 'Fkt499', NULL, 'active'),
('54ZAIH-09', 'ASS054', 'B-125', NULL, -25, 45, 5146, 'Fkt499', NULL, 'active'),
('54ZAIH-10', 'ASS054', 'B-126', NULL, -25, 45, 4183, 'Fkt499', NULL, 'active'),
('54ZAIH-11', 'ASS054', 'B-127', NULL, -25, 45, 4262, 'Fkt499', NULL, 'active'),
('54ZAIH-12', 'ASS054', 'B-128', NULL, -25, 45, 6171, 'Fkt499', NULL, 'active'),
('54ZAIH-13', 'ASS054', 'B-129', NULL, -25, 45, 4370, 'Fkt499', NULL, 'active'),
('54ZAIH-14', 'ASS054', 'B-130', NULL, -25, 45, 4325, 'Fkt499', NULL, 'active'),
('54ZAIH-15', 'ASS054', 'B-131', NULL, -25, 45, 14620, 'Fkt499', NULL, 'active'),
('54ZAIH-16', 'ASS054', 'B-132', NULL, -25, 45, 8032, 'Fkt499', NULL, 'active'),
('54ZAIH-17', 'ASS054', 'B-132', NULL, -25, 45, 4529, 'Fkt499', NULL, 'active'),
('54ZAIH-18', 'ASS054', 'B-132', NULL, -25, 45, 5956, 'Fkt499', NULL, 'active'),
('54ZAIH-19', 'ASS054', 'B-132', NULL, -25, 45, 5115, 'Fkt499', NULL, 'active'),
('PRC601', 'ASS052', 'B-062', NULL, -25, 45, 12500, 'Fkt504', NULL, 'active'),
('PRC602', 'ASS052', 'B-063', NULL, -25, 45, 7400, 'Fkt504', NULL, 'active'),
('PRC603', 'ASS052', 'B-064', NULL, -25, 45, 20790, 'Fkt504', NULL, 'active'),
('PRC604', 'ASS052', 'B-065', NULL, -25, 45, 1500, 'Fkt504', NULL, 'active'),
('PRC605', 'ASS052', 'B-066', NULL, -25, 45, 8500, 'Fkt504', NULL, 'active'),
('PRC606', 'ASS052', 'B-067', NULL, -25, 45, 1500, 'Fkt504', NULL, 'active'),
('PRC607', 'ASS052', 'B-068', NULL, -25, 45, 14000, 'Fkt504', NULL, 'active'),
('PRC608', 'ASS052', 'B-069', NULL, -25, 45, 4800, 'Fkt504', NULL, 'active'),
('PRC609', 'ASS052', 'B-070', NULL, -25, 45, 4000, 'Fkt504', NULL, 'active'),
('PRC610', 'ASS052', 'B-080', NULL, -25, 45, 7000, 'Fkt504', NULL, 'active'),
('PRC611', 'ASS052', 'B-081', NULL, -25, 45, 1400, 'Fkt504', NULL, 'active'),
('PRC612', 'ASS052', 'B-136', NULL, -25, 45, 11000, 'Fkt504', NULL, 'active'),
('PRC613', 'ASS052', 'B-082', NULL, -25, 45, 3500, 'Fkt504', NULL, 'active'),
('PRC614', 'ASS052', 'B-083', NULL, -25, 45, 3000, 'Fkt504', NULL, 'active'),
('PRC615', 'ASS052', 'B-084', NULL, -25, 45, 4600, 'Fkt504', NULL, 'active'),
('PRC616', 'ASS052', 'B-085', NULL, -25, 45, 24000, 'Fkt504', NULL, 'active'),
('PRC617', 'ASS052', 'B-086', NULL, -25, 45, 14000, 'Fkt504', NULL, 'active'),
('PRC618', 'ASS052', 'B-087', NULL, -25, 45, 8000, 'Fkt504', NULL, 'active'),
('PRC619', 'ASS052', 'B-088', NULL, -25, 45, 1600, 'Fkt504', NULL, 'active');

-- --------------------------------------------------------

--
-- Structure de la table `beneficiaire`
--

DROP TABLE IF EXISTS `beneficiaire`;
CREATE TABLE IF NOT EXISTS `beneficiaire` (
  `code_benef` varchar(50) NOT NULL,
  `img_benef` blob,
  `nom` varchar(100) NOT NULL,
  `prenom` varchar(100) DEFAULT NULL,
  `sexe` varchar(100) NOT NULL,
  `dt_nais` date DEFAULT NULL,
  `dt_nais_vers` varchar(100) DEFAULT NULL,
  `surnom` varchar(50) DEFAULT NULL,
  `cin` bigint DEFAULT NULL,
  `dt_delivrance` date DEFAULT NULL,
  `lieu_delivrance` varchar(100) CHARACTER SET utf8mb4 COLLATE utf8mb4_0900_ai_ci DEFAULT NULL,
  `img_cin` blob,
  `contact` int DEFAULT NULL,
  `id_fkt` varchar(255) CHARACTER SET utf8mb4 COLLATE utf8mb4_0900_ai_ci DEFAULT NULL COMMENT 'adresse bénéficiaire',
  `id_commune` varchar(255) DEFAULT NULL COMMENT 'autres village',
  `village` varchar(100) DEFAULT NULL,
  `dt_Insert` date DEFAULT NULL,
  `etat` varchar(100) DEFAULT 'valide',
  `statut` varchar(100) NOT NULL DEFAULT 'active',
  PRIMARY KEY (`code_benef`),
  KEY `id_fkt` (`id_fkt`),
  KEY `id_commune` (`id_commune`)
) ENGINE=InnoDB DEFAULT CHARSET=utf8mb4 COLLATE=utf8mb4_0900_ai_ci;

--
-- Déchargement des données de la table `beneficiaire`
--

INSERT INTO `beneficiaire` (`code_benef`, `img_benef`, `nom`, `prenom`, `sexe`, `dt_nais`, `dt_nais_vers`, `surnom`, `cin`, `dt_delivrance`, `lieu_delivrance`, `img_cin`, `contact`, `id_fkt`, `id_commune`, `village`, `dt_Insert`, `etat`, `statut`) VALUES
('B-001', NULL, 'Barijaona', NULL, 'H', NULL, '1985', NULL, 514, '2002-02-15', NULL, NULL, NULL, 'Fkt506', NULL, NULL, NULL, 'valide', 'active'),
('B-002', NULL, 'Bekobo', NULL, 'H', '1987-03-16', NULL, NULL, 514, '1999-11-18', 'Toliara', NULL, NULL, 'Fkt506', NULL, NULL, NULL, 'valide', 'active'),
('B-003', NULL, 'Belaza', NULL, 'H', NULL, NULL, NULL, 514, NULL, NULL, NULL, NULL, 'Fkt506', NULL, NULL, NULL, 'valide', 'active'),
('B-004', NULL, 'Borinae', NULL, 'H', NULL, NULL, NULL, 920, '2004-07-05', 'Toliara', NULL, NULL, 'Fkt506', NULL, NULL, NULL, 'valide', 'active'),
('B-005', NULL, 'Fagnitara', NULL, 'H', NULL, NULL, NULL, 516, '1964-04-11', 'Tsihombe', NULL, NULL, 'Fkt506', NULL, NULL, NULL, 'valide', 'active'),
('B-006', NULL, 'Fahafeno', NULL, 'H', NULL, NULL, NULL, 514, '2019-08-08', 'Tsihombe', NULL, NULL, 'Fkt506', NULL, NULL, NULL, 'valide', 'active'),
('B-007', NULL, 'Fiarena', NULL, 'H', NULL, NULL, NULL, 514, '2010-07-28', 'Tsihombe', NULL, NULL, 'Fkt506', NULL, NULL, NULL, 'valide', 'active'),
('B-008', NULL, 'Foterae', NULL, 'F', NULL, NULL, NULL, 504, '1974-11-13', 'Ambanikily', NULL, NULL, 'Fkt506', NULL, NULL, NULL, 'valide', 'active'),
('B-009', NULL, 'Gisomana', 'Manjovala', 'H', NULL, NULL, NULL, 520, '1994-08-28', 'Tsihombe', NULL, NULL, 'Fkt506', NULL, NULL, NULL, 'valide', 'active'),
('B-010', NULL, 'Harenasoa', NULL, 'F', NULL, NULL, NULL, 514, '2016-05-20', 'Tsihombe', NULL, NULL, 'Fkt506', NULL, NULL, NULL, 'valide', 'active'),
('B-011', NULL, 'Jean Noel', NULL, 'H', NULL, NULL, NULL, 501, '2000-11-27', 'Toliara', NULL, NULL, 'Fkt506', NULL, NULL, NULL, 'valide', 'active'),
('B-012', NULL, 'Katity', NULL, 'H', NULL, NULL, NULL, 501, '1994-09-10', 'Betania Toliara', NULL, NULL, 'Fkt506', NULL, NULL, NULL, 'valide', 'active'),
('B-013', NULL, 'Kidihae', NULL, 'F', NULL, NULL, NULL, 514, '2007-07-15', 'Tsihombe', NULL, NULL, 'Fkt506', NULL, NULL, NULL, 'valide', 'active'),
('B-014', NULL, 'Kinasy', NULL, 'F', NULL, NULL, NULL, 504, '1978-11-30', NULL, NULL, NULL, 'Fkt506', NULL, NULL, NULL, 'valide', 'active'),
('B-015', NULL, 'Lianarahee', NULL, 'F', NULL, NULL, NULL, 514, '2010-07-20', 'Tsihombe', NULL, NULL, 'Fkt506', NULL, NULL, NULL, 'valide', 'active'),
('B-016', NULL, 'Gida', NULL, 'F', NULL, '1970', NULL, 514, '1997-10-13', 'Tsihombe', NULL, NULL, 'Fkt512', NULL, NULL, NULL, 'valide', 'active'),
('B-017', NULL, 'Masignarivo', NULL, 'F', '1966-06-28', NULL, NULL, 520, '2007-04-10', 'Tsihombe', NULL, NULL, 'Fkt512', NULL, NULL, NULL, 'valide', 'active'),
('B-018', NULL, 'Ranoletie', NULL, 'F', NULL, NULL, NULL, 514, '1988-12-05', 'Tsihombe', NULL, NULL, 'Fkt512', NULL, NULL, NULL, 'valide', 'active'),
('B-019', NULL, 'Refomeie', NULL, 'F', NULL, NULL, NULL, 514, NULL, NULL, NULL, NULL, 'Fkt512', NULL, NULL, NULL, 'valide', 'active'),
('B-020', NULL, 'Sambeaze', 'Solomay', 'H', NULL, NULL, NULL, 514, '1981-04-17', 'Tsihombe', NULL, NULL, 'Fkt512', NULL, NULL, NULL, 'valide', 'active'),
('B-021', NULL, 'Soalia', NULL, 'H', NULL, NULL, NULL, 514, '1998-02-05', 'Tsihombe', NULL, NULL, 'Fkt512', NULL, NULL, NULL, 'valide', 'active'),
('B-022', NULL, 'Tsimandeha', NULL, 'H', NULL, NULL, NULL, 514, '1988-10-14', 'Tsihombe', NULL, NULL, 'Fkt512', NULL, NULL, NULL, 'valide', 'active'),
('B-023', NULL, 'Vaolilie', NULL, 'F', NULL, NULL, NULL, 514, '1989-01-20', 'Tsihombe', NULL, NULL, 'Fkt512', NULL, NULL, NULL, 'valide', 'active'),
('B-024', NULL, 'Vognesoa', 'Manirisoa', 'F', NULL, NULL, NULL, 514, '2010-04-16', 'Tsihombe', NULL, NULL, 'Fkt512', NULL, NULL, NULL, 'valide', 'active'),
('B-025', NULL, 'Fidina', 'Albert', 'H', NULL, NULL, NULL, 401, '1970-04-29', 'Majunga', NULL, NULL, 'Fkt511', NULL, NULL, NULL, 'valide', 'active'),
('B-026', NULL, 'Tsivahiny', NULL, 'H', NULL, NULL, NULL, 514, NULL, NULL, NULL, NULL, 'Fkt511', NULL, NULL, NULL, 'valide', 'active'),
('B-027', NULL, 'BOSEHA', 'ZEFANIA', 'H', NULL, NULL, NULL, 516, '1967-04-30', 'Ambovombe', NULL, NULL, 'Fkt494', NULL, NULL, NULL, 'valide', 'active'),
('B-028', NULL, 'Fitahianjanahary', NULL, 'H', NULL, NULL, NULL, 514, '2003-03-03', 'Tsihombe', NULL, NULL, 'Fkt494', NULL, NULL, NULL, 'valide', 'active'),
('B-029', NULL, 'HOATSE', 'GERVAIS', 'H', NULL, NULL, NULL, 404, '1963-01-15', 'Maevatanana', NULL, NULL, 'Fkt494', NULL, NULL, NULL, 'valide', 'active'),
('B-030', NULL, 'Kintana', NULL, 'F', NULL, NULL, NULL, 514, '2020-09-11', 'Tsihombe', NULL, NULL, 'Fkt494', NULL, NULL, NULL, 'valide', 'active'),
('B-031', NULL, 'Mamantakevitra', NULL, 'H', NULL, NULL, NULL, 514, '2013-05-27', 'Tsihombe', NULL, NULL, 'Fkt494', NULL, NULL, NULL, 'valide', 'active'),
('B-032', NULL, 'Manankavana', NULL, 'H', NULL, NULL, NULL, 514, '1997-09-04', 'Tsihombe', NULL, NULL, 'Fkt494', NULL, NULL, NULL, 'valide', 'active'),
('B-033', NULL, 'MANDIGNISOA', 'GERVAIS', 'H', NULL, NULL, NULL, 514, '2010-01-27', 'Tsihombe', NULL, NULL, 'Fkt494', NULL, NULL, NULL, 'valide', 'active'),
('B-034', NULL, 'NARCIS', NULL, 'H', NULL, NULL, NULL, 519, '2008-05-10', 'Amboasary', NULL, NULL, 'Fkt494', NULL, NULL, NULL, 'valide', 'active'),
('B-035', NULL, 'Masoandroniaina', NULL, 'H', NULL, NULL, NULL, 514, '2019-02-14', 'Tsihombe', NULL, NULL, 'Fkt494', NULL, NULL, NULL, 'valide', 'active'),
('B-036', NULL, 'Ratovonjanahary', NULL, 'H', NULL, NULL, NULL, 514, '2016-01-27', 'Tsihombe', NULL, NULL, 'Fkt494', NULL, NULL, NULL, 'valide', 'active'),
('B-037', NULL, 'Andriamandahatse', NULL, 'H', NULL, NULL, NULL, 501, '2013-04-03', 'Toliara', NULL, NULL, 'Fkt499', NULL, NULL, NULL, 'valide', 'active'),
('B-038', NULL, 'Andriamarija', NULL, 'H', NULL, NULL, NULL, 514, '1999-03-17', 'Tsihombe', NULL, NULL, 'Fkt499', NULL, NULL, NULL, 'valide', 'active'),
('B-039', NULL, 'AVISOA EDMOND', NULL, 'H', NULL, NULL, NULL, 514, '1980-07-08', 'Tsihombe', NULL, NULL, 'Fkt499', NULL, NULL, NULL, 'valide', 'active'),
('B-040', NULL, 'DOLARIMINY', NULL, 'F', NULL, NULL, NULL, 514, '2016-07-27', 'Imongy', NULL, NULL, 'Fkt499', NULL, NULL, NULL, 'valide', 'active'),
('B-041', NULL, 'Fianinantsoa', NULL, 'F', NULL, NULL, NULL, 514, '2007-04-25', 'Tsihombe', NULL, NULL, 'Fkt499', NULL, NULL, NULL, 'valide', 'active'),
('B-042', NULL, 'Filaza', NULL, 'H', NULL, NULL, NULL, 514, '2003-07-03', 'Tsihombe', NULL, NULL, 'Fkt499', NULL, NULL, NULL, 'valide', 'active'),
('B-043', NULL, 'FIRARIANTSOA Estella', NULL, 'F', NULL, NULL, NULL, 514, '2010-05-07', 'Tsihombe', NULL, NULL, 'Fkt499', NULL, NULL, NULL, 'valide', 'active'),
('B-044', NULL, 'Fitahia', NULL, 'H', NULL, NULL, NULL, 514, '2002-12-04', 'Tsihombe', NULL, NULL, 'Fkt499', NULL, NULL, NULL, 'valide', 'active'),
('B-045', NULL, 'Fitasoa Paulette', NULL, 'F', NULL, NULL, NULL, 514, '1999-06-30', 'Tsihombe', NULL, NULL, 'Fkt499', NULL, NULL, NULL, 'valide', 'active'),
('B-046', NULL, 'Heremeie', NULL, 'F', NULL, NULL, NULL, 514, '2004-04-13', 'Tsihombe', NULL, NULL, 'Fkt499', NULL, NULL, NULL, 'valide', 'active'),
('B-047', NULL, 'JOLLY HAJA', NULL, 'H', NULL, NULL, NULL, 514, '2019-02-15', 'Tsihombe', NULL, NULL, 'Fkt499', NULL, NULL, NULL, 'valide', 'active'),
('B-048', NULL, 'MAHATSALOKY ELIE JEAN', NULL, 'H', NULL, NULL, NULL, 516, '1963-03-09', 'Ambovombe', NULL, NULL, 'Fkt499', NULL, NULL, NULL, 'valide', 'active'),
('B-049', NULL, 'Mahatovory', NULL, 'H', NULL, NULL, NULL, 519, '2018-01-19', 'Amboasary', NULL, NULL, 'Fkt499', NULL, NULL, NULL, 'valide', 'active'),
('B-050', NULL, 'LINAZETY DIMASIE', NULL, 'F', NULL, NULL, NULL, 514, '2003-07-08', 'Tsihombe', NULL, NULL, 'Fkt499', NULL, NULL, NULL, 'valide', 'active'),
('B-051', NULL, 'MANANTO', NULL, 'H', NULL, NULL, NULL, 401, '1997-08-13', 'Mahajanga', NULL, NULL, 'Fkt499', NULL, NULL, NULL, 'valide', 'active'),
('B-052', NULL, 'Mbehoavy Jean Paul', NULL, 'H', NULL, NULL, NULL, 514, '2021-10-14', 'Tsihombe', NULL, NULL, 'Fkt502', NULL, NULL, NULL, 'valide', 'active'),
('B-053', NULL, 'Miandrisoa Gilbert', NULL, 'H', NULL, NULL, NULL, 514, '2015-10-30', 'Marovoay', NULL, NULL, 'Fkt502', NULL, NULL, NULL, 'valide', 'active'),
('B-054', NULL, 'Miatsebala', NULL, 'H', NULL, NULL, NULL, 514, '1988-08-02', 'Tsihombe', NULL, NULL, 'Fkt502', NULL, NULL, NULL, 'valide', 'active'),
('B-055', NULL, 'MOSA Jean', NULL, 'H', NULL, NULL, NULL, 514, '1994-03-09', 'Tsihombe', NULL, NULL, 'Fkt502', NULL, NULL, NULL, 'valide', 'active'),
('B-056', NULL, 'RAZANADIMBY', NULL, 'F', NULL, NULL, NULL, 514, NULL, NULL, NULL, NULL, 'Fkt502', NULL, NULL, NULL, 'valide', 'active'),
('B-057', NULL, 'SAILAMBO Soaniazoe', NULL, 'F', NULL, NULL, NULL, 514, '2010-10-02', 'Tsihombe', NULL, NULL, 'Fkt502', NULL, NULL, NULL, 'valide', 'active'),
('B-058', NULL, 'SAOAMIHARY Odon', NULL, 'H', NULL, NULL, NULL, 514, NULL, NULL, NULL, NULL, 'Fkt502', NULL, NULL, NULL, 'valide', 'active'),
('B-059', NULL, 'TOLIASIE', NULL, 'F', NULL, NULL, NULL, 514, '2013-08-16', 'Tsihombe', NULL, 324718050, 'Fkt502', NULL, NULL, NULL, 'valide', 'active'),
('B-060', NULL, 'TOLIMAEVA', NULL, 'F', NULL, NULL, NULL, 514, '1997-10-15', 'Tsihombe', NULL, NULL, 'Fkt502', NULL, NULL, NULL, 'valide', 'active'),
('B-061', NULL, 'TOLISOAE', NULL, 'F', NULL, NULL, NULL, 514, '2016-02-11', 'Tsihombe', NULL, NULL, 'Fkt502', NULL, NULL, NULL, 'valide', 'active'),
('B-062', NULL, 'SOANDRO André', NULL, 'H', NULL, NULL, NULL, 510, '1978-08-16', 'Belotsiribihina', NULL, NULL, 'Fkt503', NULL, NULL, NULL, 'valide', 'active'),
('B-063', NULL, 'Alphonse', NULL, 'H', NULL, NULL, NULL, 510, '1978-08-19', 'Belotsiribihina', NULL, NULL, 'Fkt503', NULL, NULL, NULL, 'valide', 'active'),
('B-064', NULL, 'Bolee', NULL, 'F', NULL, NULL, NULL, 514, '1992-07-31', 'Tsihombe', NULL, NULL, 'Fkt503', NULL, NULL, NULL, 'valide', 'active'),
('B-065', NULL, 'Soalaza', NULL, 'H', NULL, NULL, NULL, 501, '1997-05-10', 'Toliara', NULL, NULL, 'Fkt503', NULL, NULL, NULL, 'valide', 'active'),
('B-066', NULL, 'Mananasy', NULL, 'H', NULL, NULL, NULL, 514, '1988-09-19', 'Tsihombe', NULL, NULL, 'Fkt503', NULL, NULL, NULL, 'valide', 'active'),
('B-067', NULL, 'Toliandro', NULL, 'H', NULL, NULL, NULL, 415, '2000-02-20', 'Mahajanga I', NULL, NULL, 'Fkt503', NULL, NULL, NULL, 'valide', 'active'),
('B-068', NULL, 'Iasmine', NULL, 'F', NULL, NULL, NULL, 514, '2008-08-01', 'Tsihombe', NULL, NULL, 'Fkt503', NULL, NULL, NULL, 'valide', 'active'),
('B-069', NULL, 'Fagnahisoa G.', NULL, 'F', NULL, NULL, NULL, 514, '2021-09-02', 'Tsihombe', NULL, NULL, 'Fkt503', NULL, NULL, NULL, 'valide', 'active'),
('B-070', NULL, 'Davelo', NULL, 'H', NULL, NULL, NULL, 514, '2013-08-08', 'Tsihombe', NULL, NULL, 'Fkt503', NULL, NULL, NULL, 'valide', 'active'),
('B-080', NULL, 'Kiviloe', NULL, 'F', NULL, NULL, NULL, 514, '1988-09-16', 'Tsihombe', NULL, NULL, 'Fkt503', NULL, NULL, NULL, 'valide', 'active'),
('B-081', NULL, 'Valesoa Jullette', NULL, 'F', NULL, NULL, NULL, 514, '2005-01-21', 'Tsihombe', NULL, NULL, 'Fkt503', NULL, NULL, NULL, 'valide', 'active'),
('B-082', NULL, 'Zoroteny', NULL, 'F', NULL, NULL, NULL, 514, '1988-10-07', 'Tsihombe', NULL, NULL, 'Fkt503', NULL, NULL, NULL, 'valide', 'active'),
('B-083', NULL, 'Vahinisoa Tsimijaly', NULL, 'F', NULL, NULL, NULL, 514, '2003-07-21', 'Tsihombe', NULL, NULL, 'Fkt503', NULL, NULL, NULL, 'valide', 'active'),
('B-084', NULL, 'Toedraza', NULL, 'H', NULL, NULL, NULL, 514, '2011-12-02', 'THB', NULL, NULL, 'Fkt503', NULL, NULL, NULL, 'valide', 'active'),
('B-085', NULL, 'Marthine', NULL, 'F', NULL, NULL, NULL, 501, '1990-04-26', 'Toliara', NULL, NULL, 'Fkt503', NULL, NULL, NULL, 'valide', 'active'),
('B-086', NULL, 'Lastiny', NULL, 'F', NULL, NULL, NULL, 514, '1988-06-11', 'Tsihombe', NULL, NULL, 'Fkt503', NULL, NULL, NULL, 'valide', 'active'),
('B-087', NULL, 'Valesoa Pauline', NULL, 'F', NULL, NULL, NULL, 501, '1991-08-28', 'Toliara', NULL, NULL, 'Fkt503', NULL, NULL, NULL, 'valide', 'active'),
('B-088', NULL, 'Falalantsoa Ellah', NULL, 'H', NULL, NULL, NULL, 514, '2011-07-20', 'Tsihombe', NULL, NULL, 'Fkt503', NULL, NULL, NULL, 'valide', 'active'),
('B-089', NULL, 'Davidine Elyse', NULL, 'F', NULL, NULL, NULL, NULL, NULL, NULL, NULL, NULL, 'Fkt505', NULL, NULL, NULL, 'valide', 'active'),
('B-090', NULL, 'Vilisoa', NULL, 'H', NULL, NULL, NULL, 514, '2001-01-17', 'Tsihombe', NULL, NULL, 'Fkt505', NULL, NULL, NULL, 'valide', 'active'),
('B-091', NULL, 'Volatolie', NULL, 'F', NULL, NULL, NULL, 514, '2020-05-25', 'Tsihombe', NULL, NULL, 'Fkt505', NULL, NULL, NULL, 'valide', 'active'),
('B-092', NULL, 'Soaraza Jeanine', NULL, 'F', NULL, NULL, NULL, 514, '2014-07-08', 'Tsihombe', NULL, NULL, 'Fkt505', NULL, NULL, NULL, 'valide', 'active'),
('B-093', NULL, 'Sorognavy', NULL, 'H', NULL, NULL, NULL, 514, '2021-10-18', 'Tsihombe', NULL, NULL, 'Fkt505', NULL, NULL, NULL, 'valide', 'active'),
('B-094', NULL, 'Volase', NULL, 'F', NULL, NULL, NULL, 514, '1988-06-10', 'Tsihombe', NULL, NULL, 'Fkt505', NULL, NULL, NULL, 'valide', 'active'),
('B-095', NULL, 'Hoazee', NULL, 'F', NULL, NULL, NULL, 514, '2021-04-29', 'Tsihombe', NULL, NULL, 'Fkt505', NULL, NULL, NULL, 'valide', 'active'),
('B-096', NULL, 'Lakamaree', NULL, 'F', NULL, NULL, NULL, 514, '1988-12-19', 'Tsihombe', NULL, NULL, 'Fkt505', NULL, NULL, NULL, 'valide', 'active'),
('B-097', NULL, 'BENOIT', NULL, 'H', NULL, NULL, NULL, 514, '1975-02-26', 'Tsihombe', NULL, NULL, 'Fkt493', NULL, NULL, NULL, 'valide', 'active'),
('B-098', NULL, 'HABILANDRO', 'Modeste', 'H', NULL, NULL, NULL, 514, '2010-10-08', 'Tsihombe', NULL, NULL, 'Fkt493', NULL, NULL, NULL, 'valide', 'active'),
('B-099', NULL, 'KITROANAFY', NULL, 'H', NULL, NULL, NULL, 514, '1983-09-29', 'Tsihombe', NULL, NULL, 'Fkt493', NULL, NULL, NULL, 'valide', 'active'),
('B-100', NULL, 'LAMBO', 'Miarentsoa', 'H', NULL, NULL, NULL, 514, '1988-06-01', 'Tsihombe', NULL, NULL, 'Fkt493', NULL, NULL, NULL, 'valide', 'active'),
('B-101', NULL, 'MAHATSADRAZA', NULL, 'H', NULL, NULL, NULL, 514, '1989-10-04', 'Tsihombe', NULL, NULL, 'Fkt493', NULL, NULL, NULL, 'valide', 'active'),
('B-102', NULL, 'MAHAVISOA', 'Zeffania', 'H', NULL, NULL, NULL, 514, '2011-11-27', 'Tsihombe', NULL, NULL, 'Fkt493', NULL, NULL, NULL, 'valide', 'active'),
('B-103', NULL, 'MANANAZY', NULL, 'H', NULL, NULL, NULL, 514, '1979-08-18', 'Tsihombe', NULL, NULL, 'Fkt493', NULL, NULL, NULL, 'valide', 'active'),
('B-104', NULL, 'MANJOVALA', 'Manjosoa', 'H', NULL, NULL, NULL, 501, '1996-08-02', 'Toliara', NULL, NULL, 'Fkt493', NULL, NULL, NULL, 'valide', 'active'),
('B-105', NULL, 'MIHAMAROAFARA', 'Magnatsara', 'H', NULL, NULL, NULL, 515, '2009-05-26', 'Fort-Dauphin', NULL, NULL, 'Fkt493', NULL, NULL, NULL, 'valide', 'active'),
('B-106', NULL, 'MONJABE', 'Manjarisoa', 'H', NULL, NULL, NULL, 501, '2016-09-29', 'Toliara', NULL, NULL, 'Fkt493', NULL, NULL, NULL, 'valide', 'active'),
('B-107', NULL, 'RAFANOMEZANTSOA', 'Manjoraza', 'H', NULL, NULL, NULL, 516, '1992-05-12', 'Ambovombe', NULL, NULL, 'Fkt493', NULL, NULL, NULL, 'valide', 'active'),
('B-108', NULL, 'RAFOTSY', NULL, 'F', NULL, NULL, NULL, 514, '1988-08-17', 'Tsihombe', NULL, NULL, 'Fkt493', NULL, NULL, NULL, 'valide', 'active'),
('B-109', NULL, 'RANOLATSAKY', NULL, 'F', NULL, NULL, NULL, 514, '1988-09-21', 'Tsihombe', NULL, NULL, 'Fkt493', NULL, NULL, NULL, 'valide', 'active'),
('B-110', NULL, 'RASOA Jeanine', NULL, 'F', NULL, NULL, NULL, 407, '2009-12-02', 'Namakia', NULL, NULL, 'Fkt493', NULL, NULL, NULL, 'valide', 'active'),
('B-111', NULL, 'REVOKARA', NULL, 'H', NULL, NULL, NULL, 514, '1982-09-07', 'Tsihombe', NULL, NULL, 'Fkt493', NULL, NULL, NULL, 'valide', 'active'),
('B-112', NULL, 'SAHIRANY Marie', 'Angèle', 'F', NULL, NULL, NULL, 514, '1988-07-16', 'Tsihombe', NULL, NULL, 'Fkt493', NULL, NULL, NULL, 'valide', 'active'),
('B-113', NULL, 'SAMBANDAHY', 'Gerard', 'H', NULL, NULL, NULL, 514, '2004-07-30', 'Tsihombe', NULL, NULL, 'Fkt493', NULL, NULL, NULL, 'valide', 'active'),
('B-114', NULL, 'SOANARAHE', NULL, 'F', NULL, NULL, NULL, 514, '1998-03-18', 'Tsihombe', NULL, NULL, 'Fkt493', NULL, NULL, NULL, 'valide', 'active'),
('B-115', NULL, 'AVITO', NULL, 'H', NULL, NULL, NULL, 514, '2010-05-14', 'Tsihombe', NULL, NULL, 'Fkt499', NULL, NULL, NULL, 'valide', 'active'),
('B-116', NULL, 'HERENTSOA', NULL, 'H', NULL, NULL, NULL, 514, '2012-03-05', 'Tsihombe', NULL, NULL, 'Fkt499', NULL, NULL, NULL, 'valide', 'active'),
('B-119', NULL, 'MAHATIA', NULL, 'H', NULL, NULL, NULL, 516, '1965-11-11', 'Ambovombe', NULL, NULL, 'Fkt499', NULL, NULL, NULL, 'valide', 'active'),
('B-120', NULL, 'MAMIE', NULL, 'F', NULL, NULL, NULL, 514, '1997-11-12', 'Tsihombe', NULL, NULL, 'Fkt499', NULL, NULL, NULL, 'valide', 'active'),
('B-121', NULL, 'MASIGNAVY', 'Emmanuel', 'H', NULL, NULL, NULL, 519, '1997-12-23', 'Amboasary', NULL, NULL, 'Fkt499', NULL, NULL, NULL, 'valide', 'active'),
('B-122', NULL, 'MIHA', NULL, 'H', NULL, NULL, NULL, 514, '1993-12-08', 'Tsihombe', NULL, NULL, 'Fkt499', NULL, NULL, NULL, 'valide', 'active'),
('B-123', NULL, 'MONJA', NULL, 'H', NULL, NULL, NULL, 514, NULL, NULL, NULL, NULL, 'Fkt499', NULL, NULL, NULL, 'valide', 'active'),
('B-124', NULL, 'ORISOA', NULL, 'H', NULL, NULL, NULL, 514, '2004-10-12', 'Tsihombe', NULL, NULL, 'Fkt499', NULL, NULL, NULL, 'valide', 'active'),
('B-125', NULL, 'RANDRIANJAFINAHATRATRA', NULL, 'H', NULL, NULL, NULL, 514, '2017-04-11', 'Tsihombe', NULL, NULL, 'Fkt499', NULL, NULL, NULL, 'valide', 'active'),
('B-126', NULL, 'RASOANIRINA', 'Tahirisoa', 'F', NULL, NULL, NULL, 514, '2003-08-12', 'Tsihombe', NULL, NULL, 'Fkt499', NULL, NULL, NULL, 'valide', 'active'),
('B-127', NULL, 'RAZANAJAFY', 'Mitasoa', 'F', NULL, NULL, NULL, 519, '1997-06-18', 'Marotsiraka', NULL, NULL, 'Fkt499', NULL, NULL, NULL, 'valide', 'active'),
('B-128', NULL, 'REFINIDY', 'Tolisoa', 'H', NULL, NULL, NULL, 514, '2002-03-15', 'Tsihombe', NULL, NULL, 'Fkt499', NULL, NULL, NULL, 'valide', 'active'),
('B-129', NULL, 'TAHIRINDRAINY', NULL, 'H', NULL, NULL, NULL, 514, '2013-12-02', 'Tsihombe', NULL, NULL, 'Fkt499', NULL, NULL, NULL, 'valide', 'active'),
('B-130', NULL, 'TIRIAZE', NULL, 'F', NULL, NULL, NULL, 401, '2007-11-29', 'Mahajanga', NULL, NULL, 'Fkt499', NULL, NULL, NULL, 'valide', 'active'),
('B-131', NULL, 'TONGOAMAREE', NULL, 'F', NULL, NULL, NULL, 514, '2018-02-26', 'Tsihombe', NULL, NULL, 'Fkt499', NULL, NULL, NULL, 'valide', 'active'),
('B-132', NULL, 'TSARASAOTRA', 'Arline', 'F', NULL, NULL, NULL, 514, '1992-04-22', 'Tsihombe', NULL, NULL, 'Fkt499', NULL, NULL, NULL, 'valide', 'active'),
('B-133', NULL, 'VAHOAVY', NULL, 'H', NULL, NULL, NULL, 514, '1983-07-06', 'Tsihombe', NULL, NULL, 'Fkt499', NULL, NULL, NULL, 'valide', 'active'),
('B-134', NULL, 'VOGNAROVA', NULL, 'F', NULL, NULL, NULL, 407, '1995-07-18', 'Mitsinjo', NULL, NULL, 'Fkt499', NULL, NULL, NULL, 'valide', 'active'),
('B-135', NULL, 'VONJEAZE', NULL, 'F', NULL, NULL, NULL, 514, '2009-08-22', 'Imongy', NULL, NULL, 'Fkt499', NULL, NULL, NULL, 'valide', 'active'),
('B-136', NULL, 'Vorisoa', NULL, 'H', NULL, NULL, NULL, 514, '2003-07-25', 'Tsihombe', NULL, NULL, 'Fkt503', NULL, NULL, NULL, 'valide', 'active');

-- --------------------------------------------------------

--
-- Structure de la table `benef_activ_bl`
--

DROP TABLE IF EXISTS `benef_activ_bl`;
CREATE TABLE IF NOT EXISTS `benef_activ_bl` (
  `code_benef_bl` varchar(100) CHARACTER SET utf8mb4 COLLATE utf8mb4_0900_ai_ci NOT NULL,
  `id_proj` varchar(100) CHARACTER SET utf8mb4 COLLATE utf8mb4_0900_ai_ci NOT NULL,
  `id_activ` int NOT NULL,
  `id_benef` varchar(50) CHARACTER SET utf8mb4 COLLATE utf8mb4_0900_ai_ci NOT NULL,
  `id_bloc` varchar(255) DEFAULT NULL,
  `code_achat` varchar(100) DEFAULT NULL,
  `id_collaborateur` varchar(255) NOT NULL,
  `status` varchar(50) NOT NULL DEFAULT 'active',
  PRIMARY KEY (`code_benef_bl`),
  KEY `benef_activ_bl_ibfk_1` (`id_activ`),
  KEY `id_benef` (`id_benef`),
  KEY `id_proj` (`id_proj`),
  KEY `id_bloc` (`id_bloc`),
  KEY `id_collaborateur` (`id_collaborateur`)
) ENGINE=InnoDB DEFAULT CHARSET=utf8mb4 COLLATE=utf8mb4_0900_ai_ci;

--
-- Déchargement des données de la table `benef_activ_bl`
--

INSERT INTO `benef_activ_bl` (`code_benef_bl`, `id_proj`, `id_activ`, `id_benef`, `id_bloc`, `code_achat`, `id_collaborateur`, `status`) VALUES
('BL_AFOTS_01', 'P03', 2, 'B-027', 'BL29', NULL, 'Col01', 'active'),
('BL_AFOTS_02', 'P03', 2, 'B-028', 'BL29', NULL, 'Col01', 'active'),
('BL_AFOTS_03', 'P03', 2, 'B-029', 'BL29', NULL, 'Col01', 'active'),
('BL_AFOTS_04', 'P03', 2, 'B-030', 'BL29', NULL, 'Col01', 'active'),
('BL_AFOTS_05', 'P03', 2, 'B-031', 'BL29', NULL, 'Col01', 'active'),
('BL_AFOTS_06', 'P03', 2, 'B-032', 'BL29', NULL, 'Col01', 'active'),
('BL_AFOTS_07', 'P03', 2, 'B-035', 'BL29', NULL, 'Col01', 'active'),
('BL_AMBVHS_01', 'P03', 2, 'B-037', 'BL30', NULL, 'Col02', 'active'),
('BL_AMBVHS_02', 'P03', 2, 'B-038', 'BL30', NULL, 'Col01', 'active'),
('BL_AMBVHS_03', 'P03', 2, 'B-039', 'BL30', NULL, 'Col01', 'active'),
('BL_AMBVHS_04', 'P03', 2, 'B-040', 'BL30', NULL, 'Col01', 'active'),
('BL_AMBVHS_05', 'P03', 2, 'B-041', 'BL30', NULL, 'Col01', 'active'),
('BL_AMBVHS_06', 'P03', 2, 'B-042', 'BL30', NULL, 'Col01', 'active'),
('BL_AMBVHS_07', 'P03', 2, 'B-043', 'BL30', NULL, 'Col01', 'active'),
('BL_AMBVHS_08', 'P03', 2, 'B-044', 'BL30', NULL, 'Col01', 'active'),
('BL_AMBVHS_09', 'P03', 2, 'B-045', 'BL30', NULL, 'Col02', 'active'),
('BL_AMBVHS_10', 'P03', 2, 'B-046', 'BL30', NULL, 'Col01', 'active'),
('BL_AMBVHS_106', 'P03', 2, 'B-052', 'BL30', NULL, 'Col01', 'active'),
('BL_AMBVHS_107', 'P03', 2, 'B-053', 'BL30', NULL, 'Col01', 'active'),
('BL_BEV_01', 'P03', 2, 'B-016', 'BL32', 'BEV_ACHAT', 'Col01', 'active'),
('BL_BEV_02', 'P03', 2, 'B-017', 'BL32', 'BEV_ACHAT', 'Col01', 'active'),
('BL_BEV_03', 'P03', 2, 'B-018', 'BL32', 'BEV_ACHAT', 'Col01', 'active'),
('BL_BEV_04', 'P03', 2, 'B-019', 'BL32', 'BEV_ACHAT', 'Col01', 'active'),
('BL_BEV_05', 'P03', 2, 'B-020', 'BL32', 'BEV_ACHAT', 'Col01', 'active'),
('BL_BEV_06', 'P03', 2, 'B-021', 'BL32', 'BEV_ACHAT', 'Col01', 'active'),
('BL_BEV_07', 'P03', 2, 'B-022', 'BL32', 'BEV_ACHAT', 'Col01', 'active'),
('BL_BEV_08', 'P03', 2, 'B-023', 'BL32', 'BEV_ACHAT', 'Col01', 'active'),
('BL_BEV_09', 'P03', 2, 'B-024', 'BL32', 'BEV_ACHAT', 'Col01', 'active'),
('BL_BEV_10', 'P03', 2, 'B-025', 'BL32', 'BEV_ACHAT', 'Col01', 'active'),
('BL_NAM_01', 'P03', 2, 'B-001', 'BL31', 'NAM_ACHAT', 'Col01', 'active'),
('BL_NAM_02', 'P03', 2, 'B-002', 'BL31', 'NAM_ACHAT', 'Col01', 'active'),
('BL_NAM_03', 'P03', 2, 'B-003', 'BL31', 'NAM_ACHAT', 'Col01', 'active'),
('BL_NAM_04', 'P03', 2, 'B-004', 'BL31', 'NAM_ACHAT', 'Col01', 'active'),
('BL_NAM_05', 'P03', 2, 'B-005', 'BL31', 'NAM_ACHAT', 'Col01', 'active'),
('BL_NAM_06', 'P03', 2, 'B-006', 'BL31', 'NAM_ACHAT', 'Col01', 'active'),
('BL_NAM_07', 'P03', 2, 'B-007', 'BL31', 'NAM_ACHAT', 'Col01', 'active'),
('BL_NAM_08', 'P03', 2, 'B-008', 'BL31', 'NAM_ACHAT', 'Col01', 'active'),
('BL_NAM_09', 'P03', 2, 'B-009', 'BL31', 'NAM_ACHAT', 'Col01', 'active'),
('BL_NAM_10', 'P03', 2, 'B-010', 'BL31', 'NAM_ACHAT', 'Col02', 'active'),
('BL_NAM_11', 'P03', 2, 'B-011', 'BL31', 'NAM_ACHAT', 'Col01', 'active'),
('BL_NAM_12', 'P03', 2, 'B-012', 'BL31', 'NAM_ACHAT', 'Col01', 'active'),
('BL_NAM_13', 'P03', 2, 'B-013', 'BL31', 'NAM_ACHAT', 'Col01', 'active');

-- --------------------------------------------------------

--
-- Structure de la table `benef_activ_pms`
--

DROP TABLE IF EXISTS `benef_activ_pms`;
CREATE TABLE IF NOT EXISTS `benef_activ_pms` (
  `code_benef_pms` varchar(100) NOT NULL,
  `code_achat` varchar(255) DEFAULT NULL,
  `id_proj` varchar(100) NOT NULL,
  `id_benef` varchar(50) NOT NULL,
  `id_activ` int NOT NULL,
  `id_association` varchar(255) NOT NULL,
  `id_collaborateur` varchar(255) NOT NULL,
  `status` varchar(50) NOT NULL DEFAULT 'active',
  PRIMARY KEY (`code_benef_pms`),
  KEY `id_association` (`id_association`),
  KEY `id_benef` (`id_benef`),
  KEY `id_proj` (`id_proj`),
  KEY `id_collaborateur` (`id_collaborateur`)
) ENGINE=InnoDB DEFAULT CHARSET=utf8mb4 COLLATE=utf8mb4_0900_ai_ci;

--
-- Déchargement des données de la table `benef_activ_pms`
--

INSERT INTO `benef_activ_pms` (`code_benef_pms`, `code_achat`, `id_proj`, `id_benef`, `id_activ`, `id_association`, `id_collaborateur`, `status`) VALUES
('B-52AVT-01', NULL, 'P03', 'B-062', 1, 'ASS052', 'Col07', 'active'),
('B-52AVT-02', NULL, 'P03', 'B-063', 1, 'ASS052', 'Col07', 'active'),
('B-52AVT-03', NULL, 'P03', 'B-064', 1, 'ASS052', 'Col07', 'active'),
('B-52AVT-04', NULL, 'P03', 'B-065', 1, 'ASS052', 'Col07', 'active'),
('B-52AVT-05', NULL, 'P03', 'B-066', 1, 'ASS052', 'Col07', 'active'),
('B-52AVT-06', NULL, 'P03', 'B-067', 1, 'ASS052', 'Col07', 'active'),
('B-52AVT-07', NULL, 'P03', 'B-068', 1, 'ASS052', 'Col07', 'active'),
('B-52AVT-08', NULL, 'P03', 'B-069', 1, 'ASS052', 'Col07', 'active'),
('B-52AVT-09', NULL, 'P03', 'B-070', 1, 'ASS052', 'Col07', 'active'),
('B-52AVT-10', NULL, 'P03', 'B-080', 1, 'ASS052', 'Col07', 'active'),
('B-52AVT-11', NULL, 'P03', 'B-081', 1, 'ASS052', 'Col07', 'active'),
('B-52AVT-12', NULL, 'P03', 'B-136', 1, 'ASS052', 'Col07', 'active'),
('B-52AVT-13', NULL, 'P03', 'B-082', 1, 'ASS052', 'Col07', 'active'),
('B-52AVT-14', NULL, 'P03', 'B-083', 1, 'ASS052', 'Col07', 'active'),
('B-52AVT-15', NULL, 'P03', 'B-084', 1, 'ASS052', 'Col07', 'active'),
('B-52AVT-16', NULL, 'P03', 'B-085', 1, 'ASS052', 'Col07', 'active'),
('B-52AVT-17', NULL, 'P03', 'B-086', 1, 'ASS052', 'Col07', 'active'),
('B-52AVT-18', NULL, 'P03', 'B-087', 1, 'ASS052', 'Col07', 'active'),
('B-52AVT-19', NULL, 'P03', 'B-088', 1, 'ASS052', 'Col07', 'active'),
('B-53FINK-01', 'PMSFINK-01', 'P03', 'B-089', 1, 'ASS053', 'Col07', 'active'),
('B-53FINK-02', 'PMSFINK02', 'P03', 'B-090', 1, 'ASS053', 'Col07', 'active'),
('B-53FINK-03', 'PMSFINK03', 'P03', 'B-091', 1, 'ASS053', 'Col07', 'active'),
('B-53FINK-04', 'PMSFINK04', 'P03', 'B-092', 1, 'ASS053', 'Col07', 'active'),
('B-53FINK-05', 'PMSFINK05', 'P03', 'B-093', 1, 'ASS053', 'Col07', 'active'),
('B-53FINK-06', 'B-PMSFINK06', 'P03', 'B-094', 1, 'ASS053', 'Col07', 'active'),
('B-53FINK-07', 'PMSFINK', 'P03', 'B-095', 1, 'ASS053', 'Col07', 'active'),
('B-53FINK-08', 'PMSFINK08', 'P03', 'B-096', 1, 'ASS053', 'Col07', 'active'),
('B-55TANP-01', NULL, 'P03', 'B-097', 1, 'ASS055', 'Col07', 'active'),
('B-55TANP-02', NULL, 'P03', 'B-098', 1, 'ASS055', 'Col07', 'active'),
('B-55TANP-03', NULL, 'P03', 'B-099', 1, 'ASS055', 'Col07', 'active'),
('B-55TANP-04', NULL, 'P03', 'B-100', 1, 'ASS055', 'Col07', 'active'),
('B-55TANP-05', NULL, 'P03', 'B-101', 1, 'ASS055', 'Col07', 'active'),
('B-55TANP-06', NULL, 'P03', 'B-102', 1, 'ASS055', 'Col07', 'active'),
('B-55TANP-07', NULL, 'P03', 'B-103', 1, 'ASS055', 'Col07', 'active'),
('B-55TANP-08', NULL, 'P03', 'B-104', 1, 'ASS055', 'Col07', 'active'),
('B-55TANP-09', NULL, 'P03', 'B-105', 1, 'ASS055', 'Col07', 'active'),
('B-55TANP-10', NULL, 'P03', 'B-106', 1, 'ASS055', 'Col07', 'active'),
('B-55TANP-11', NULL, 'P03', 'B-107', 1, 'ASS055', 'Col07', 'active'),
('B-55TANP-12', NULL, 'P03', 'B-108', 1, 'ASS055', 'Col07', 'active'),
('B-55TANP-13', NULL, 'P03', 'B-109', 1, 'ASS055', 'Col07', 'active'),
('B-55TANP-14', NULL, 'P03', 'B-110', 1, 'ASS055', 'Col07', 'active'),
('B-55TANP-15', NULL, 'P03', 'B-111', 1, 'ASS055', 'Col07', 'active'),
('B-55TANP-16', NULL, 'P03', 'B-112', 1, 'ASS055', 'Col07', 'active'),
('B-55TANP-17', NULL, 'P03', 'B-113', 1, 'ASS055', 'Col07', 'active'),
('B-55TANP-18', NULL, 'P03', 'B-114', 1, 'ASS055', 'Col07', 'active'),
('ZaiHGN01', NULL, 'P03', 'B-115', 1, 'ASS054', 'Col07', 'active'),
('ZaiHGN02', NULL, 'P03', 'B-116', 1, 'ASS054', 'Col07', 'active'),
('ZaiHGN03', NULL, 'P03', 'B-119', 1, 'ASS054', 'Col07', 'active'),
('ZaiHGN04', NULL, 'P03', 'B-120', 1, 'ASS054', 'Col07', 'active'),
('ZaiHGN05', NULL, 'P03', 'B-121', 1, 'ASS054', 'Col07', 'active'),
('ZaiHGN06', NULL, 'P03', 'B-122', 1, 'ASS054', 'Col07', 'active'),
('ZaiHGN07', NULL, 'P03', 'B-123', 1, 'ASS054', 'Col07', 'active'),
('ZaiHGN08', NULL, 'P03', 'B-124', 1, 'ASS054', 'Col07', 'active'),
('ZaiHGN09', NULL, 'P03', 'B-125', 1, 'ASS054', 'Col07', 'active'),
('ZaiHGN10', NULL, 'P03', 'B-126', 1, 'ASS054', 'Col07', 'active'),
('ZaiHGN11', NULL, 'P03', 'B-127', 1, 'ASS054', 'Col07', 'active'),
('ZaiHGN12', NULL, 'P03', 'B-128', 1, 'ASS054', 'Col07', 'active'),
('ZaiHGN13', NULL, 'P03', 'B-129', 1, 'ASS054', 'Col07', 'active'),
('ZaiHGN14', NULL, 'P03', 'B-130', 1, 'ASS054', 'Col07', 'active'),
('ZaiHGN15', NULL, 'P03', 'B-131', 1, 'ASS054', 'Col07', 'active'),
('ZaiHGN16', NULL, 'P03', 'B-132', 1, 'ASS054', 'Col07', 'active'),
('ZaiHGN17', NULL, 'P03', 'B-133', 1, 'ASS054', 'Col07', 'active'),
('ZaiHGN18', NULL, 'P03', 'B-134', 1, 'ASS054', 'Col07', 'active'),
('ZaiHGN19', NULL, 'P03', 'B-135', 1, 'ASS054', 'Col07', 'active');

-- --------------------------------------------------------

--
-- Structure de la table `benef_activ_pr`
--

DROP TABLE IF EXISTS `benef_activ_pr`;
CREATE TABLE IF NOT EXISTS `benef_activ_pr` (
  `code_pr` varchar(100) CHARACTER SET utf8mb4 COLLATE utf8mb4_0900_ai_ci NOT NULL,
  `id_proj` varchar(100) CHARACTER SET utf8mb4 COLLATE utf8mb4_0900_ai_ci NOT NULL,
  `id_activ` int NOT NULL,
  `id_benef` varchar(50) CHARACTER SET utf8mb4 COLLATE utf8mb4_0900_ai_ci DEFAULT NULL,
  `id_bloc` varchar(255) DEFAULT NULL,
  `code_achat` varchar(100) DEFAULT NULL,
  `id_collaborateur` varchar(255) NOT NULL,
  `id_tech` int DEFAULT NULL,
  `etat` varchar(50) NOT NULL DEFAULT 'validate',
  `status` varchar(50) NOT NULL DEFAULT 'active',
  PRIMARY KEY (`code_pr`),
  KEY `benef_activ_bl_ibfk_1` (`id_activ`),
  KEY `id_benef` (`id_benef`),
  KEY `id_proj` (`id_proj`),
  KEY `id_bloc` (`id_bloc`),
  KEY `id_collaborateur` (`id_collaborateur`),
  KEY `id_tech` (`id_tech`) USING BTREE
) ENGINE=InnoDB DEFAULT CHARSET=utf8mb4 COLLATE=utf8mb4_0900_ai_ci;

--
-- Déchargement des données de la table `benef_activ_pr`
--

INSERT INTO `benef_activ_pr` (`code_pr`, `id_proj`, `id_activ`, `id_benef`, `id_bloc`, `code_achat`, `id_collaborateur`, `id_tech`, `etat`, `status`) VALUES
('PR-11AFS3-01', 'P03', 3, 'B-001', 'BL31', 'NAM_ACHAT', 'Col04', 11, 'valide', 'active'),
('PR-11AFS3-02', 'P03', 3, 'B-002', 'BL31', 'NAM_ACHAT', 'Col04', 11, 'valide', 'active'),
('PR-11AFS3-03', 'P03', 3, 'B-014', NULL, 'NAM_ACHAT', 'Col04', 11, 'valide', 'active'),
('PR-11AFS3-04', 'P03', 3, 'B-015', NULL, 'NAM_ACHAT', 'Col04', 11, 'valide', 'active'),
('PR-11AFS3-05', 'P03', 3, 'B-005', 'BL31', 'NAM_ACHAT', 'Col04', 11, 'valide', 'active'),
('PR-11AFS3-06', 'P03', 3, 'B-016', 'BL32', 'BEV_ACHAT', 'Col04', 11, 'valide', 'active'),
('PR-11AFS3-07', 'P03', 3, 'B-017', 'BL32', 'BEV_ACHAT', 'Col04', 11, 'valide', 'active'),
('PR-11AFS3-08', 'P03', 3, 'B-018', 'BL32', 'BEV_ACHAT', 'Col04', 11, 'valide', 'active'),
('PR-11AFS3-09', 'P03', 3, 'B-024', NULL, 'BEV_ACHAT', 'Col04', 11, 'valide', 'active'),
('PR-11AFS3-10', 'P03', 3, 'B-026', NULL, 'BEV_ACHAT', 'Col04', 11, 'valide', 'active'),
('PR-8AFS3-01', 'P03', 3, 'B-046', NULL, NULL, 'Col04', 8, 'valide', 'active'),
('PR-8AFS3-02', 'P03', 3, 'B-047', NULL, NULL, 'Col04', 8, 'valide', 'active'),
('PR-8AFS3-03', 'P03', 3, 'B-050', NULL, NULL, 'Col04', 8, 'valide', 'active'),
('PR-8AFS3-04', 'P03', 3, 'B-049', 'BL30', NULL, 'Col04', 8, 'valide', 'active'),
('PR-8AFS3-05', 'P03', 3, 'B-048', 'BL30', NULL, 'Col04', 8, 'valide', 'active'),
('PR-8AFS3-06', 'P03', 3, 'B-033', 'BL29', NULL, 'Col04', 8, 'valide', 'active'),
('PR-8AFS3-07', 'P03', 3, 'B-034', 'BL29', NULL, 'Col04', 8, 'valide', 'active'),
('PR-8AFS3-08', 'P03', 3, 'B-036', NULL, NULL, 'Col04', 8, 'valide', 'active');

-- --------------------------------------------------------

--
-- Structure de la table `bloc`
--

DROP TABLE IF EXISTS `bloc`;
CREATE TABLE IF NOT EXISTS `bloc` (
  `ordre` int NOT NULL AUTO_INCREMENT,
  `code_bloc` varchar(255) NOT NULL,
  `nom` varchar(100) NOT NULL,
  `ancronyme` varchar(20) NOT NULL DEFAULT 'BL',
  `id_prjt` varchar(100) NOT NULL,
  `id_tech` int DEFAULT NULL,
  `status` varchar(100) NOT NULL DEFAULT 'active',
  PRIMARY KEY (`code_bloc`),
  UNIQUE KEY `ordre` (`ordre`),
  KEY `id_prjt` (`id_prjt`),
  KEY `id_tech` (`id_tech`)
) ENGINE=InnoDB AUTO_INCREMENT=33 DEFAULT CHARSET=utf8mb4 COLLATE=utf8mb4_0900_ai_ci;

--
-- Déchargement des données de la table `bloc`
--

INSERT INTO `bloc` (`ordre`, `code_bloc`, `nom`, `ancronyme`, `id_prjt`, `id_tech`, `status`) VALUES
(1, 'BL01', 'Ikotoala', 'BL', 'P02', 16, 'active'),
(2, 'BL02', 'Ambazoamazava', 'BL', 'P02', 16, 'active'),
(3, 'BL03', 'Ambanemantsake', 'BL', 'P02', 16, 'active'),
(4, 'BL04', 'Ambaninato-Belay', 'BL', 'P02', 16, 'active'),
(5, 'BL05', 'Erada centre', 'BL', 'P02', 16, 'active'),
(6, 'BL06', 'Habohabo nord', 'BL', 'P02', 16, 'active'),
(7, 'BL07', 'Evazoa', 'BL', 'P02', 16, 'active'),
(8, 'BL08', 'Antsotry', 'BL', 'P02', 16, 'active'),
(9, 'BL09', 'Ankiliromotse-Ambaromionjo', 'BL', 'P02', 16, 'active'),
(10, 'BL10', 'Bebea Sud', 'BL', 'P02', 16, 'active'),
(11, 'BL11', 'Andasary', 'BL', 'P02', 16, 'active'),
(12, 'BL12', 'Analavao haut', 'BL', 'P02', 16, 'active'),
(13, 'BL13', 'Analavao bas', 'BL', 'P02', 16, 'active'),
(14, 'BL14', 'Beratro II', 'BL', 'P02', 16, 'active'),
(15, 'BL15', 'Antsakoamamy-Angodogodo', 'BL', 'P02', 10, 'active'),
(16, 'BL16', 'Ekonka', 'BL', 'P02', 10, 'active'),
(17, 'BL17', 'Karoke Mahandrorano', 'BL', 'P02', 10, 'active'),
(18, 'BL18', 'Antsomontsoy', 'BL', 'P02', 10, 'active'),
(19, 'BL19', 'Betsimeda Ankilimilaly', 'BL', 'P02', 10, 'active'),
(20, 'BL20', 'Ebana', 'BL', 'P02', 10, 'active'),
(21, 'BL21', 'Zanavo sud', 'BL', 'P02', 10, 'active'),
(22, 'BL22', 'Erakoke', 'BL', 'P02', 10, 'active'),
(23, 'BL23', 'Faux Cap', 'BL', 'P05', 9, 'active'),
(24, 'BL24', 'Ambondro', 'BL', 'P05', 6, 'active'),
(25, 'BL25', 'Maroalomainty', 'BL', 'P05', 1, 'active'),
(26, 'BL26', 'Maroalopoty', 'BL', 'P05', 1, 'active'),
(27, 'BL27', 'Sampona', 'BL', 'P05', 7, 'active'),
(28, 'BL28', 'Soatsifa', 'BL', 'P05', 7, 'active'),
(29, 'BL29', 'Afotsifaly', 'AFOT', 'P03', 8, 'active'),
(30, 'BL30', 'Ambarovoahasy', 'AMB', 'P03', 8, 'active'),
(31, 'BL31', 'Namoia', 'NAM', 'P03', 11, 'active'),
(32, 'BL32', 'Bevazavo', 'BEV', 'P03', 11, 'active');

-- --------------------------------------------------------

--
-- Structure de la table `bloc_parce`
--

DROP TABLE IF EXISTS `bloc_parce`;
CREATE TABLE IF NOT EXISTS `bloc_parce` (
  `code_parce` varchar(255) CHARACTER SET utf8mb4 COLLATE utf8mb4_0900_ai_ci NOT NULL,
  `id_bloc` varchar(255) CHARACTER SET utf8mb4 COLLATE utf8mb4_0900_ai_ci NOT NULL,
  `id_benef` varchar(50) CHARACTER SET utf8mb4 COLLATE utf8mb4_0900_ai_ci NOT NULL,
  `ref_gps` varchar(255) CHARACTER SET utf8mb4 COLLATE utf8mb4_0900_ai_ci DEFAULT NULL,
  `lat` double DEFAULT NULL,
  `log` double DEFAULT NULL,
  `superficie` int DEFAULT NULL,
  `id_fkt` varchar(255) NOT NULL,
  `anne_adheran` year DEFAULT NULL,
  `status` varchar(100) NOT NULL DEFAULT 'active',
  PRIMARY KEY (`code_parce`),
  KEY `id_bloc` (`id_bloc`),
  KEY `id_benef` (`id_benef`),
  KEY `id_fkt` (`id_fkt`)
) ENGINE=InnoDB DEFAULT CHARSET=utf8mb4 COLLATE=utf8mb4_0900_ai_ci;

--
-- Déchargement des données de la table `bloc_parce`
--

INSERT INTO `bloc_parce` (`code_parce`, `id_bloc`, `id_benef`, `ref_gps`, `lat`, `log`, `superficie`, `id_fkt`, `anne_adheran`, `status`) VALUES
('AFOTS-01', 'BL29', 'B-033', NULL, -25.47525, 45.456985, 1808, 'Fkt494', NULL, 'active'),
('AFOTS-02', 'BL29', 'B-035', NULL, -25.7582, 45.12456, 3476, 'Fkt494', NULL, 'active'),
('AFOTS-03', 'BL29', 'B-027', NULL, -25.47525, 45.15678, 3694, 'Fkt494', NULL, 'active'),
('AFOTS-04', 'BL29', 'B-028', NULL, -25.7582, 45.12456, 6875, 'Fkt494', NULL, 'active'),
('AFOTS-05', 'BL29', 'B-029', NULL, -25, 45, 6001, 'Fkt494', NULL, 'active'),
('AFOTS-06', 'BL29', 'B-030', NULL, -25.45622, 45.35658, 3064, 'Fkt494', NULL, 'active'),
('AFOTS-07', 'BL29', 'B-032', NULL, -25.456872, 45.123472, 3476, 'Fkt494', NULL, 'active'),
('AFOTS-08', 'BL29', 'B-031', NULL, -25.47525, 45.15678, 1808, 'Fkt494', NULL, 'active'),
('AMB-01', 'BL30', 'B-037', NULL, NULL, NULL, 5000, 'Fkt499', NULL, 'active'),
('AMB-02', 'BL30', 'B-038', NULL, -25.64512, 45.12345, 2300, 'Fkt499', NULL, 'active'),
('AMB-03', 'BL30', 'B-039', NULL, -25.47821, 45.32758, 3200, 'Fkt499', NULL, 'active'),
('AMB-04', 'BL30', 'B-040', NULL, -25, 45, 5000, 'Fkt499', NULL, 'active'),
('AMB-05', 'BL30', 'B-041', NULL, -25, 45, 2000, 'Fkt499', NULL, 'active'),
('AMB-06', 'BL30', 'B-042', NULL, -25.47821, 45.12356, 3000, 'Fkt499', NULL, 'active'),
('AMB-07', 'BL30', 'B-043', NULL, -25, 45, 1800, 'Fkt499', NULL, 'active'),
('AMB-08', 'BL30', 'B-044', NULL, -25, 45, 3600, 'Fkt499', NULL, 'active'),
('AMB-09', 'BL30', 'B-045', NULL, 0, 0, 5000, 'Fkt499', NULL, 'active'),
('AMB-10', 'BL30', 'B-046', NULL, -25.85265, 45.65824, 3000, 'Fkt499', NULL, 'active'),
('AMB-11', 'BL30', 'B-051', NULL, -25.75824, 45.12345, 10000, 'Fkt499', NULL, 'active'),
('AMB-12', 'BL30', 'B-051', NULL, -25.47821, 45.32758, 6200, 'Fkt499', NULL, 'active'),
('AMB-13', 'BL30', 'B-051', NULL, -25.64582, 45.72315, 4000, 'Fkt499', NULL, 'active'),
('BEV-01', 'BL32', 'B-016', NULL, -25, 45, 7600, 'Fkt512', NULL, 'active'),
('BEV-02', 'BL32', 'B-017', NULL, -25.64512, 45.12345, 8600, 'Fkt512', NULL, 'active'),
('BEV-03', 'BL32', 'B-017', NULL, -25.47821, 45.32758, 3200, 'Fkt512', NULL, 'active'),
('BEV-04', 'BL32', 'B-018', NULL, -25.64582, 45.72315, 4600, 'Fkt512', NULL, 'active'),
('BEV-05', 'BL32', 'B-019', NULL, -25.1235, 45.1232, 8500, 'Fkt512', NULL, 'active'),
('BEV-06', 'BL32', 'B-020', NULL, -25.456872, 45.123472, 7600, 'Fkt512', NULL, 'active'),
('BEV-07', 'BL32', 'B-021', NULL, -25.85265, 45.15678, 7800, 'Fkt512', NULL, 'active'),
('BEV-08', 'BL32', 'B-022', NULL, -25.64512, 45.12345, 6400, 'Fkt512', NULL, 'active'),
('BEV-09', 'BL32', 'B-025', NULL, -25.47821, 45.32758, 11600, 'Fkt511', NULL, 'active'),
('NAM-01', 'BL31', 'B-001', NULL, -25.85265, 45.15678, 6782, 'Fkt506', NULL, 'active'),
('NAM-02', 'BL31', 'B-001', NULL, -25.64512, 45.12456, 4262, 'Fkt506', NULL, 'active'),
('NAM-03', 'BL31', 'B-002', NULL, -25.47821, 45.32758, 3100, 'Fkt506', NULL, 'active'),
('NAM-04', 'BL31', 'B-002', NULL, -25.64582, 45.72315, 21500, 'Fkt506', NULL, 'active'),
('NAM-05', 'BL31', 'B-002', NULL, -25.85236, 45.32465, 8706, 'Fkt506', NULL, 'active'),
('NAM-06', 'BL31', 'B-003', NULL, -25.78945, 45.54987, 2500, 'Fkt506', NULL, 'active'),
('NAM-07', 'BL31', 'B-003', NULL, -25.12345, 45.96325, 4487, 'Fkt506', NULL, 'active'),
('NAM-08', 'BL31', 'B-004', NULL, -25.74125, 45.52147, 4183, 'Fkt506', NULL, 'active'),
('NAM-09', 'BL31', 'B-004', NULL, -25.12345, 45.45123, 4262, 'Fkt506', NULL, 'active'),
('NAM-10', 'BL31', 'B-004', NULL, -25.96542, 45.98752, 5146, 'Fkt506', NULL, 'active'),
('NAM-11', 'BL31', 'B-005', NULL, -25.47525, 45.65824, 6171, 'Fkt506', NULL, 'active'),
('NAM-12', 'BL31', 'B-007', NULL, -25.47821, 45.12356, 4325, 'Fkt506', NULL, 'active'),
('NAM-13', 'BL31', 'B-007', NULL, -25.78526, 45.87456, 14620, 'Fkt506', NULL, 'active'),
('NAM-14', 'BL31', 'B-008', NULL, -25.1235, 45.1232, 4529, 'Fkt506', NULL, 'active'),
('NAM-15', 'BL31', 'B-006', NULL, -25.78529, 45.74125, 4370, 'Fkt506', NULL, 'active'),
('NAM-16', 'BL31', 'B-008', NULL, -25.47525, 45.15678, 5956, 'Fkt506', NULL, 'active'),
('NAM-17', 'BL31', 'B-008', NULL, -25.64512, 45.12456, 5115, 'Fkt506', NULL, 'active'),
('NAM-18', 'BL31', 'B-009', NULL, -25.85226, 45.34569, 14719, 'Fkt506', NULL, 'active'),
('NAM-19', 'BL31', 'B-010', NULL, NULL, NULL, 5000, 'Fkt506', NULL, 'active'),
('NAM-20', 'BL31', 'B-011', NULL, -25.12355, 45.1232, 1800, 'Fkt506', NULL, 'active'),
('NAM-21', 'BL31', 'B-011', NULL, -25.47525, 45.65824, 4800, 'Fkt506', NULL, 'active'),
('NAM-22', 'BL31', 'B-012', NULL, -25.64512, 45.12345, 3935, 'Fkt506', NULL, 'active'),
('NAM-23', 'BL31', 'B-013', NULL, -25.85226, 45.12356, 4800, 'Fkt506', NULL, 'active');

-- --------------------------------------------------------

--
-- Structure de la table `bloc_zone`
--

DROP TABLE IF EXISTS `bloc_zone`;
CREATE TABLE IF NOT EXISTS `bloc_zone` (
  `code` int NOT NULL AUTO_INCREMENT,
  `id_bloc` varchar(255) NOT NULL,
  `id_fkt` varchar(255) NOT NULL,
  `id_km` varchar(100) CHARACTER SET utf8mb4 COLLATE utf8mb4_0900_ai_ci DEFAULT NULL,
  PRIMARY KEY (`code`),
  KEY `id_km` (`id_km`),
  KEY `bloc_zone_ibfk_4` (`id_fkt`),
  KEY `id_bloc` (`id_bloc`)
) ENGINE=InnoDB AUTO_INCREMENT=284 DEFAULT CHARSET=utf8mb4 COLLATE=utf8mb4_0900_ai_ci;

--
-- Déchargement des données de la table `bloc_zone`
--

INSERT INTO `bloc_zone` (`code`, `id_bloc`, `id_fkt`, `id_km`) VALUES
(1, 'BL01', 'Fkt066', NULL),
(2, 'BL01', 'Fkt067', NULL),
(3, 'BL01', 'Fkt068', NULL),
(4, 'BL01', 'Fkt069', NULL),
(5, 'BL01', 'Fkt032', NULL),
(6, 'BL01', 'Fkt057', NULL),
(7, 'BL02', 'Fkt033', NULL),
(8, 'BL02', 'Fkt053', NULL),
(9, 'BL02', 'Fkt062', NULL),
(10, 'BL02', 'Fkt034', NULL),
(11, 'BL02', 'Fkt040', NULL),
(12, 'BL02', 'Fkt041', NULL),
(13, 'BL02', 'Fkt074', NULL),
(14, 'BL02', 'Fkt055', NULL),
(15, 'BL02', 'Fkt035', NULL),
(16, 'BL02', 'Fkt063', NULL),
(17, 'BL02', 'Fkt048', NULL),
(18, 'BL02', 'Fkt076', NULL),
(19, 'BL02', 'Fkt075', NULL),
(20, 'BL02', 'Fkt050', NULL),
(21, 'BL02', 'Fkt535', NULL),
(22, 'BL03', 'Fkt056', NULL),
(23, 'BL03', 'Fkt039', NULL),
(24, 'BL03', 'Fkt081', NULL),
(25, 'BL03', 'Fkt083', NULL),
(26, 'BL03', 'Fkt071', NULL),
(27, 'BL03', 'Fkt080', NULL),
(28, 'BL04', 'Fkt143', NULL),
(29, 'BL04', 'Fkt263', NULL),
(30, 'BL04', 'Fkt270', NULL),
(31, 'BL04', 'Fkt246', NULL),
(32, 'BL04', 'Fkt244', NULL),
(33, 'BL04', 'Fkt248', NULL),
(34, 'BL04', 'Fkt247', NULL),
(35, 'BL04', 'Fkt536', NULL),
(36, 'BL04', 'Fkt144', NULL),
(37, 'BL04', 'Fkt277', NULL),
(38, 'BL04', 'Fkt538', NULL),
(39, 'BL05', 'Fkt262', NULL),
(40, 'BL05', 'Fkt265', NULL),
(41, 'BL05', 'Fkt264', NULL),
(42, 'BL05', 'Fkt261', NULL),
(43, 'BL05', 'Fkt269', NULL),
(44, 'BL05', 'Fkt275', NULL),
(45, 'BL06', 'Fkt269', NULL),
(46, 'BL06', 'Fkt270', NULL),
(47, 'BL06', 'Fkt271', NULL),
(48, 'BL06', 'Fkt261', NULL),
(49, 'BL06', 'Fkt262', NULL),
(50, 'BL06', 'Fkt272', NULL),
(51, 'BL07', 'Fkt171', NULL),
(52, 'BL07', 'Fkt137', NULL),
(53, 'BL07', 'Fkt556', NULL),
(54, 'BL07', 'Fkt169', NULL),
(55, 'BL08', 'Fkt134', NULL),
(56, 'BL08', 'Fkt124', NULL),
(57, 'BL08', 'Fkt557', NULL),
(58, 'BL08', 'Fkt172', NULL),
(59, 'BL08', 'Fkt137', NULL),
(60, 'BL09', 'Fkt119', NULL),
(61, 'BL09', 'Fkt132', NULL),
(62, 'BL09', 'Fkt133', NULL),
(63, 'BL09', 'Fkt142', NULL),
(64, 'BL09', 'Fkt539', NULL),
(65, 'BL09', 'Fkt540', NULL),
(66, 'BL10', 'Fkt124', NULL),
(67, 'BL10', 'Fkt142', NULL),
(68, 'BL10', 'Fkt141', NULL),
(69, 'BL11', 'Fkt122', NULL),
(70, 'BL11', 'Fkt160', NULL),
(71, 'BL11', 'Fkt146', NULL),
(72, 'BL11', 'Fkt541', NULL),
(73, 'BL11', 'Fkt138', NULL),
(74, 'BL11', 'Fkt123', NULL),
(75, 'BL11', 'Fkt542', NULL),
(76, 'BL12', 'Fkt108', NULL),
(77, 'BL12', 'Fkt091', NULL),
(78, 'BL12', 'Fkt093', NULL),
(79, 'BL12', 'Fkt109', NULL),
(80, 'BL12', 'Fkt110', NULL),
(81, 'BL12', 'Fkt112', NULL),
(82, 'BL12', 'Fkt269', NULL),
(83, 'BL12', 'Fkt553', NULL),
(84, 'BL12', 'Fkt554', NULL),
(85, 'BL12', 'Fkt555', NULL),
(86, 'BL12', 'Fkt271', NULL),
(87, 'BL12', 'Fkt117', NULL),
(88, 'BL13', 'Fkt089', NULL),
(89, 'BL13', 'Fkt091', NULL),
(90, 'BL13', 'Fkt093', NULL),
(91, 'BL13', 'Fkt109', NULL),
(92, 'BL13', 'Fkt117', NULL),
(93, 'BL13', 'Fkt107', NULL),
(94, 'BL13', 'Fkt108', NULL),
(95, 'BL14', 'Fkt105', NULL),
(96, 'BL14', 'Fkt107', NULL),
(97, 'BL15', 'Fkt018', NULL),
(98, 'BL15', 'Fkt020', NULL),
(99, 'BL15', 'Fkt015', NULL),
(100, 'BL15', 'Fkt463', NULL),
(101, 'BL15', 'Fkt464', NULL),
(102, 'BL15', 'Fkt022', NULL),
(103, 'BL15', 'Fkt019', NULL),
(104, 'BL15', 'Fkt031', NULL),
(105, 'BL15', 'Fkt485', NULL),
(106, 'BL15', 'Fkt543', NULL),
(107, 'BL16', 'Fkt174', NULL),
(108, 'BL16', 'Fkt239', NULL),
(109, 'BL16', 'Fkt235', NULL),
(110, 'BL16', 'Fkt213', NULL),
(111, 'BL16', 'Fkt214', NULL),
(112, 'BL16', 'Fkt215', NULL),
(113, 'BL16', 'Fkt208', NULL),
(114, 'BL16', 'Fkt544', NULL),
(115, 'BL17', 'Fkt468', NULL),
(116, 'BL17', 'Fkt460', NULL),
(117, 'BL17', 'Fkt250', NULL),
(118, 'BL17', 'Fkt473', NULL),
(119, 'BL17', 'Fkt474', NULL),
(120, 'BL17', 'Fkt470', NULL),
(121, 'BL17', 'Fkt478', NULL),
(122, 'BL17', 'Fkt479', NULL),
(123, 'BL17', 'Fkt477', NULL),
(124, 'BL17', 'Fkt278', NULL),
(125, 'BL17', 'Fkt252', NULL),
(126, 'BL17', 'Fkt253', NULL),
(127, 'BL17', 'Fkt459', NULL),
(128, 'BL17', 'Fkt486', NULL),
(129, 'BL17', 'Fkt472', NULL),
(130, 'BL17', 'Fkt480', NULL),
(131, 'BL17', 'Fkt481', NULL),
(132, 'BL17', 'Fkt482', NULL),
(133, 'BL17', 'Fkt475', NULL),
(134, 'BL17', 'Fkt467', NULL),
(135, 'BL17', 'Fkt469', NULL),
(136, 'BL17', 'Fkt466', NULL),
(137, 'BL18', 'Fkt375', NULL),
(138, 'BL18', 'Fkt296', NULL),
(139, 'BL18', 'Fkt356', NULL),
(140, 'BL18', 'Fkt545', NULL),
(141, 'BL18', 'Fkt399', NULL),
(142, 'BL18', 'Fkt401', NULL),
(143, 'BL18', 'Fkt546', NULL),
(144, 'BL18', 'Fkt547', NULL),
(145, 'BL18', 'Fkt349', NULL),
(146, 'BL18', 'Fkt348', NULL),
(147, 'BL18', 'Fkt450', NULL),
(148, 'BL18', 'Fkt548', NULL),
(149, 'BL18', 'Fkt549', NULL),
(150, 'BL18', 'Fkt552', NULL),
(151, 'BL18', 'Fkt550', NULL),
(152, 'BL18', 'Fkt551', NULL),
(153, 'BL19', 'Fkt559', NULL),
(154, 'BL19', 'Fkt325', NULL),
(155, 'BL19', 'Fkt327', NULL),
(156, 'BL20', 'Fkt187', NULL),
(157, 'BL20', 'Fkt558', NULL),
(158, 'BL20', 'Fkt179', NULL),
(159, 'BL20', 'Fkt182', NULL),
(160, 'BL20', 'Fkt211', NULL),
(161, 'BL20', 'Fkt560', NULL),
(162, 'BL21', 'Fkt347', NULL),
(163, 'BL21', 'Fkt353', NULL),
(164, 'BL21', 'Fkt403', NULL),
(165, 'BL22', 'Fkt562', NULL),
(166, 'BL22', 'Fkt563', NULL),
(167, 'BL22', 'Fkt281', NULL),
(168, 'BL22', 'Fkt282', NULL),
(169, 'BL22', 'Fkt379', NULL),
(170, 'BL22', 'Fkt380', NULL),
(171, 'BL22', 'Fkt307', NULL),
(172, 'BL22', 'Fkt316', NULL),
(173, 'BL22', 'Fkt564', NULL),
(174, 'BL22', 'Fkt565', NULL),
(175, 'BL22', 'Fkt396', NULL),
(176, 'BL22', 'Fkt279', NULL),
(177, 'BL22', 'Fkt333', NULL),
(178, 'BL22', 'Fkt346', NULL),
(179, 'BL22', 'Fkt428', NULL),
(180, 'BL22', 'Fkt348', NULL),
(181, 'BL22', 'Fkt566', NULL),
(182, 'BL22', 'Fkt567', NULL),
(183, 'BL22', 'Fkt549', NULL),
(184, 'BL23', 'Fkt568', NULL),
(185, 'BL23', 'Fkt569', NULL),
(186, 'BL23', 'Fkt570', NULL),
(187, 'BL23', 'Fkt571', NULL),
(188, 'BL24', 'Fkt131', NULL),
(189, 'BL24', 'Fkt129', NULL),
(190, 'BL24', 'Fkt162', NULL),
(191, 'BL25', 'Fkt371', NULL),
(192, 'BL25', 'Fkt281', NULL),
(193, 'BL25', 'Fkt280', NULL),
(194, 'BL25', 'Fkt374', NULL),
(195, 'BL25', 'Fkt452', NULL),
(196, 'BL25', 'Fkt453', NULL),
(197, 'BL25', 'Fkt282', NULL),
(198, 'BL25', 'Fkt315', NULL),
(199, 'BL25', 'Fkt288', NULL),
(200, 'BL25', 'Fkt295', NULL),
(201, 'BL25', 'Fkt291', NULL),
(202, 'BL25', 'Fkt292', NULL),
(203, 'BL25', 'Fkt298', NULL),
(204, 'BL25', 'Fkt309', NULL),
(205, 'BL25', 'Fkt333', NULL),
(206, 'BL25', 'Fkt451', NULL),
(207, 'BL25', 'Fkt395', NULL),
(208, 'BL25', 'Fkt396', NULL),
(209, 'BL25', 'Fkt283', NULL),
(210, 'BL25', 'Fkt326', NULL),
(211, 'BL25', 'Fkt325', NULL),
(212, 'BL25', 'Fkt327', NULL),
(213, 'BL25', 'Fkt546', NULL),
(214, 'BL25', 'Fkt331', NULL),
(215, 'BL25', 'Fkt330', NULL),
(216, 'BL25', 'Fkt301', NULL),
(217, 'BL25', 'Fkt338', NULL),
(218, 'BL25', 'Fkt339', NULL),
(219, 'BL25', 'Fkt344', NULL),
(220, 'BL25', 'Fkt363', NULL),
(221, 'BL25', 'Fkt362', NULL),
(222, 'BL25', 'Fkt352', NULL),
(223, 'BL25', 'Fkt428', NULL),
(224, 'BL26', 'Fkt376', NULL),
(225, 'BL26', 'Fkt355', NULL),
(226, 'BL26', 'Fkt368', NULL),
(227, 'BL26', 'Fkt365', NULL),
(228, 'BL26', 'Fkt366', NULL),
(229, 'BL26', 'Fkt372', NULL),
(230, 'BL26', 'Fkt381', NULL),
(231, 'BL26', 'Fkt414', NULL),
(232, 'BL26', 'Fkt359', NULL),
(233, 'BL26', 'Fkt409', NULL),
(234, 'BL26', 'Fkt410', NULL),
(235, 'BL26', 'Fkt411', NULL),
(236, 'BL26', 'Fkt412', NULL),
(237, 'BL26', 'Fkt360', NULL),
(238, 'BL26', 'Fkt408', NULL),
(239, 'BL26', 'Fkt361', NULL),
(240, 'BL26', 'Fkt439', NULL),
(241, 'BL26', 'Fkt364', NULL),
(242, 'BL26', 'Fkt441', NULL),
(243, 'BL26', 'Fkt446', NULL),
(244, 'BL27', 'Fkt572', NULL),
(245, 'BL27', 'Fkt573', NULL),
(246, 'BL27', 'Fkt574', NULL),
(247, 'BL27', 'Fkt575', NULL),
(248, 'BL27', 'Fkt576', NULL),
(249, 'BL27', 'Fkt577', NULL),
(250, 'BL27', 'Fkt578', NULL),
(251, 'BL27', 'Fkt579', NULL),
(252, 'BL27', 'Fkt580', NULL),
(253, 'BL27', 'Fkt581', NULL),
(254, 'BL27', 'Fkt582', NULL),
(255, 'BL27', 'Fkt583', NULL),
(256, 'BL27', 'Fkt584', NULL),
(257, 'BL28', 'Fkt367', NULL),
(258, 'BL28', 'Fkt383', NULL),
(259, 'BL28', 'Fkt390', NULL),
(260, 'BL28', 'Fkt420', NULL),
(261, 'BL28', 'Fkt439', NULL),
(262, 'BL28', 'Fkt430', NULL),
(263, 'BL28', 'Fkt431', NULL),
(264, 'BL28', 'Fkt432', NULL),
(265, 'BL28', 'Fkt433', NULL),
(266, 'BL28', 'Fkt434', NULL),
(267, 'BL28', 'Fkt435', NULL),
(268, 'BL29', 'Fkt494', NULL),
(269, 'BL29', 'Fkt495', NULL),
(270, 'BL29', 'Fkt496', NULL),
(271, 'BL29', 'Fkt497', NULL),
(272, 'BL29', 'Fkt498', NULL),
(273, 'BL30', 'Fkt502', NULL),
(274, 'BL30', 'Fkt501', NULL),
(275, 'BL30', 'Fkt499', NULL),
(276, 'BL31', 'Fkt506', NULL),
(277, 'BL32', 'Fkt508', NULL),
(278, 'BL32', 'Fkt509', NULL),
(279, 'BL32', 'Fkt510', NULL),
(280, 'BL32', 'Fkt511', NULL),
(281, 'BL32', 'Fkt512', NULL),
(282, 'BL32', 'Fkt513', NULL),
(283, 'BL32', 'Fkt514', NULL);

-- --------------------------------------------------------

--
-- Structure de la table `categorie_espece`
--

DROP TABLE IF EXISTS `categorie_espece`;
CREATE TABLE IF NOT EXISTS `categorie_espece` (
  `code_cat` int NOT NULL AUTO_INCREMENT,
  `libelle` varchar(100) NOT NULL,
  PRIMARY KEY (`code_cat`)
) ENGINE=InnoDB AUTO_INCREMENT=4 DEFAULT CHARSET=utf8mb4 COLLATE=utf8mb4_0900_ai_ci;

--
-- Déchargement des données de la table `categorie_espece`
--

INSERT INTO `categorie_espece` (`code_cat`, `libelle`) VALUES
(1, 'semences en grains'),
(2, 'jeunes plants'),
(3, 'materiels vegetaux');

-- --------------------------------------------------------

--
-- Structure de la table `cep_parce`
--

DROP TABLE IF EXISTS `cep_parce`;
CREATE TABLE IF NOT EXISTS `cep_parce` (
  `code_parce` varchar(255) CHARACTER SET utf8mb4 COLLATE utf8mb4_0900_ai_ci NOT NULL,
  `id_bloc` varchar(255) DEFAULT NULL,
  `id_benef` varchar(50) CHARACTER SET utf8mb4 COLLATE utf8mb4_0900_ai_ci NOT NULL,
  `ref_gps` varchar(255) CHARACTER SET utf8mb4 COLLATE utf8mb4_0900_ai_ci DEFAULT NULL,
  `lat` double DEFAULT NULL,
  `log` double DEFAULT NULL,
  `superficie` int DEFAULT NULL,
  `id_commune` varchar(255) CHARACTER SET utf8mb4 COLLATE utf8mb4_0900_ai_ci DEFAULT NULL COMMENT 'si autres fokontany(village)',
  `id_fkt` varchar(255) CHARACTER SET utf8mb4 COLLATE utf8mb4_0900_ai_ci DEFAULT NULL,
  `village` varchar(100) CHARACTER SET utf8mb4 COLLATE utf8mb4_0900_ai_ci DEFAULT NULL,
  `anne_adheran` year DEFAULT NULL,
  `dt_creation` date DEFAULT NULL,
  `etat` varchar(50) NOT NULL DEFAULT 'validate',
  `status` varchar(100) NOT NULL DEFAULT 'active',
  PRIMARY KEY (`code_parce`),
  KEY `id_benef` (`id_benef`),
  KEY `id_fkt` (`id_fkt`),
  KEY `id_commune` (`id_commune`),
  KEY `id_bloc` (`id_bloc`)
) ENGINE=InnoDB DEFAULT CHARSET=utf8mb4 COLLATE=utf8mb4_0900_ai_ci;

--
-- Déchargement des données de la table `cep_parce`
--

INSERT INTO `cep_parce` (`code_parce`, `id_bloc`, `id_benef`, `ref_gps`, `lat`, `log`, `superficie`, `id_commune`, `id_fkt`, `village`, `anne_adheran`, `dt_creation`, `etat`, `status`) VALUES
('CEP-11AFS3-01', NULL, 'B-002', NULL, -25.47525, 45.72654, 4500, 'C63', NULL, 'Village-soamandroso', NULL, '2022-07-02', 'valide', 'active'),
('CEP-11AFS3-02', NULL, 'B-005', NULL, -25.47525, 45.72654, 4500, NULL, 'Fkt495', NULL, NULL, '2022-07-02', 'valide', 'active');

-- --------------------------------------------------------

--
-- Structure de la table `collaborateur`
--

DROP TABLE IF EXISTS `collaborateur`;
CREATE TABLE IF NOT EXISTS `collaborateur` (
  `code_col` varchar(255) NOT NULL,
  `nom` varchar(100) NOT NULL,
  `description` varchar(100) DEFAULT NULL,
  `ancronyme` varchar(20) DEFAULT NULL,
  PRIMARY KEY (`code_col`)
) ENGINE=InnoDB DEFAULT CHARSET=utf8mb4 COLLATE=utf8mb4_0900_ai_ci;

--
-- Déchargement des données de la table `collaborateur`
--

INSERT INTO `collaborateur` (`code_col`, `nom`, `description`, `ancronyme`) VALUES
('Col01', 'beneficiaire', 'bénéficiaire bloc', NULL),
('Col02', 'KM', 'Komity mpitarike', 'KM'),
('Col03', 'BI', 'Responsable boutique Intrant', NULL),
('Col04', 'PR', 'Paysan Relais', 'PR'),
('Col05', 'ATP', 'Mpitsabo voly', NULL),
('Col06', 'PA', 'Président association', NULL),
('Col07', 'PMS', 'Paysan Multiplicateur des semences', 'PMS');

-- --------------------------------------------------------

--
-- Structure de la table `collaborateur_activ`
--

DROP TABLE IF EXISTS `collaborateur_activ`;
CREATE TABLE IF NOT EXISTS `collaborateur_activ` (
  `code` int NOT NULL AUTO_INCREMENT,
  `id_col` varchar(255) NOT NULL,
  `id_activ` int NOT NULL,
  PRIMARY KEY (`code`),
  KEY `id_activ` (`id_activ`),
  KEY `id_col` (`id_col`)
) ENGINE=InnoDB AUTO_INCREMENT=7 DEFAULT CHARSET=utf8mb4 COLLATE=utf8mb4_0900_ai_ci;

--
-- Déchargement des données de la table `collaborateur_activ`
--

INSERT INTO `collaborateur_activ` (`code`, `id_col`, `id_activ`) VALUES
(1, 'Col01', 2),
(2, 'Col02', 2),
(3, 'Col04', 2),
(4, 'Col06', 1),
(5, 'Col07', 1),
(6, 'Col03', 4);

-- --------------------------------------------------------

--
-- Structure de la table `critere`
--

DROP TABLE IF EXISTS `critere`;
CREATE TABLE IF NOT EXISTS `critere` (
  `code_critere` int NOT NULL AUTO_INCREMENT,
  `libelle` varchar(100) NOT NULL,
  `description` varchar(200) NOT NULL,
  PRIMARY KEY (`code_critere`)
) ENGINE=InnoDB DEFAULT CHARSET=utf8mb4 COLLATE=utf8mb4_0900_ai_ci;

-- --------------------------------------------------------

--
-- Structure de la table `cultures_pms`
--

DROP TABLE IF EXISTS `cultures_pms`;
CREATE TABLE IF NOT EXISTS `cultures_pms` (
  `code_culture` varchar(255) NOT NULL,
  `id_parce` varchar(255) CHARACTER SET utf8mb4 COLLATE utf8mb4_0900_ai_ci DEFAULT NULL,
  `id_var` varchar(255) NOT NULL,
  `id_saison` varchar(255) CHARACTER SET utf8mb4 COLLATE utf8mb4_0900_ai_ci NOT NULL,
  `annee_du` year NOT NULL,
  `ddp` date NOT NULL,
  `qsa` int NOT NULL,
  `img_fact` blob,
  `dds` date NOT NULL,
  `sfce` int NOT NULL,
  `sc` varchar(100) CHARACTER SET utf8mb4 COLLATE utf8mb4_0900_ai_ci NOT NULL,
  `ea_id_variette` varchar(255) CHARACTER SET utf8mb4 COLLATE utf8mb4_0900_ai_ci DEFAULT NULL COMMENT 'Espèce assoccié = ea',
  `ea_autres` varchar(100) CHARACTER SET utf8mb4 COLLATE utf8mb4_0900_ai_ci DEFAULT NULL COMMENT 'Autres Espèce',
  `dt_creation` date NOT NULL,
  `dt_modification` date NOT NULL,
  `statuts` varchar(255) CHARACTER SET utf8mb4 COLLATE utf8mb4_0900_ai_ci NOT NULL DEFAULT 'EC' COMMENT 'EC=En cours, CL=Clôturé',
  `Etat` varchar(100) NOT NULL,
  PRIMARY KEY (`code_culture`),
  KEY `id_saison` (`id_saison`),
  KEY `id_parce` (`id_parce`),
  KEY `id_var` (`id_var`),
  KEY `ea_id_variette` (`ea_id_variette`)
) ENGINE=InnoDB DEFAULT CHARSET=utf8mb4 COLLATE=utf8mb4_0900_ai_ci;

--
-- Déchargement des données de la table `cultures_pms`
--

INSERT INTO `cultures_pms` (`code_culture`, `id_parce`, `id_var`, `id_saison`, `annee_du`, `ddp`, `qsa`, `img_fact`, `dds`, `sfce`, `sc`, `ea_id_variette`, `ea_autres`, `dt_creation`, `dt_modification`, `statuts`, `Etat`) VALUES
('CS22-52AVT-1', 'PRC601', 'VAR_12', 'S01', 2022, '2022-07-12', 2, NULL, '2022-05-12', 3000, 'C.associé', NULL, 'F11', '2022-07-04', '2022-07-04', 'EC', 'isSync');

-- --------------------------------------------------------

--
-- Structure de la table `culture_bl`
--

DROP TABLE IF EXISTS `culture_bl`;
CREATE TABLE IF NOT EXISTS `culture_bl` (
  `code_culture` varchar(255) CHARACTER SET utf8mb4 COLLATE utf8mb4_0900_ai_ci NOT NULL,
  `id_parce` varchar(255) CHARACTER SET utf8mb4 COLLATE utf8mb4_0900_ai_ci NOT NULL,
  `id_espece` varchar(255) CHARACTER SET utf8mb4 COLLATE utf8mb4_0900_ai_ci DEFAULT NULL,
  `id_var` varchar(255) CHARACTER SET utf8mb4 COLLATE utf8mb4_0900_ai_ci DEFAULT NULL,
  `id_saison` varchar(255) CHARACTER SET utf8mb4 COLLATE utf8mb4_0900_ai_ci DEFAULT NULL,
  `annee_du` year NOT NULL,
  `ddp` date NOT NULL,
  `qso` int DEFAULT NULL,
  `dt_distribution` date DEFAULT NULL COMMENT 'Jeunes Plants',
  `dds` date DEFAULT NULL,
  `sfce` int DEFAULT NULL,
  `nbre_ligne` int DEFAULT NULL COMMENT 'Jeunes Plants',
  `long_ligne` int DEFAULT NULL COMMENT 'Jeunes Plants',
  `usage` varchar(100) DEFAULT NULL COMMENT 'Cactus inerme',
  `sc` varchar(100) CHARACTER SET utf8mb4 COLLATE utf8mb4_0900_ai_ci DEFAULT NULL,
  `ea_autres` varchar(100) CHARACTER SET utf8mb4 COLLATE utf8mb4_0900_ai_ci DEFAULT NULL,
  `ea_id_variette` varchar(255) CHARACTER SET utf8mb4 COLLATE utf8mb4_0900_ai_ci DEFAULT NULL,
  `dt_creation` date DEFAULT NULL,
  `dt_modification` date DEFAULT NULL,
  `status` varchar(50) NOT NULL,
  `etat` varchar(50) CHARACTER SET utf8mb4 COLLATE utf8mb4_0900_ai_ci NOT NULL,
  `id_equipe` int DEFAULT NULL,
  `type` varchar(50) CHARACTER SET utf8mb4 COLLATE utf8mb4_0900_ai_ci DEFAULT NULL COMMENT 'sem_grain(sg)\r\njeunes_plants(pa)\r\nmat_vegetaux(mv)',
  PRIMARY KEY (`code_culture`),
  KEY `culture_bl_ibfk_1` (`id_parce`),
  KEY `id_var` (`id_var`),
  KEY `id_saison` (`id_saison`),
  KEY `ea_id_variette` (`ea_id_variette`),
  KEY `id_equipe` (`id_equipe`),
  KEY `id_espece` (`id_espece`)
) ENGINE=InnoDB DEFAULT CHARSET=utf8mb4 COLLATE=utf8mb4_0900_ai_ci;

--
-- Déchargement des données de la table `culture_bl`
--

INSERT INTO `culture_bl` (`code_culture`, `id_parce`, `id_espece`, `id_var`, `id_saison`, `annee_du`, `ddp`, `qso`, `dt_distribution`, `dds`, `sfce`, `nbre_ligne`, `long_ligne`, `usage`, `sc`, `ea_autres`, `ea_id_variette`, `dt_creation`, `dt_modification`, `status`, `etat`, `id_equipe`, `type`) VALUES
('31NAM-22MepPA-1', 'NAM-18', 'ESP_37', NULL, NULL, 2022, '2022-07-07', 150, '2022-07-22', '2022-07-15', NULL, 70, 12, NULL, NULL, NULL, NULL, '2022-07-04', '2022-07-04', 'EC', 'isSync', 11, 'pa');

-- --------------------------------------------------------

--
-- Structure de la table `culture_pr`
--

DROP TABLE IF EXISTS `culture_pr`;
CREATE TABLE IF NOT EXISTS `culture_pr` (
  `code_culture` varchar(255) CHARACTER SET utf8mb4 COLLATE utf8mb4_0900_ai_ci NOT NULL,
  `id_parce` varchar(255) CHARACTER SET utf8mb4 COLLATE utf8mb4_0900_ai_ci NOT NULL,
  `id_espece` varchar(255) CHARACTER SET utf8mb4 COLLATE utf8mb4_0900_ai_ci DEFAULT NULL,
  `id_var` varchar(255) CHARACTER SET utf8mb4 COLLATE utf8mb4_0900_ai_ci DEFAULT NULL,
  `id_saison` varchar(255) CHARACTER SET utf8mb4 COLLATE utf8mb4_0900_ai_ci DEFAULT NULL,
  `annee_du` year NOT NULL,
  `ddp` date NOT NULL,
  `qso` int DEFAULT NULL,
  `dt_distribution` date DEFAULT NULL COMMENT 'Jeunes Plants',
  `dds` date DEFAULT NULL,
  `sfce` int DEFAULT NULL,
  `nbre_ligne` int DEFAULT NULL COMMENT 'Jeunes Plants',
  `long_ligne` int DEFAULT NULL COMMENT 'Jeunes Plants',
  `usage` varchar(100) DEFAULT NULL COMMENT 'Cactus inerme',
  `sc` varchar(100) CHARACTER SET utf8mb4 COLLATE utf8mb4_0900_ai_ci DEFAULT NULL,
  `ea_autres` varchar(100) CHARACTER SET utf8mb4 COLLATE utf8mb4_0900_ai_ci DEFAULT NULL,
  `ea_id_variette` varchar(255) CHARACTER SET utf8mb4 COLLATE utf8mb4_0900_ai_ci DEFAULT NULL,
  `dt_creation` date DEFAULT NULL,
  `dt_modification` date DEFAULT NULL,
  `status` varchar(50) NOT NULL,
  `etat` varchar(50) CHARACTER SET utf8mb4 COLLATE utf8mb4_0900_ai_ci NOT NULL,
  `id_equipe` int DEFAULT NULL,
  `type` varchar(50) CHARACTER SET utf8mb4 COLLATE utf8mb4_0900_ai_ci DEFAULT NULL COMMENT 'sem_grain(sg)\r\njeunes_plants(pa)\r\nmat_vegetaux(mv)',
  PRIMARY KEY (`code_culture`),
  KEY `id_var` (`id_var`),
  KEY `id_saison` (`id_saison`),
  KEY `ea_id_variette` (`ea_id_variette`),
  KEY `id_equipe` (`id_equipe`),
  KEY `id_espece` (`id_espece`),
  KEY `id_parce` (`id_parce`)
) ENGINE=InnoDB DEFAULT CHARSET=utf8mb4 COLLATE=utf8mb4_0900_ai_ci;

-- --------------------------------------------------------

--
-- Structure de la table `equipe`
--

DROP TABLE IF EXISTS `equipe`;
CREATE TABLE IF NOT EXISTS `equipe` (
  `code_equipe` int NOT NULL AUTO_INCREMENT,
  `matricule` varchar(50) DEFAULT NULL,
  `img` blob,
  `nom` varchar(100) NOT NULL,
  `prenom` varchar(100) DEFAULT NULL,
  `sexe` varchar(20) NOT NULL,
  `dt_nais` date NOT NULL,
  `cin` bigint NOT NULL,
  `dt_delivrance` date NOT NULL,
  `lieu_delivrance` varchar(100) NOT NULL,
  `img_cin` blob,
  `email` varchar(100) DEFAULT NULL,
  `num_perso` int(10) UNSIGNED ZEROFILL DEFAULT NULL,
  `num_float` int(10) UNSIGNED ZEROFILL DEFAULT NULL,
  `dt_deb_contrat` date DEFAULT NULL,
  `dt_fin_contrat` date DEFAULT NULL,
  `id_fonct` int NOT NULL,
  `statuts` varchar(100) NOT NULL DEFAULT 'en fonction',
  PRIMARY KEY (`code_equipe`),
  UNIQUE KEY `matricule` (`matricule`),
  KEY `id_fonct` (`id_fonct`)
) ENGINE=InnoDB AUTO_INCREMENT=17 DEFAULT CHARSET=utf8mb4 COLLATE=utf8mb4_0900_ai_ci;

--
-- Déchargement des données de la table `equipe`
--

INSERT INTO `equipe` (`code_equipe`, `matricule`, `img`, `nom`, `prenom`, `sexe`, `dt_nais`, `cin`, `dt_delivrance`, `lieu_delivrance`, `img_cin`, `email`, `num_perso`, `num_float`, `dt_deb_contrat`, `dt_fin_contrat`, `id_fonct`, `statuts`) VALUES
(1, 'P63', NULL, 'JAFETA', 'J', 'H', '1991-05-26', 516, '2011-11-11', 'Andalatanosy', NULL, NULL, 0000000330, NULL, NULL, NULL, 1, 'active'),
(2, 'P60', NULL, 'MARA', 'mamorisoa', 'H', '1986-11-10', 516, '2004-11-22', 'Ambovombe', NULL, NULL, 0000000332, NULL, NULL, NULL, 1, 'active'),
(3, 'P11', NULL, 'SAMBO', 'Fanampisoa Oscar', 'H', '1976-04-05', 515, '1995-04-18', 'Fort-dauphin', NULL, NULL, 0000000334, NULL, NULL, NULL, 1, 'active'),
(4, NULL, NULL, 'TSITOARIVONY', 'ROGER', 'H', '1965-02-01', 517, '1984-05-16', 'Betoha', NULL, NULL, 0330861858, NULL, NULL, NULL, 1, 'active'),
(5, NULL, NULL, 'MAHATSAKY', 'Manambina Danis Gatineau', 'H', '1992-09-12', 301, '2011-08-01', 'Toamasina I', NULL, NULL, 0000000339, NULL, NULL, NULL, 1, 'active'),
(6, 'P69', NULL, 'RANDRIANIRINA heriniaina', 'THIERRY RICO', 'H', '1992-08-26', 515, '2012-06-18', 'Fort-dauphin', NULL, NULL, 0000000338, NULL, NULL, NULL, 1, 'active'),
(7, 'C05', NULL, 'RAZAFIMANDIMBY', 'Tsirindrainy Jeanna', 'H', '1983-10-26', 516, '2002-12-09', 'Ambovombe', NULL, NULL, 0000000338, NULL, NULL, NULL, 1, 'active'),
(8, NULL, NULL, 'FENOSOA', 'Mampionona', 'H', '1988-08-18', 519, '2009-01-09', 'Amboasary Sud', NULL, NULL, 0330913917, NULL, NULL, NULL, 1, 'active'),
(9, NULL, NULL, 'ANDRY', 'Sarobidy Sylvestre', 'H', '1991-12-16', 519, '2011-05-26', 'Amboasary Sud', NULL, NULL, 0000000334, NULL, NULL, NULL, 1, 'active'),
(10, 'P35', NULL, 'Fabien', 'Manantsoa', 'H', '1972-06-24', 103, '1993-11-24', 'Ambohitondra', NULL, NULL, 0000000334, NULL, NULL, NULL, 1, 'active'),
(11, NULL, NULL, 'CHRISTIAN', 'Zafimandimbisoa Noelson', 'H', '1989-12-25', 516, '2009-05-20', 'Ambovombe', NULL, NULL, 0334702181, NULL, NULL, NULL, 1, 'active'),
(12, 'P12', NULL, 'Samuel', 'mahatratse', 'H', '1975-02-04', 501, '1998-03-06', 'Toliara I', NULL, NULL, 0000000334, NULL, NULL, NULL, 1, 'active'),
(13, 'P67', NULL, 'RAFARARANO', 'Rovanirina Faraniaina', 'H', '1994-05-09', 0, '0000-00-00', '', NULL, NULL, 0000000345, NULL, NULL, NULL, 1, 'active'),
(14, 'P52', NULL, 'ZAFIMANANA', 'clément', 'H', '1987-09-19', 516, '2007-10-20', 'Ambovombe', NULL, NULL, 0000000336, NULL, NULL, NULL, 1, 'active'),
(15, 'P21', NULL, 'RAMANANJAKA', 'Magloire', 'H', '1982-04-13', 516, '2000-11-20', 'Ambovombe', NULL, NULL, 0334702169, NULL, NULL, NULL, 1, 'active'),
(16, 'P37', NULL, 'FANOMEZANTSOA', 'Christophe', 'H', '1990-10-13', 514, '2010-03-03', 'Tsihombe', NULL, NULL, 0000000346, NULL, NULL, NULL, 1, 'active');

-- --------------------------------------------------------

--
-- Structure de la table `espece`
--

DROP TABLE IF EXISTS `espece`;
CREATE TABLE IF NOT EXISTS `espece` (
  `code_espece` varchar(255) NOT NULL,
  `nom_espece` varchar(100) NOT NULL,
  `id_categ` int NOT NULL,
  `saisonnier` int NOT NULL DEFAULT '1',
  `unite` varchar(20) CHARACTER SET utf8mb4 COLLATE utf8mb4_0900_ai_ci DEFAULT NULL,
  PRIMARY KEY (`code_espece`),
  KEY `id_categ` (`id_categ`)
) ENGINE=InnoDB DEFAULT CHARSET=utf8mb4 COLLATE=utf8mb4_0900_ai_ci;

--
-- Déchargement des données de la table `espece`
--

INSERT INTO `espece` (`code_espece`, `nom_espece`, `id_categ`, `saisonnier`, `unite`) VALUES
('ESP_01', 'Antsoroko', 1, 1, NULL),
('ESP_02', 'Arachide', 1, 1, NULL),
('ESP_03', 'Dolique', 1, 1, NULL),
('ESP_04', 'Haricot', 1, 1, NULL),
('ESP_05', 'Konoke', 1, 1, NULL),
('ESP_06', 'Maïs', 1, 1, NULL),
('ESP_07', 'Mil', 1, 1, NULL),
('ESP_08', 'Mucuna', 1, 1, NULL),
('ESP_09', 'Niébé', 1, 1, NULL),
('ESP_10', 'Cajanus', 1, 1, 'Kp'),
('ESP_11', 'Pois', 1, 1, NULL),
('ESP_12', 'Ricin', 1, 1, NULL),
('ESP_13', 'Siratro', 1, 1, NULL),
('ESP_14', 'Sorgho', 1, 1, NULL),
('ESP_15', 'Tsiasisa', 1, 1, NULL),
('ESP_35', 'Bracchiaria', 3, 0, NULL),
('ESP_36', 'Cactus inerme', 3, 0, 'Cld'),
('ESP_37', 'Acacia', 2, 0, NULL),
('ESP_38', 'Morenga', 2, 0, NULL),
('ESP_39', 'Manioc', 3, 1, NULL);

-- --------------------------------------------------------

--
-- Structure de la table `fonction`
--

DROP TABLE IF EXISTS `fonction`;
CREATE TABLE IF NOT EXISTS `fonction` (
  `code_fonct` int NOT NULL AUTO_INCREMENT,
  `intitule` varchar(100) NOT NULL,
  PRIMARY KEY (`code_fonct`)
) ENGINE=InnoDB AUTO_INCREMENT=3 DEFAULT CHARSET=utf8mb4 COLLATE=utf8mb4_0900_ai_ci;

--
-- Déchargement des données de la table `fonction`
--

INSERT INTO `fonction` (`code_fonct`, `intitule`) VALUES
(1, 'techniciens'),
(2, 'chef de volet');

-- --------------------------------------------------------

--
-- Structure de la table `image`
--

DROP TABLE IF EXISTS `image`;
CREATE TABLE IF NOT EXISTS `image` (
  `code_img` int NOT NULL AUTO_INCREMENT,
  `nom` varchar(100) NOT NULL,
  `type` varchar(20) NOT NULL,
  `image` blob NOT NULL,
  `dt_creation` datetime NOT NULL,
  PRIMARY KEY (`code_img`)
) ENGINE=InnoDB DEFAULT CHARSET=utf8mb4 COLLATE=utf8mb4_0900_ai_ci;

-- --------------------------------------------------------

--
-- Structure de la table `parcelle`
--

DROP TABLE IF EXISTS `parcelle`;
CREATE TABLE IF NOT EXISTS `parcelle` (
  `code_parce` varchar(255) NOT NULL,
  `id_benef` varchar(50) NOT NULL,
  `ref_gps` int DEFAULT NULL,
  `lat` double DEFAULT NULL,
  `log` double DEFAULT NULL,
  `superficie` int NOT NULL,
  `id_fkt` varchar(255) NOT NULL,
  `status` varchar(100) NOT NULL DEFAULT 'active',
  PRIMARY KEY (`code_parce`),
  KEY `id_benef` (`id_benef`),
  KEY `id_fkt` (`id_fkt`)
) ENGINE=InnoDB DEFAULT CHARSET=utf8mb4 COLLATE=utf8mb4_0900_ai_ci;

--
-- Déchargement des données de la table `parcelle`
--

INSERT INTO `parcelle` (`code_parce`, `id_benef`, `ref_gps`, `lat`, `log`, `superficie`, `id_fkt`, `status`) VALUES
('PRC002', 'B-001', NULL, -25, 45, 6782, 'Fkt506', 'active'),
('PRC003', 'B-001', NULL, -25, 45, 4262, 'Fkt506', 'active'),
('PRC004', 'B-002', NULL, -25, 45, 3100, 'Fkt506', 'active'),
('PRC005', 'B-002', NULL, -25, 45, 21500, 'Fkt506', 'active'),
('PRC006', 'B-002', NULL, -25, 45, 8706, 'Fkt506', 'active'),
('PRC007', 'B-003', NULL, -25, 45, 2500, 'Fkt506', 'active'),
('PRC008', 'B-003', NULL, -25, 45, 4487, 'Fkt506', 'active'),
('PRC009', 'B-004', NULL, -25, 45, 5146, 'Fkt506', 'active'),
('PRC010', 'B-004', NULL, -25, 45, 4183, 'Fkt506', 'active'),
('PRC011', 'B-004', NULL, -25, 45, 4262, 'Fkt506', 'active'),
('PRC012', 'B-005', NULL, -25, 45, 6171, 'Fkt506', 'active'),
('PRC013', 'B-006', NULL, -25, 45, 4370, 'Fkt506', 'active'),
('PRC014', 'B-007', NULL, -25, 45, 4325, 'Fkt506', 'active'),
('PRC015', 'B-007', NULL, -25, 45, 14620, 'Fkt506', 'active'),
('PRC017', 'B-008', NULL, -25, 45, 4529, 'Fkt506', 'active'),
('PRC018', 'B-008', NULL, -25, 45, 5956, 'Fkt506', 'active'),
('PRC019', 'B-008', NULL, -25, 45, 5115, 'Fkt506', 'active'),
('PRC020', 'B-009', NULL, -25, 45, 14719, 'Fkt506', 'active'),
('PRC021', 'B-010', NULL, NULL, NULL, 5000, 'Fkt506', 'active'),
('PRC022', 'B-011', NULL, -25, 45, 1800, 'Fkt506', 'active'),
('PRC023', 'B-011', NULL, -25, 45, 4800, 'Fkt506', 'active'),
('PRC024', 'B-012', NULL, -25, 45, 3935, 'Fkt506', 'active'),
('PRC025', 'B-013', NULL, -25, 45, 4800, 'Fkt506', 'active'),
('PRC026', 'B-015', NULL, -25, 45, 1944, 'Fkt506', 'active'),
('PRC097', 'B-016', NULL, -25, 45, 7600, 'Fkt512', 'active'),
('PRC098', 'B-017', NULL, -25, 45, 8600, 'Fkt512', 'active'),
('PRC099', 'B-017', NULL, -25, 45, 3200, 'Fkt512', 'active'),
('PRC100', 'B-018', NULL, -25, 45, 4600, 'Fkt512', 'active'),
('PRC101', 'B-019', NULL, -25, 45, 8500, 'Fkt512', 'active'),
('PRC103', 'B-020', NULL, -25, 45, 7600, 'Fkt512', 'active'),
('PRC104', 'B-021', NULL, -25, 45, 7800, 'Fkt512', 'active'),
('PRC105', 'B-022', NULL, -25, 45, 6400, 'Fkt512', 'active'),
('PRC106', 'B-025', NULL, -25, 45, 11600, 'Fkt511', 'active'),
('PRC108', 'B-026', NULL, -25, 45, 6000, 'Fkt511', 'active'),
('PRC173', 'B-027', NULL, -25, 45, 3694, 'Fkt494', 'active'),
('PRC174', 'B-027', NULL, -25, 45, 1684, 'Fkt494', 'active'),
('PRC175', 'B-028', NULL, -25, 45, 6875, 'Fkt494', 'active'),
('PRC176', 'B-029', NULL, -25, 45, 6001, 'Fkt494', 'active'),
('PRC177', 'B-030', NULL, -25, 45, 3064, 'Fkt494', 'active'),
('PRC178', 'B-031', NULL, -25, 45, 1808, 'Fkt494', 'active'),
('PRC180', 'B-029', NULL, -25, 45, 2737, 'Fkt494', 'active'),
('PRC181', 'B-030', NULL, -25, 45, 2292, 'Fkt494', 'active'),
('PRC182', 'B-031', NULL, -25, 45, 4619, 'Fkt494', 'active'),
('PRC183', 'B-032', NULL, -25, 45, 3476, 'Fkt494', 'active'),
('PRC184', 'B-032', NULL, -25, 45, 3591, 'Fkt494', 'active'),
('PRC185', 'B-035', NULL, -25, 45, 1868, 'Fkt494', 'active'),
('PRC186', 'B-034', NULL, -25, 45, 5209, 'Fkt494', 'active'),
('PRC187', 'B-036', NULL, -25, 45, 6966, 'Fkt494', 'active'),
('PRC314', 'B-037', NULL, NULL, NULL, 5000, 'Fkt499', 'active'),
('PRC315', 'B-038', NULL, -25, 45, 2300, 'Fkt499', 'active'),
('PRC316', 'B-039', NULL, -25, 45, 3200, 'Fkt499', 'active'),
('PRC317', 'B-040', NULL, -25, 45, 5000, 'Fkt499', 'active'),
('PRC318', 'B-041', NULL, -25, 45, 2000, 'Fkt499', 'active'),
('PRC319', 'B-042', NULL, -25, 45, 3000, 'Fkt499', 'active'),
('PRC320', 'B-043', NULL, -25, 45, 1800, 'Fkt499', 'active'),
('PRC321', 'B-044', NULL, -25, 45, 3600, 'Fkt499', 'active'),
('PRC322', 'B-045', NULL, 0, 0, 5000, 'Fkt499', 'active'),
('PRC323', 'B-046', NULL, -25, 45, 3000, 'Fkt499', 'active'),
('PRC324', 'B-047', NULL, -25, 45, 3000, 'Fkt499', 'active'),
('PRC325', 'B-050', NULL, -25, 45, 3500, 'Fkt499', 'active'),
('PRC326', 'B-049', NULL, -25, 45, 3100, 'Fkt499', 'active'),
('PRC327', 'B-048', NULL, -25, 45, 2000, 'Fkt499', 'active'),
('PRC328', 'B-051', NULL, -25, 45, 10000, 'Fkt499', 'active'),
('PRC329', 'B-051', NULL, -25, 45, 6200, 'Fkt499', 'active'),
('PRC330', 'B-051', NULL, -25, 45, 4000, 'Fkt499', 'active'),
('PRC429', 'B-057', NULL, -25, 45, 1200, 'Fkt502', 'active'),
('PRC430', 'B-052', NULL, -25, 45, 2200, 'Fkt502', 'active'),
('PRC431', 'B-052', NULL, -25, 45, 4800, 'Fkt502', 'active'),
('PRC440', 'B-053', NULL, -25, 45, 7800, 'Fkt502', 'active'),
('PRC441', 'B-054', NULL, -25, 45, 7500, 'Fkt502', 'active'),
('PRC442', 'B-054', NULL, -25, 45, 5000, 'Fkt502', 'active'),
('PRC443', 'B-055', NULL, -25, 45, 2400, 'Fkt502', 'active'),
('PRC447', 'B-056', NULL, -25, 45, 1200, 'Fkt502', 'active'),
('PRC449', 'B-058', NULL, -25, 45, 2400, 'Fkt502', 'active'),
('PRC453', 'B-059', NULL, -25, 45, 1000, 'Fkt502', 'active'),
('PRC454', 'B-060', NULL, -25, 45, 1800, 'Fkt502', 'active'),
('PRC455', 'B-061', NULL, -25, 45, 2000, 'Fkt502', 'active'),
('PRC466', 'B-115', NULL, -25, 45, 3167, 'Fkt499', 'active'),
('PRC467', 'B-116', NULL, -25, 45, 6782, 'Fkt499', 'active'),
('PRC468', 'B-119', NULL, -25, 45, 4262, 'Fkt499', 'active'),
('PRC469', 'B-120', NULL, -25, 45, 3100, 'Fkt499', 'active'),
('PRC470', 'B-120', NULL, -25, 45, 21500, 'Fkt499', 'active'),
('PRC471', 'B-122', NULL, -25, 45, 8706, 'Fkt499', 'active'),
('PRC472', 'B-123', NULL, -25, 45, 2500, 'Fkt499', 'active'),
('PRC473', 'B-124', NULL, -25, 45, 4487, 'Fkt499', 'active'),
('PRC474', 'B-125', NULL, -25, 45, 5146, 'Fkt499', 'active'),
('PRC475', 'B-126', NULL, -25, 45, 4183, 'Fkt499', 'active'),
('PRC476', 'B-127', NULL, -25, 45, 4262, 'Fkt499', 'active'),
('PRC477', 'B-128', NULL, -25, 45, 6171, 'Fkt499', 'active'),
('PRC478', 'B-129', NULL, -25, 45, 4370, 'Fkt499', 'active'),
('PRC479', 'B-130', NULL, -25, 45, 4325, 'Fkt499', 'active'),
('PRC480', 'B-131', NULL, -25, 45, 14620, 'Fkt499', 'active'),
('PRC481', 'B-132', NULL, -25, 45, 8032, 'Fkt499', 'active'),
('PRC482', 'B-132', NULL, -25, 45, 4529, 'Fkt499', 'active'),
('PRC483', 'B-132', NULL, -25, 45, 5956, 'Fkt499', 'active'),
('PRC484', 'B-132', NULL, -25, 45, 5115, 'Fkt499', 'active'),
('PRC498', 'B-039', NULL, -25, 45, 9046, 'Fkt499', 'active'),
('PRC499', 'B-044', NULL, -25, 45, 5960, 'Fkt499', 'active'),
('PRC500', 'B-045', NULL, -25, 45, 9115, 'Fkt499', 'active'),
('PRC601', 'B-062', NULL, -25, 45, 12500, 'Fkt504', 'active'),
('PRC602', 'B-063', NULL, -25, 45, 7400, 'Fkt504', 'active'),
('PRC603', 'B-064', NULL, -25, 45, 20790, 'Fkt504', 'active'),
('PRC604', 'B-065', NULL, -25, 45, 1500, 'Fkt504', 'active'),
('PRC605', 'B-066', NULL, -25, 45, 8500, 'Fkt504', 'active'),
('PRC606', 'B-067', NULL, -25, 45, 1500, 'Fkt504', 'active'),
('PRC607', 'B-068', NULL, -25, 45, 14000, 'Fkt504', 'active'),
('PRC608', 'B-069', NULL, -25, 45, 4800, 'Fkt504', 'active'),
('PRC609', 'B-070', NULL, -25, 45, 4000, 'Fkt504', 'active'),
('PRC610', 'B-080', NULL, -25, 45, 7000, 'Fkt504', 'active'),
('PRC611', 'B-081', NULL, -25, 45, 1400, 'Fkt504', 'active'),
('PRC612', 'B-136', NULL, -25, 45, 11000, 'Fkt504', 'active'),
('PRC613', 'B-082', NULL, -25, 45, 3500, 'Fkt504', 'active'),
('PRC614', 'B-083', NULL, -25, 45, 3000, 'Fkt504', 'active'),
('PRC615', 'B-084', NULL, -25, 45, 4600, 'Fkt504', 'active'),
('PRC616', 'B-085', NULL, -25, 45, 24000, 'Fkt504', 'active'),
('PRC617', 'B-086', NULL, -25, 45, 14000, 'Fkt504', 'active'),
('PRC618', 'B-087', NULL, -25, 45, 8000, 'Fkt504', 'active'),
('PRC619', 'B-088', NULL, -25, 45, 1600, 'Fkt504', 'active'),
('PRC663', 'B-089', NULL, -25, 45, 5421, 'Fkt505', 'active'),
('PRC664', 'B-090', NULL, -25, 45, 7286, 'Fkt505', 'active'),
('PRC665', 'B-091', NULL, -25, 45, 5771, 'Fkt505', 'active'),
('PRC666', 'B-092', NULL, -25, 45, 1582, 'Fkt505', 'active'),
('PRC667', 'B-093', NULL, -25, 45, 4418, 'Fkt505', 'active'),
('PRC668', 'B-094', NULL, -25, 45, 6123, 'Fkt505', 'active'),
('PRC669', 'B-095', NULL, -25, 45, 6676, 'Fkt505', 'active'),
('PRC670', 'B-096', NULL, -25, 45, 5399, 'Fkt505', 'active');

-- --------------------------------------------------------

--
-- Structure de la table `participe_proj_activ`
--

DROP TABLE IF EXISTS `participe_proj_activ`;
CREATE TABLE IF NOT EXISTS `participe_proj_activ` (
  `code` int NOT NULL AUTO_INCREMENT,
  `id_proj` varchar(100) NOT NULL,
  `id_activ` int NOT NULL,
  `dt_integr` date DEFAULT NULL,
  `statuts` varchar(100) NOT NULL DEFAULT 'active',
  PRIMARY KEY (`code`),
  KEY `id_proj` (`id_proj`),
  KEY `id_activ` (`id_activ`)
) ENGINE=InnoDB AUTO_INCREMENT=18 DEFAULT CHARSET=utf8mb4 COLLATE=utf8mb4_0900_ai_ci;

--
-- Déchargement des données de la table `participe_proj_activ`
--

INSERT INTO `participe_proj_activ` (`code`, `id_proj`, `id_activ`, `dt_integr`, `statuts`) VALUES
(1, 'P02', 1, NULL, 'active'),
(2, 'P02', 2, NULL, 'active'),
(3, 'P02', 3, NULL, 'active'),
(4, 'P02', 4, NULL, 'active'),
(5, 'P03', 1, NULL, 'active'),
(6, 'P03', 2, NULL, 'active'),
(7, 'P03', 3, NULL, 'active'),
(8, 'P03', 4, NULL, 'active'),
(9, 'P05', 2, NULL, 'active'),
(10, 'P05', 3, NULL, 'active'),
(11, 'P05', 4, NULL, 'active'),
(12, 'P06', 2, NULL, 'active'),
(13, 'P06', 3, NULL, 'active'),
(14, 'P06', 4, NULL, 'active'),
(15, 'P09', 2, NULL, 'active'),
(16, 'P09', 3, NULL, 'active'),
(17, 'P09', 4, NULL, 'active');

-- --------------------------------------------------------

--
-- Structure de la table `participe_proj_volet`
--

DROP TABLE IF EXISTS `participe_proj_volet`;
CREATE TABLE IF NOT EXISTS `participe_proj_volet` (
  `code` int NOT NULL AUTO_INCREMENT,
  `id_projet` varchar(100) NOT NULL,
  `id_volet` int NOT NULL,
  `id_chef` int DEFAULT NULL,
  `annee_integr` date DEFAULT NULL,
  `statuts` int NOT NULL,
  PRIMARY KEY (`code`),
  KEY `id_volet` (`id_volet`),
  KEY `id_chef` (`id_chef`),
  KEY `id_projet` (`id_projet`)
) ENGINE=InnoDB AUTO_INCREMENT=13 DEFAULT CHARSET=utf8mb4 COLLATE=utf8mb4_0900_ai_ci;

--
-- Déchargement des données de la table `participe_proj_volet`
--

INSERT INTO `participe_proj_volet` (`code`, `id_projet`, `id_volet`, `id_chef`, `annee_integr`, `statuts`) VALUES
(1, 'P02', 1, NULL, NULL, 1),
(2, 'P02', 2, NULL, NULL, 1),
(3, 'P02', 3, NULL, NULL, 1),
(4, 'P03', 1, NULL, NULL, 1),
(5, 'P03', 2, NULL, NULL, 1),
(6, 'P03', 3, NULL, NULL, 1),
(7, 'P05', 2, NULL, NULL, 1),
(8, 'P05', 3, NULL, NULL, 1),
(9, 'P06', 2, NULL, NULL, 1),
(10, 'P06', 3, NULL, NULL, 1),
(11, 'P09', 2, NULL, NULL, 1),
(12, 'P09', 3, NULL, NULL, 1);

-- --------------------------------------------------------

--
-- Structure de la table `projet`
--

DROP TABLE IF EXISTS `projet`;
CREATE TABLE IF NOT EXISTS `projet` (
  `code_proj` varchar(50) NOT NULL,
  `nom` varchar(100) NOT NULL,
  `description` varchar(100) DEFAULT NULL,
  `ancronyme` varchar(10) NOT NULL DEFAULT 'PRJ',
  `dt_deb_prev` date DEFAULT NULL,
  `dt_deb` date DEFAULT NULL,
  `dt_fin_prev` date DEFAULT NULL,
  `dt_fin` date DEFAULT NULL,
  `duree` int DEFAULT NULL,
  `logo` blob,
  `statuts` varchar(50) NOT NULL DEFAULT 'En cours' COMMENT 'brouillon, En cours, Décision, Fermé',
  `numero` int NOT NULL AUTO_INCREMENT,
  PRIMARY KEY (`code_proj`),
  KEY `numero` (`numero`)
) ENGINE=InnoDB AUTO_INCREMENT=13 DEFAULT CHARSET=utf8mb4 COLLATE=utf8mb4_0900_ai_ci;

--
-- Déchargement des données de la table `projet`
--

INSERT INTO `projet` (`code_proj`, `nom`, `description`, `ancronyme`, `dt_deb_prev`, `dt_deb`, `dt_fin_prev`, `dt_fin`, `duree`, `logo`, `statuts`, `numero`) VALUES
('P01', 'CTAS', 'centre technique Agro-écologie', 'PRJ', NULL, NULL, NULL, NULL, NULL, NULL, 'activer', 1),
('P02', 'AFAFI SUD Lot 1', NULL, 'PRJ', NULL, NULL, NULL, NULL, NULL, 0xffd8ffe000104a46494600010101012c012c0000ffdb004300100b0c0e0c0a100e0d0e1211101318281a181616183123251d283a333d3c3933383740485c4e404457453738506d51575f626768673e4d71797064785c656763ffdb0043011112121815182f1a1a2f634238426363636363636363636363636363636363636363636363636363636363636363636363636363636363636363636363636363ffc000110800d600d403012200021101031101ffc4001f0000010501010101010100000000000000000102030405060708090a0bffc400b5100002010303020403050504040000017d01020300041105122131410613516107227114328191a1082342b1c11552d1f02433627282090a161718191a25262728292a3435363738393a434445464748494a535455565758595a636465666768696a737475767778797a838485868788898a92939495969798999aa2a3a4a5a6a7a8a9aab2b3b4b5b6b7b8b9bac2c3c4c5c6c7c8c9cad2d3d4d5d6d7d8d9dae1e2e3e4e5e6e7e8e9eaf1f2f3f4f5f6f7f8f9faffc4001f0100030101010101010101010000000000000102030405060708090a0bffc400b51100020102040403040705040400010277000102031104052131061241510761711322328108144291a1b1c109233352f0156272d10a162434e125f11718191a262728292a35363738393a434445464748494a535455565758595a636465666768696a737475767778797a82838485868788898a92939495969798999aa2a3a4a5a6a7a8a9aab2b3b4b5b6b7b8b9bac2c3c4c5c6c7c8c9cad2d3d4d5d6d7d8d9dae2e3e4e5e6e7e8e9eaf2f3f4f5f6f7f8f9faffda000c03010002110311003f00f40a28a2800a28a2800a28a2800a2aa5dea10daba46c4bcce70b1a8c9fa9f41ef541cdfdfcde54acb6f1aa87314527cc79380cdefce40f4eb43d00bd73a9d9db48629275330ff9649f3bf6fe11cf71555353bbbb674b4b068f6a93bae9b673918f9464f3cfa74aaeb0c5246a96dbed2485d44891e79c91d71c139e3273dfaf5a9a1bc65bc8e1bb0639586df66e3839f6ce38ee7f2cfda2b8b5076bb7bffb34f7cf1ef8c1416f1aa8ef9fbc18e7a771dea3d42de2b4803cd3ddba3b00e5a77e0f63c300391e9f9549a8425ddaea20825b739ddbb69c000e0f1cf1fe1dcd17ee2f74532c48ccd80c8146e65607b7b820d2737a85872e8ba7ae58dbef246332b349c73fde27d7f5ace86c2c9e4962d91097cc31a0fb3c60f03393f2febee2b692579655d81963c1ddb90824f6eb55628a587cd7301965f359a36e3be38e4e7ffd5ed44a4c2c87c7a35943feaa3961c64e239dd0739cf423d4d549629edf504b7b4b9bbcc8849dd3ee0b8ff7d5bd87e35b3f37e0063dcd6689e337f733bba048136e78c9cf38cff9ce6aa5263b21a97b7b12c6e248a78d9b66d9d0c726e3d1495c8cff00c040c63eb5326b50a656f6292d5d4e1891bd01ce3ef2e47e783496168563124a181695a4db9c0048c67dff00fafc8cd57b31e7c3737a158bcac447bc11b78c0191d3938c8ffebd2537d446d452c73c4b24322491b74646041fc453eb9cb250f07981122bd8e6f2b746fb59f18e18e0e78072083d3db8bd1ea52db48d15faab0538f3e107038ce597aaf1ce791f4aa524c2e6ad14c8e449503c6eae87a329c834faa1851451400514514005145140051451400514532591218da49182a28c927b0a0071200249c01d49ac6bed4a49032dbb3c30a922498282c4639283b01fde3c0231d694f9dac02edfbbb12084461ccbc1193e8a7231d0ff0057e9f796f71b13ca10ca8b8542b8c2f1d38e98c7e953276d05b95e3b3f374d93ecc830e37c651c966c7203127939e324f1f8546b76c2eadef36fee48304c42e583678cfa738c75fd6adc0ad637b245867b79cef539c956f4fa7f9f53550dd04bf9ff00b301bb964c3148c011a9e84b3faf0703ff00ad59f2b906c5df2a26bc92eb2be43c1f3b83f2b73d739c7007e19aaf26af692811a23de4e9b58adb216e7aeec9e31c0ee69cba43de15935893ce656cac08710a1edc753f53eb5aa91a471848d42a2800003815a28a41ab32d1b5699f296f6f66ac4ef323995fd880303f5a90e9d75246126d52e49ee62544cfe99ad13dc6734bec78aab858cb8f448d49f36f6fe607aabdc363f4c50ba058249be38e4462064acd20271f8d6a1ff3c5079fad1763e54650d1ca3663d4b5051fddf3b23a63b83eb4e367a9a4a248b54dc839f2e681483c772b83d6b4bd0520c13907aff9eb45c2c64cf77791c4f1ded9ca17e5026b43e6673d4ed2323f2a934ebeb59ca436f731384dc3672ae5b3fdd3cf03a9ee6b508c8eb54ef74cb4be18b8855987dd71c30fa114ac98b54558912d2e6fa6d842a364003ef3119efee4f7ee6991a15b6b96ba2ead361b792495cf0a147a83ce3e9d3b25c5b5e5b261c35fc0a0e1f8f3e21df1c7cdd3a7539c735249736d7f02b42eac892869c13828067ef0ea0f1fa5652835aa0b8d4478a3fb5da22dbf9854042df2be48c6e519c127b8e79ef5a5677c9745d363c5347c3c527de1efee3dc5675f5c2cd2a410b0f2e360f2c81f0aa01fbb9fe9f4a85e37b86fb44afe4191c2c0c07cea7b77e9c723d738e80d38cfa303a1a2a858df34927d96f104374bfc39c8907f794f7fe957eb51851451400514514005145140084800927007526b9fbbbc4be6f3a68a67d3e29368551c48c091ce7f84118f424e3d736f51f37519bec30e16dd4ffa44b9ff00c717d49efe9f955f58a358446aa04606d0807006318c50f6d05b9930dfdb433164de8ae72e8e091924fcc08c8e7d33d31d3bcb3c16b387f32440a8a644906311e792d9e99c8279e3af5e6ad4b8855bcf01edc02cccd8c2003bfb75e6b3aded57566134c8469c841b780a851263f8c8f424f00f6e71592837b809124daac62141245a780034cc4892e57d07751ea7a907b738d7b7822b78845046b1a2f4551802a4c007a9e7d694e3a0eb5a790580e33e9499c0e7fc29382dc9cfa7b529c0079fe98a062e07719a51c0f63fa527534a4e067fc8a0033ed4847d68cfbe0529c71db9a006e01e08a5c63a727eb47f9e6949ce3046280007b9a4e3aff5a0f6cf534679fe94001e9fd2b3efb4c8ee255b8858dbdda9cacc8393ecdea3d8fa7d6b4391d79a0f1d4fe14058c2328d42e12cafc1b79a220b4408d9377dca7a91c73e9cfa66a7b2b58962fb4dc45b1d6462aa09c273d00079e7918ee47d6ae5f59437d0f972ee041cac8870c87d41f5e954ad659bed2d6976c0de451928c3849549fbf8ec463903d4e38a89416e84b409d65bf9a44de6211fcc8e9d51f3c1cfafa81ee0fa9bba65e493a3c372156ea13b640bd1bdc7b1e3f3aa0a8f6c8b6b6d3196676cb3673dc7cc793ce07d39e413806592c2682149ad9ccb75092c37bed1273ca9fccfe27d09c90974606c5155ec6ed2f6d5674565c92acac305483820fe22ac56830a28a2800aa9a8ddfd8ed4ba8dd2310b1ae71963c0fd48fceadd62bde4736a7e6c8d8b689fc98ce786908f63d074fa9f6a36023b71159b79534ac84664dc5f689189e7938ce31800f181f96a2dca32a31575de7003291838e87d299796d0dc42c658fcc2aa40da3e6c1ec0fbe071dfbd6448f7461d90de34c6edf65b12aa0a291967f5f94123fcf197bdcc1b1624c6b570d1237fa042d8978ff5cc3f847b7aff00935aefc21c1c103afa5476b0456b6d1c10aec48c600a74c710b9ff0064ff002ad4473d35ed9e9b0c0d3fdaa4768558b2ccd8e87b6ef6edeb554f893490e46cd43715c8c4ec7af38e1ffcf4a76ada3cb7eb0b795360411ed78b676dd904330c1e474f5359ede12b92738b919e4811c447bf597fce2b65cbd4c5f35f42e7fc243a3b6d0d1ea5b73c1f3dc0fc4eff00e75b0d1fcbcd86a7803a8bc1dffedad73c9e16b9000945dba8fe1f2e2e87a819908c9fc71d6baa6bbb931951a6dce71c65a2233ff7dd4cadd0a8dfa8cd3b6fdaa431b4c627822911659198a925f3f789c741d3d2a7d4a4912d0795218d9a58d37000900baa9c0208e84d41a7c6f15cba4870cb6d0a91d811bc1a9b54e2d53b7fa443ff00a352a3a9a742bdc47242501d42f59dce0468911638ea7eef4a6aa5c648f3b51c72798e1c0f5fe1ab4c41d5e118cfee1f9ff81255ce09e290232945cbab1371a921cf78e1fe8a697170495fb56a20819cf970f3ff008ed6a7b5737aacaf05f4bfbc2bc2b27ef3000f5fd0d44ea28ab9a53a7ccf7b1749b8c02b73a939f4f262ce3f151efc53d44fb997ed3a8e4639f2a3c1cfa7c9f87e14cd1b511709e5cec04db98f7e79c9ebf5fcb15ad9fa63eb5519a92b91cad1961a40c824bebf40c76e5e18c0078c73b38cf4e6a78fce87528a16b99264789dcef0a3054a0fe103fbd4ed547fc4a6f3807303f5e9f74d1273abdb1ede44b9ff00bea3aa1173f4aa5a8d97dae10637315cc44b4528e4a363bfa83dc77157402073cd0471c9c548ccad2ee0caae4c6915ceeff48427051bb718e41e4839ee7934f5696f2e55434891c2e4c9c11b8e700023a8eff43eb516ad10b5b88f5255f9507977180798c9ebc64f079e3b52fda3ec117d92da2967b8ce13e538e7a313e8323dbb7159cd6b7e82410dcc16fab3189c3c5758de54e42b81d49f703dbee9ea4d6d561dc4370d1992f25dbbc0f9107cb1639dc4fd403f862b434bba37566a64189532922fa30e0fea0f3ed5717702e514515432aea575f62d3e6b8c02c8a4a8ce327b0e86b28da4e74c8e38a0b79a48d4a9663c96270f82318e73dfb62adeaee1ee2d6dc8dcbbfce75ce0e1482bf5f9b68e3d6a0305ec2cd35a640662cd0c983924839073c0e58f04544f6b088ad7cc8c62db742c0fcd6f31240008ce327a0c93c75c8eb53691109a592ff6e11c7956e3fbb103c1e80fcc79efdaa2d46599ec8b4b1c70cd30fb34597dd92e402781e8323e86b5634482148a350aa8a1557d07614415907524073d38ef51dc866b695558066520123201e7ad4a0127279fa5366c089f391853d2a96e3666c915fbdbda0b19b6208be72ce1589c0c1e51bdff00314d16fab679b8f97da64247fe41a9e2bc2a1208ede499962472632b800e40ea47f74d48d7738e7fb3ee4fd1a3feaf544d8a6b6fab8eb393ee664e3ff2153843aa2af33331c8c62543c7fdfb156cddcf8e34db9ffbea2ffe2ea35d4b7e765a4ef2ab3298c6cdc00ef9dd8e723bff002340582d048352b8f336eef262c9ec4e5f3c7a549a9ffc7ba647fcb788ff00e445a65a4eb35fccf190c8f0c4cadea0eec1ff00f5d3b5303ecc9ff5de13ff0091168ea3e82ba8fed5889277790fff00a127f855beb555bfe424840c910b77eb92bfe156727b526340738e3ffd55c7ca0dbddc90bac8c5739c904b1e49651d39e7fc902ba0d62e1a2b374432a348a42bc7fc27ebdbff00afc562c56d3c5209e594c084ee1bc83ce3b2f5edfa572d6d5d916a9ca44b7b6a2d16d5d729705433f39390057451bee8d1882b900e0f6e2b16cec0ddc86798b18cb6e2641cc9ff00d6adcc67a71574d35a9ad569250ec54d57fe413785b04185fa8ff66964c7f6bdb1e87c897ff428e8d57fe415760633e4bf5191f74d249ceaf6d8ff009e129ebc7de8eb747332e8233c7347079c7f8d21ebd6933d3dbad2281d164464750cac08208c8358f6521b113d998bcc9ed546ce7e6962e76638e71d0f15b1d783cfb7ad666a920b2bdb5bdc80a0b40ff2f2430ca8cfa6e51f99a1ea84c86e5849f2ea971e5ab9045b210463df1cfe1ebc8a96caea15d4d4c6c447729b30c0801d33ebd49071efb7a9c536deeeced5435c164b971b9f7210416e71e8064e3fae4532f649e4862bb91443e4cc1a3561ce06edc4f6fbbcfe1deb283d40dfa2915832865390464515b01912324fa85d179238ca32410c8719df80e5473feef1d783ed489a85dc6fb27b190e091be219cfb81c8efebfcaa089dbcd9a68edfed0925d3c836e415daa1738c75c83c7f90e4bf411cd1dc3dcaa962a0cb10561ee08f43dfb0c563397bd61215bcdb8d56cd5d1a310235c48806572d95519f5e58fe15aa1431dc79fe5599a5c528d42fe495b7e7ca8f9273954c9fd5bf9f02b597dc56834457338b584c8519f1d94565cdadc32c0d1794f975231c77e2b64fbf4ac0f1044892c522a80ce18311deb2a8e5157474e1e309cb964860d4230eb22bcf1388d637daaa77633eb9f53f9d3c6ac41c0b8b838eb98d3fa0ff39ac727a0cf27b7f9fa5755636d0fd9216f2d37140738f6ace9d4a937b9d15e8d2a2968667f6b92dff1f3718cf431274a8d6f6cdd584d1dc48ece5b721f2c807b7cadd30067d715b32e9f6b2821a14c9ee0609fc6b9ebeb17b2b8d858bc6c728c7d3d3f2a7395586a452850a8ed6b336ade78925b99d788d618c845e814063d3fcf6aad75acc13461024abb64462481fc2c1bd7d2ad69ad9660483fba8bf91e6b3f5cb21138b88f85638603d7d6b4ab2925cd132a10a729f2489bfb62dbed82628f8f2f6f2bc8c9e7f97e82b623659503a10cae320fb5716795e78c7b66b5f47d45a35100824973ca2a9507dfa91fa5674ab393b48df1185508f340dd9a249a268dc6558631d6b11e5d3ec2ecac914d348b800b60851edcfd2b445f5c1ff985ddfd37439ffd0ea2b895ae10acba55cb2f3c968b8ffc7eb7942fb1c94e6a2ecf61835eb5c7114d8ce3ee8c7f3a9db54863b34ba28e51ced00019cf3fe1585a7c38bb224b579cc6326352b907f1603f5adc37736ddbfd997247a6e8bff8bace9f3c95d9ad754e12b229df6b16f7161710ac7203246c809c63247d691b5885efe19f649b6389d08c0ce49423ff00413fa551d4e32b701c5b4b6c1870ac50e7fef927d6a9f38ebf813594ab4e32b1d54f0b4aa43991d226b76f2c8b188e5cb1007031fcfdeb439ed58cc975a7c09128811243b4dca23314f973b997900646324fa1e94ed3629ae6d12e3fb4e72ce49f93cb2319e38da70718cfa735d518bb5d9e74dc79ad046b93c01d49e79aa7abc0d3e95711a175709b97675caf231f8814fb0b8371016dfe6aab955947fcb403bf1c75c8f4c824638ab24939c0cfd7b53d88dd198925c6a0b0490cbe443244b21da01625b3919e9c7144965a7c47333e6503abbfcc01c83d3b63bfeb50d903159a4696cb71e5cd346570014f9c9ea7e83bfa539e4bd726de16b681c1231df1db00679c60d652b290234749919f4f8d646dcf1968989ea4a92bfd28aaba4de44b04be61652d2b3ae4672ad86078f63d28ad807e8b8fecd5618c3bbba9ce720b920fb8c55d91124465750c18608f6ac1fedbb5d1b46b212248e4c5b55571c95c03ce71d4fbd5ad235fb7d56531431491c8a9bc87c631d0e08a6e2dea4a92d8934569245bd79327fd2e4099f41851fcab4fb122a8690e1ade5504929712a9faef27f911fe455fcfad27b94b611b9ce6b0bc49c8b7c67a377fa56efd4561f88fadb81fed67f4ac6b7c0ce9c2ff001518830073f8d761643fd0a0f68d73f9571fc8c60f5ef5d8da645a4393d1067f2ac30dbb3af1db21b3dca433451329265270719c63ff00d755b5c883d86fe331b03f9d56bc97cdd6e08c124478fa67a9fe95af222c8a51d4329ea0e08adefce9a38ff86e3228e96402c0051fbb8cf0304fcbfe14dd7f8b05c9c02e073535a845bdb95442bb762e31818c718ff3fcaa9f88646290c6a0ec04b3107a1fe11f43c9fc2aaa2f71a268bbd54fccc023036e4e57a8c74e9c1fcc7d695188c6141c7661953571ad25934d591ad65f30ee769494c15e83be7a05ed5480c0031db15c1522e9b47b14aa2ab1773696fb45f2d8bdb2064dbe6016c582e7a6485c76fcfde952fb41b890c51c6b2bff00756d9988fc36fb7e95996b2324be5aa312ef1920632db5d580e481ebdeb66e1e5ba92dc0b29a2092336e678f9fddb2e061bae48af4294d4e373c7c45274e7632ece7d3e3b991ae30606e62531b30233c71ff00d6abc2ff004381987ce87904791271cf3c01c74aa56a92b25e4096eed23c4530a53e43ce33923bfa56ac0d2dbabc674f9653e748c195a3c10cec4632c3d7bfad14be11623e3fb8ccd49ed24587ec91b04009c98d941e7b1239ff003eb54549c8c74ef53dec061b88a2282364b58f2320ed3b9f8cfb557078e7afbd71565fbc67ab85fe0a3b0b5b88ee558c65be46dac19194a9c038c1008e08349358d9cefbe7b68647e859e3563fad63e93298e481fcc8de319b694c6fb9063e68b07d006dbdb2580e6b7f233cf515e86c78bb81000c0fc40a420761fd29c09e4520ce3a7e348664e990626bd562c0c578f20ff8128c7e8c45699890c7b390b8ecc471f515996d38b6d4357b89e4096cad1f27a021067f98a5b7f11697712ac51dce5ddb6a828c3712471d38e48a6e37d494d2294f3db5a5fdd44f3c517cebb558e303628e99e9c51597e2fb7f3f58565121c44a0e158f393e9451a08e8b49821b8d33cb9a149104d2fcaca181fde37ad5f86da0b705608638b3d42a05cfe55416f7ec7f6f6915cedba2114e79ca2b77edc9a8d6e355ba198a25895bbe071f9ff8544a767636852725727d222f266d417919ba66effc4aa7fad68fae08ff000ac9d37cd8756bc8ae1d0cd3247280b8e401b09e9cf41f9d6b907bd5b77334ada07d6b0fc45d60cf521fa7e15b9deb0fc463e6b7ee46efe958d6f819d385fe2a30f71c8c007d78ad53ae4896eb1c710560a006273fa566364b038fd6ba5b6d36c5ada33f6588314e582004f1edd2b968a6ef6677e2a508db995cc4d3dcbea31b311b8be7245757d7a63fc6b998ecd62d5c5bca19933c6e1c30adc3a7599523c88c038e831fe7e95d141593b9c78b9294938ed612d4e6f6f39e7720c93d3e41c63b75fd6b3354fde5b4b707f8e728bc7202647fe85b8fe35b70c31c20889428272428c76ac6d5ac2decec635803aa871f2991980ebd89e2b5a9f0330a1fc488b15b42f69133e889392a3e6db165bdf93fceb36eece5b4daf221412676af5da327e5e3d07a7ebd6b72cec6292ce172f7196407e5b8900e9d8678a5b9d2209622374db864a9799d803cf6271dea27153858d295574eadfa1cc8c1201ad4b1b78ae9216b7b582296166deeaa14b031b28e9cf56fd3e959ef1b24851fe56070696094453a96f34229f9fcb764247d460d72d1a8e12d4f4b1149568684d05a198dcc09688f26d2a85b68117a1c1ce3071d3d38ad35b244f3049a54739695df77c872199883f31cf4207b557d32d629eea752f36d4395293ba9c64f520827f1ad3fecdb707fd65d74c0cddca3ff0066f6aeca4fdd3cbc4af7cc1bfb692de5b70e9b545b471e01e0152d903d86476f4aaa08ddc91f4f5ad2d66d920923d8d2b641ff00592bb91cf6c938ace03d38e3f2ae3aaef519e9e197ee51ab636172b2ac524572b13c2622ce6322308d98d971ce464f5ef8f4ad8b1b8fb4c1b986d9118c722fa30ebf8771ec4546ba7418cefbaffc0a97ff008aa92dad62b66768f793230662eecd938c67927b7f4af42f73c5b6a58239cd20c82719fa52819c1eb8cd2310aa4b1000f5e0521997a6c3e7c5a82dca6f496ee4186e4328c28fe5fa52dbe83a65b4cb2c56a15d4ee0598b63d3827f2acc86f2f60b182401a2497749f738cb331cfe441a9619efeea630c7721895cee5f947f2eb512ab6958d6187728f331f716e1b50bb678f765d7071d46c5a2b534742904e4e7e6b893be7a363fa7f8f345686162a6a168d717f341bb0b3462552070197e539fa823f2f6aa573f694023b8d45140e088d8961e9c0ad4d7542c30cef9d914803fa6d6f9589fa0627ff00ad5877d0dbc1218a10efb4fccecd9e7d0573d6565cc76e15f33e526b178e3bcb69a3662033432129d43e0af3db0ca3aff7aba500f6fad72d33c8fa73dbc56fe5a95dcae7ef338e508e9ce40ae8ed2e23bab749e16051c64735a5377898d68da6c9fbd61f88c00d6e4f5f9bfa56e73e9587e22e5adf3cf0d9fd2a6afc0cbc2ff1518846d23381dfe95d8daf36f1e0f1b47f2ae398b039cf5fad6a5e78aacac5045062e6650010a70a38e7e6ff000ff1acb0a9b6ec7563dd92346ea063ab5acaa188c10d8e83d3f9d68310aa4b1e0739cf4ae22e3c49aadca3490208625392d12862a3b06272067ffd439a4974c98c36f737f78ef70ea18c0e0b10a4920127a76e31d723deba9c1413948f3e33755a8c4e8d75db559661753450a27dc2cdcb727b7e1fad52d4f58b0bf8960b69bcc90364a9465c0c1f515517c38daa4426fb5794bd02ecdc319ce7a8f7a65c786ffb336dc8ba1202f80a232b8e0fbf403fc8a8d1d2bbdcd52e5c4251d8d087c4fa75b4496ccd234b1c6010b19e4f4206714278c34d77da56e138fbdb477f6049ac1d4f41b8b680ea11b2cb148a1994e415ce7b1f73db9f6eb57ec3c1ac6056bcb96472002b1e4e07619f5efe95bc630e55739272973b489351d4b4ebc991ed675676c86050afa77231fad542483c107e9578f826d91d5a1bb994839195195fa631df3ebfe305edab5a4ed13fcd8030debe9c570e269a4f9a27ad81acdae491a7e1d1fbc9c9ea40edf5adc1c671eb5c44da6cd7d03cf049b24b61bf001c9f5c7208231f9e2a18f59d674b489ae25f32194128d261c13ee793f87635d14217a68e3c64ed599d0ebe009a2c8e8bfd6b23191c73c1a3fb61f575596480214014956ce4faf3c8fd6908e4feb8ae3aaad519e9619de8a3b5cf028079e062906314a7dbfc6bb4f200fe3cd67eb4e46992c28544970440bbba658e0e71ed9fcab47b5636a578916a5129decb6ea642a070ce78519f5c64d3bdb562b37a220335ddc79905880b042022270723a0e4d416fb2199e5903c4f029919471bb68e714f7223996e209c42f2e4ed7edffd6a91ace737512cf28696e187dd1d157049fcf6fe66b9e2b9a573ba525083b1b5a746d1d842b236e72bb988e993c9c7b73455aa2ba4e021bab74bab5960907c922953583b67648dade046ba1959a42a37075c03d7eee473f8f6ae92b26f37d8dfacd08454baf91c953c4980109f6edf8d4c95d58b84b95dcccbcb5f24a9ba90cf70ff007507a55bd35e4b2bb4b6b80516e81963cff0bf575fc7ef761c91505bdb5fb4c6610e6463f7e5edf8532f5662bb2e6e55ee1486882f48e41f7589ec3f3e3358537cafc8eaad173564eed1b9797496918770cd96db85f5ae6f53bf6bd941dbe5a2f033e9ebc7d3f4ae834ebc4bfb35942946c90f1b75461c1535cf78e657582da15e118b3b10a7a818033f42dc7ae3a56b2a4ea3e5b9852ad1a3ef35a94f244800cfd2b325d29ccac6195555d8e7839eb9fc4fe5fceb2dc6d00838c82ca49c135b7e19b38c4b26a571b96decc1739e8cc3a0f4f7faedf5ab861a54758c8aab8c856b2943f12dfddd3e0b4072ab279b316c9131e30083fc3dbf01d2a596596590cac4bb93924f39ae8346b5923b76b8b83bae6e9bcd7e3a7a2fae00c715a3b549e82b1a94a53de4694b114e9af76052d3dbecfa423be48542dc0ea3b5646a9a98bd54554c460e7e6ea7a8ae97008c534c6846368c7d29ca9b6b953229d68c65ced1cd9d409d37ecce84b232b2b75070c0e08fc3f5ae9c1ca822b3f58891b49baf97a44d8fa81c7eb57d0fca09e335718b8ab3665525194af15614648e78f51d6a86b167f6ab6ca0fde47cafbfb568123d38a424638ef4e51e6561424e2d49189e1e04bcfdf017f99a6ea56905bc72dbcd13359cf9652ad930c9ce719e80fb7bf1835ad0dbc50bc9246bb5a4396393fe7bd3a78a39e231cca194faf6ff000a508b846c8bab38d4a9ccce22cadcdbc3b1d8364e49ee3d3fad585200c804e78c7b55ed574c7bcd3da3555fb6da9ce506df397b71eff438208f7ae39a4939572400430049cf4e07e99a9faacaa3e6723658f8d28f2a8e87a2596af1ccb1a4c364a485e0121be9e95aa31dabccb4dbe16f7d6f3190b04954b6e1ce0f5ea7b638c9cfa76af4c1d335ab8386e7239c66ef14417b751d9da497131c246326b06389e77113366f1dccb23f50ad8e13bf0303b9fd6a7d4ae96eaf0286c5bda3f2e06434d83b467fd9ea692dec2e0c02e619ff007a493c1ebcfaf7fc7d6b2a8dfc26f462b59bf911dcda7918496269ee241f7949c2fa76e6b43484692e19d998adba08573d370cee23e99da7e955ff00b52e160686484add965890a8fe26ef8e7a0c9f7c7bd6cda5b8b5b648812768e49e4934e9c52d50ab4e4fdd913d14515a180541796c9796b2dbc9f76452b9f4c8c66a7a28039e9efaea3b2f25a406e223e5cec06181ecd8ec18739e9cf06aac766c25447cbadc47f2c89ced3eb8fc6b6356b1f314dd5bc0b2dc28dac84e3cc4eeb9f5ee0fad6579af35b7d9ecc916c465e476191ea0fa11dc7b561561af31d742a7bbc8b42282e1ad66596dc89a641895233933a0e98f52b9c8f51c7a54be27b71aa68d1deda309162fde120f053b9fa8c67d7823155208de58d4430952ae4f9dce00f7356d2e1ac257974e6173031f326b60b87079dcc9ebfee9f4e3b62a854ee4e268db5470e11fcc8a350fbf3b42a8e49f61f53d3fad769258259d959e9724570d0644970f0c6cc188c7cb951ebcf63851ea2aaea9e1ab7d4625bed1bcbf9b9f2d0ed56e3b74da7d47f93cc5d43359b1867578e551c2b0c739033fa76fa8aee6f9f63cdf84ef0b59a657cbd57190739b8393cfa7a50cf6c46d16faaf078f9e719fc7777fcfd6bcf954edc29c9392bc7b7f80fe7492611c700f5e3b8e7bfe1d3eb4bd90fda1df09a12db56cb583b79c992403f0cb8cd02584c863fb0eacc4707fd21883f8993f4ae054ef1964e01e4280003fd0ff008546ee4927e5ce724818e69fb21f39dcea32ca6c674b186f8b48857648c274604118eacc3be3a0cf069f6d76a20885e457aef81c348b02ae07202332e40ce33cf4fa570a4949386e393951d78c5284760ccd96620364e7247f9c51ecc5ce77714da48385d31013dcc9013efcef3fe4521b8d2949074d5527823cc807e1f7eb831b4310d8e9f28270076fd28543b091c7d00e99effe7b51ec839cef7fe256c703491c8cfcb2403f93feb4a9fd9ca72ba5601cae4490e3a76f9fd0ff002ae094ec57e98ce01f423b83f85398e094386cf180bfaf1df9eb47b20f68772a6086449ac2c258e746031e7c58707194387e78e9d7900fd72fc55611acbf6db468dd246c4a8a41d8df51eb9c7e55cc6766dda49dbc1c76e73fceb534ad12f7569415431db647ef5f21719e76fa9e3b7d38a3979756c39b9b444be1cb192ff578be5dd1c4c1e43c15c0e838f5c1c5765aa5e3bc874fb493cb99d774b3745813d73c727a01f8f18aa918b6d191ec74c412de361e4790f0a3fbce7b2e33c0feb9a55b28a4d32416d3fda272de64b274321e7b0e83ae074ac2acd5ee6f4a9bdba11cef269b18b38e18fecc38556190c3d73dcf7a8ed0dedbc86482276576fba32ca7f5a8a29a45448509955f83130ce3ff00afd4f1e95674e8e69a6fb35b192389b0d3e48fdda1e801fef1c7d40e7d0d7146f52573d39da953b58d1d3835fdebdec8a3ca8730c43a82c0fcec0f719000ff00773df8d7a8e1863b785628515234185551802a4aeb3cd0a28a2800a28a2800ac7beb336eed341b85b4b91711463247fb400fd78c91f415b14500b4d4e6d64487658472466096327ce07a939c1cfa761552db6f942738436cfb89c7decff3e95ab7fa5244c67b783cc8b2cf24009c927a95e783eddff2229c566b773224191668739cf248ea0f707ebc8ae69d369e876d2ab16acf4218e492398dfc4eb0dc49c98598849d7d71d15bd0f7efc66b4a39ac358022bab6513a293e4ce837a67b8cff0031ed55f57f2e69e1b38114ca300607dd1e9c541736f1daa886f82dc2e73100c4327b83d4741d0d5c6ab4ecfef3395152578eefa0b77e0fb19726da5960391819dca3b719e7b0efff00d6c4bbf075fc284c2d1dc2f41b7e563d3a83f4e99ae82cefeea11b54c97f0a7247027400771d1fb74c1e6b4a0d56ca797c959c24a081e5c9947cfa60ff004ae98d47ba38e5492767a1e7834cd40609b0b85ddc3314603e878ff3f8f151a15dc148642c76e08e7be303df8fd6bd688f51f8d040239ab559f523d91e42a064f38da0e483c7d3fcfad3d5ce24c646d20056e7fcfbf15ea93d8dacec4cd6f0c8c7a968c3123f1a8c693a764b7d82d813ff004c569fb617b267966c53312547248dc7a13eb52c71cd704adbc7248411c2a938e3ad7abc70c510c471aa0f40b8a760014bdb0fd91e650e83a9dd79812ce75f9b9f333183d79e7afe19adab6f05cc557ed7748814e36c6a58e33d98e31f91fe95d84d2c70465e5912355eacec00fcea84bab2be458c2f76c0e0b0f962520f3973c71ed9349d593295348af6de1cd2ec90bc9179c532c5ae1830e33d474e3d714b73a835d46cb64fe5c0a7125d32923ae3083f88e78cf418ef9a866286e106af334ce3e611c6b8850f047bb723a9cf53c53d2669a59eca770cb202626032b8edf971f9573caaa5a5f53a2145bd6d64559e38cd90364c4c009338272e589fbcc79cff00f5bf00cb6b9fb2dd35cc507ee0e5396e87eb51c1e689435bc4e665187c02411ffeafd6ac590b892e592c4059081e6023e58b39c93f9703af7e9d799734e573ba5cb4a167b124418dd96b0c2cf70a4a4720c041c65cf5e071d3a938adcb0b186c20f2e204b31dd248dcb48ddc93eb4b636696509457925663979246cb31ff003daacd75463caac8e09cdcddd85145154405145140051451400514514005529ec7f7cd7368562b86186c82564ff780239f7ea3f4abb450060d9ecb6be76bc5682e253841210549ee15ba31f6e0fb75aa6246bed49a48e548a403f75bff0021fe79eb5d34d0c7711345322c91b0c1561906b1eeb423bcbdbbee8ffe793b1047b2bfa74e0838ed8aca74eeb437a75b95b722dd85b6c4f3a48a38e761f31518ef53cf696f7402dcc11ca0740ea180fceab8d46dedf6c772ad6640c0130c2e3d98657f0ce6ae23ac8a1d1832b00410720d6895918b9733b9977360963019ad6eae6dd506dd81bcc5e4fa3679e7b1150c1a95edd0db6f3d9994f4596174cfe4c7daac6bee459aa2e3e6719fa7ff00af1543118bdb28e0da582a96287afad652a8d4ac7453a31942ecb726a9770ee061b391c1c6d5bbda475eb951fce9f15fea52a82ba62727ef1ba52bf9804fe9594abe6cd3c8f6ad720b13f2b118ebe95d158a2a5a461633102b9d849247ad3854e6e84d5a4a1d4acefabb9fddc5651ffbd23be3a7b0e7ad45766fa38964b8bd58941f985bc1f31f6cb16fe55afdaaaea507da2c668c0c9db903d4d6926d2d0c629392b9870a5bb4724a966f3ba47913ddb190f07a73d3bf03fa54b7f706eb49865272e1f076f6383cd3b4689a650e672628c94f2b1c1e3ffaf54ee105b8b8b695b600fb937b001b1fcce08f7ae76e524774634e13b2e83652cd179129065833b083c11e9fe7d2836e16dc5e4522aaa9f9b7b85da7ea6af45a534f1c3e444f11032d34995e7d948dc791fecfd6b4acb48b7b46123169e6ea1e4c7cbc0fba0703a76e7de88d1beb214b12a2ad028d9d8cf71e7b234d68929c3391b5cfaec0791df96fc077ada8618e08c470a2a20eca3152515d0924ac8e2949c9dd8514514c414514500145145001451450014514500145145001451450021008208c83d41aa6fa5dae59a156b6763b8b40db327d481c1fc41a28a0082e34b9665024992e0203b7cd4c31cf62ca40ff00c77f3aa6d0be8f049792d9c1b53825276620120700a81e9dfd68a28514dea8ae7925ca9e861c7a9db46008e6ba56381f2a01d7a7f156a8f1559dac623952e5d91402c157938ff7a8a2942115b0aa559c96acb3a7ebe35395a3b1b63b97fe7b3ed1fc58e80ff76b4556fe42cae96d08dbc3076939fa617dfbd1455b4884d905b68a911cb5c4dcfde4898c6a7ae3beeeff00deab96d656b6a49b78238d9bab05e4fd4f5345152b42db6ddd9628a28a04145145001451450014514500145145007fffd9, 'activer', 2);
INSERT INTO `projet` (`code_proj`, `nom`, `description`, `ancronyme`, `dt_deb_prev`, `dt_deb`, `dt_fin_prev`, `dt_fin`, `duree`, `logo`, `statuts`, `numero`) VALUES
('P03', 'AFAFI SUD Lot 3', NULL, 'AFS3', NULL, NULL, NULL, NULL, NULL, 0xffd8ffe000104a46494600010201032003200000ffed002c50686f746f73686f7020332e30003842494d03ed00000000001003200000000100010320000000010001ffe125d3687474703a2f2f6e732e61646f62652e636f6d2f7861702f312e302f003c3f787061636b657420626567696e3d22efbbbf222069643d2257354d304d7043656869487a7265537a4e54637a6b633964223f3e0a3c783a786d706d65746120786d6c6e733a783d2261646f62653a6e733a6d6574612f2220783a786d70746b3d2241646f626520584d5020436f726520352e362d633134382037392e3136343035302c20323031392f31302f30312d31383a30333a31362020202020202020223e0a2020203c7264663a52444620786d6c6e733a7264663d22687474703a2f2f7777772e77332e6f72672f313939392f30322f32322d7264662d73796e7461782d6e7323223e0a2020202020203c7264663a4465736372697074696f6e207264663a61626f75743d22220a202020202020202020202020786d6c6e733a64633d22687474703a2f2f7075726c2e6f72672f64632f656c656d656e74732f312e312f220a202020202020202020202020786d6c6e733a786d703d22687474703a2f2f6e732e61646f62652e636f6d2f7861702f312e302f220a202020202020202020202020786d6c6e733a786d7047496d673d22687474703a2f2f6e732e61646f62652e636f6d2f7861702f312e302f672f696d672f220a202020202020202020202020786d6c6e733a786d704d4d3d22687474703a2f2f6e732e61646f62652e636f6d2f7861702f312e302f6d6d2f220a202020202020202020202020786d6c6e733a73745265663d22687474703a2f2f6e732e61646f62652e636f6d2f7861702f312e302f73547970652f5265736f7572636552656623220a202020202020202020202020786d6c6e733a73744576743d22687474703a2f2f6e732e61646f62652e636f6d2f7861702f312e302f73547970652f5265736f757263654576656e7423220a202020202020202020202020786d6c6e733a696c6c7573747261746f723d22687474703a2f2f6e732e61646f62652e636f6d2f696c6c7573747261746f722f312e302f220a202020202020202020202020786d6c6e733a7064663d22687474703a2f2f6e732e61646f62652e636f6d2f7064662f312e332f223e0a2020202020202020203c64633a666f726d61743e696d6167652f6a7065673c2f64633a666f726d61743e0a2020202020202020203c64633a7469746c653e0a2020202020202020202020203c7264663a416c743e0a2020202020202020202020202020203c7264663a6c6920786d6c3a6c616e673d22782d64656661756c74223e4c6f676f7320435441533c2f7264663a6c693e0a2020202020202020202020203c2f7264663a416c743e0a2020202020202020203c2f64633a7469746c653e0a2020202020202020203c786d703a43726561746f72546f6f6c3e41646f626520496c6c7573747261746f722032342e30202857696e646f7773293c2f786d703a43726561746f72546f6f6c3e0a2020202020202020203c786d703a437265617465446174653e323032312d30362d32385431373a33353a30322b30333a30303c2f786d703a437265617465446174653e0a2020202020202020203c786d703a4d6f64696679446174653e323032312d30362d32385431343a33353a30345a3c2f786d703a4d6f64696679446174653e0a2020202020202020203c786d703a4d65746164617461446174653e323032312d30362d32385431373a33353a30322b30333a30303c2f786d703a4d65746164617461446174653e0a2020202020202020203c786d703a5468756d626e61696c733e0a2020202020202020202020203c7264663a416c743e0a2020202020202020202020202020203c7264663a6c69207264663a7061727365547970653d225265736f75726365223e0a2020202020202020202020202020202020203c786d7047496d673a77696474683e3235363c2f786d7047496d673a77696474683e0a2020202020202020202020202020202020203c786d7047496d673a6865696768743e3235363c2f786d7047496d673a6865696768743e0a2020202020202020202020202020202020203c786d7047496d673a666f726d61743e4a5045473c2f786d7047496d673a666f726d61743e0a2020202020202020202020202020202020203c786d7047496d673a696d6167653e2f396a2f34414151536b5a4a526741424167454449414d674141442f37514173554768766447397a6147397749444d754d414134516b6c4e412b304141414141414241444941414141414541262378413b41514d6741414141415141422f2b3441446b466b62324a6c414754414141414141662f624149514142675145424155454267554642676b474251594a437767474267674c44416f4b43776f4b262378413b4442414d4441774d44417751444134504541384f44424d54464251544578776247787363487838664878386648783866487745484277634e44413059454241594768555246526f6648783866262378413b4878386648783866487838664878386648783866487838664878386648783866487838664878386648783866487838664878386648783866487838662f384141455167424141454141774552262378413b4141495241514d5241662f4541614941414141484151454241514541414141414141414141415146417749474151414843416b4b437745414167494441514542415145414141414141414141262378413b41514143417751464267634943516f4c4541414341514d44416751434267634442414947416e4d4241674d5242414146495249785156454745324569635945554d7047684278577851695042262378413b557448684d785a69384352796776456c517a52546b714b79593350434e55516e6b364f7a4e6864555a485444307549494a6f4d4a4368675a684a52465271533056744e564b427279342f5045262378413b314f54305a5857466c6157317864586c39575a326870616d74736257357659335231646e6434655870376648312b66334f456859614869496d4b6934794e6a6f2b436b3553566c7065596d5a262378413b71626e4a32656e354b6a704b576d7036697071717573726136766f524141494341514944425155454251594543414d446251454141684544424345534d55454655524e6849675a78675a4579262378413b6f624877464d485234534e4346564a696376457a4a445244676861535579576959374c43423350534e654a45677864556b77674a4368675a4a6a5a464769646b6446553338714f7a77796770262378413b302b507a684a536b744d54553550526c645957567062584631655831526c5a6d646f615770726247317562325231646e6434655870376648312b66334f456859614869496d4b6934794e6a6f262378413b2b446c4a57576c35695a6d7075636e5a36666b714f6b7061616e714b6d717136797472712b762f61414177444151414345514d52414438413955347137465859713746585971374658597137262378413b46585971374658597137465859713746585971374658597137465859713746585971374658597137465859713746585971374658597137465859713746585971374658597137465859713746262378413b58597137465859713746585971374658597137465859713746585971374658597137465859713746585971374658597137465859713746585971374658597137465859713746585971374658262378413b59713746585971374658597137465859713746585971374658597137465859713746585971374658597137465859713746585971374658597137465859713746585971374658597137465859262378413b71374658597137465859713746585971374658597137465859713746585971374658597137465859713746585971374658597137465859713746585971374658597137465859713746585971262378413b37465859713746585971374658597137465859713746585971374658597137465859713746585971374658597137465859713746585971374658597137465859713746585971374658597137262378413b46585971374658597137465859713746585971374658597137465859713746585971374658597137465859713746585971374658597137465859713746585971374658597137465859713746262378413b58597137465859713746585971374658597137465859713746585971374658597137465859713746585971374658597137465859713746585971374658597137465859713746585971374658262378413b59713746585971374658597137465859713746585971374658597137465859713746585971374658597137465859713746585971374658597137465859713746585971374658597137465859262378413b71374658597137465859713746585971374658597137465859713746585971374658597137465859713746585971374658597137465859713746585971374658597137465859713746585971262378413b37465859713746585971374658597137465859713746585971374658597137465859713746585971374658597137465859713746585971374658597137465859713746585971374658597137262378413b46585971374658597137465859713746585971374658597137465859713746585971374658597137465859713746585971374658597137465859713746585971374658597137465859713746262378413b58597137465859713746585971374658597137465859713746585971374658597137465859713746585971374658597137465859713746585971374658597137465859713746585971374658262378413b59713746585971374658597137465859713746585971374658597137465859713746585971374658597137465859713746585971374658597137465859713746585971374658597137465859262378413b71374658597137465859713746585971374658597137465859713746585971374658597137465859713746585971374658597137465859713746585971374658597137465859713746585971262378413b37465859713746585971374658597137465859713746585971374658597137465859713746585971374658597137465859713746585971374658597137465859713746585971374658597137262378413b46585971374658597137465859713746585971374658597137465859713746585971374658597137465859713746585971374658597137465859713746585971374658597137465859713746262378413b58597167645831524e4d746c754a49793852634c4c4a554b6b53304a4d6b684f34556361564150586569315955616e4f4d55627130786953612f4161304c5654716d6d78586a512b677a3144262378413b5238756131553035493946354933326c59714b6a734d645071426c6a593736525241462f722f4834734137492f4c316469727356646972735664697273566469727356646972735664697273262378413b566469727356646972735664697273566469727356646972735664697273566469727356646972735664697158363570556d71366450596936657a5764654a6e68432b73752b2f426e44714b262378413b6a6176477668766c5758454d676f386b537571424d54336a396f4b2f53374f6531684b794d6f443062367567484349384655704739465a6c71704e5846642b776f6f6357495146446b794a4a262378413b4e6b6f334c554f7856324b757856324b757856324b757856324b757856324b757856324b757856324b757856324b757856324b757856324b757856324b757856324b757856324b757856324b262378413b757856324b757856324b757856324b757856324b757856324b757856324b757856324b757856324b757856324b757856324b757856324b757856324b757856324b757856324b757856324b75262378413b7856324b757856324b757856324b757856324b757856324b757856324b757856324b757856324b757856324b757856324b757856324b757856324b757856324b757856324b757856324b7578262378413b56324b757856324b757856324b757856324b757856324b757856324b757856324b757856324b757856324b757856324b757856324b757856324b757856324b757856324b757856324b757856262378413b324b757856324b757856324b757856324b757856324b757856324b757856324b757856324b757856324b757856324b757856324b757856324b757856324b757856324b757856324b75785632262378413b4b757856324b757856324b757856324b757856324b757856324b757856324b757856324b757856324b757856324b757856324b757856324b757856324b757856324b757856324b757856324b262378413b757856324b757856324b757856324b757856324b757856324b757856324b757856324b757856324b757856324b757856324b757856324b757856324b757856324b757856324b757856324b75262378413b7856324b757856324b757856324b757856324b757856324b757856324b757856324b757856324b757856324b757856324b757856324b757856324b757856324b757856324b757856324b7578262378413b56324b757856324b757856324b757856324b757856324b757856324b757856324b757856324b757856324b757856324b757856324b757856324b757856324b757856324b757856324b757856262378413b324b757856324b757856324b757856324b757856324b757856324b757856324b757856324b757856324b757856324b757856324b757856324b757856324b757856324b757856324b75785632262378413b4b757856324b757856324b757856324b757856324b757856324b757856324b757856324b757856324b757856324b757856324b757856324b757856324b757856324b757856324b757856324b262378413b757856324b757856324b757856324b757856324b757856324b757856324b757856324b757856324b757856324b757856324b757856324b757856324b757856324b757856324b757856324b75262378413b7856324b757856324b757856324b757856324b757856324b757856324b757856324b757856324b757856324b757856324b757856324b757856324b757856324b757856324b757856324b7578262378413b56324b757856324b757856324b757856324b757856324b757856324b757856324b757856324b757856324b757856324b757856324b757856324b757856324b757856324b757856324b757856262378413b324b757856324b757856324b757856324b757856324b757856324b757856324b757856324b757856324b757856324b757856324b757856324b757856324b757856324b757856324b75785632262378413b4b757856324b757856324b757856324b757856324b757856324b757856324b757856324b757856324b757856324b757856324b757856324b757856324b757856324b757856324b757856324b262378413b757856324b757856324b757856324b757856324b757856324b7638412f396b3d3c2f786d7047496d673a696d6167653e0a2020202020202020202020202020203c2f7264663a6c693e0a2020202020202020202020203c2f7264663a416c743e0a2020202020202020203c2f786d703a5468756d626e61696c733e0a2020202020202020203c786d704d4d3a4f726967696e616c446f63756d656e7449443e757569643a39453345354339413843383144423131383733344442353846444445344241373c2f786d704d4d3a4f726967696e616c446f63756d656e7449443e0a2020202020202020203c786d704d4d3a446f63756d656e7449443e786d702e6469643a37613533386639382d363464632d363734332d393135662d3839323937613630616237623c2f786d704d4d3a446f63756d656e7449443e0a2020202020202020203c786d704d4d3a496e7374616e636549443e786d702e6969643a37613533386639382d363464632d363734332d393135662d3839323937613630616237623c2f786d704d4d3a496e7374616e636549443e0a2020202020202020203c786d704d4d3a52656e646974696f6e436c6173733e64656661756c743c2f786d704d4d3a52656e646974696f6e436c6173733e0a2020202020202020203c786d704d4d3a4465726976656446726f6d207264663a7061727365547970653d225265736f75726365223e0a2020202020202020202020203c73745265663a696e7374616e636549443e786d702e6969643a36303666333364642d393933342d313234662d383365362d6163373234626334386537623c2f73745265663a696e7374616e636549443e0a2020202020202020202020203c73745265663a646f63756d656e7449443e786d702e6469643a36303666333364642d393933342d313234662d383365362d6163373234626334386537623c2f73745265663a646f63756d656e7449443e0a2020202020202020202020203c73745265663a6f726967696e616c446f63756d656e7449443e757569643a39453345354339413843383144423131383733344442353846444445344241373c2f73745265663a6f726967696e616c446f63756d656e7449443e0a2020202020202020202020203c73745265663a72656e646974696f6e436c6173733e64656661756c743c2f73745265663a72656e646974696f6e436c6173733e0a2020202020202020203c2f786d704d4d3a4465726976656446726f6d3e0a2020202020202020203c786d704d4d3a486973746f72793e0a2020202020202020202020203c7264663a5365713e0a2020202020202020202020202020203c7264663a6c69207264663a7061727365547970653d225265736f75726365223e0a2020202020202020202020202020202020203c73744576743a616374696f6e3e73617665643c2f73744576743a616374696f6e3e0a2020202020202020202020202020202020203c73744576743a696e7374616e636549443e786d702e6969643a62666265636636362d623331382d366434382d393465362d6534386338646662633430353c2f73744576743a696e7374616e636549443e0a2020202020202020202020202020202020203c73744576743a7768656e3e323032312d30362d32355431363a33313a33312b30333a30303c2f73744576743a7768656e3e0a2020202020202020202020202020202020203c73744576743a736f6674776172654167656e743e41646f626520496c6c7573747261746f722032342e30202857696e646f7773293c2f73744576743a736f6674776172654167656e743e0a2020202020202020202020202020202020203c73744576743a6368616e6765643e2f3c2f73744576743a6368616e6765643e0a2020202020202020202020202020203c2f7264663a6c693e0a2020202020202020202020202020203c7264663a6c69207264663a7061727365547970653d225265736f75726365223e0a2020202020202020202020202020202020203c73744576743a616374696f6e3e73617665643c2f73744576743a616374696f6e3e0a2020202020202020202020202020202020203c73744576743a696e7374616e636549443e786d702e6969643a37613533386639382d363464632d363734332d393135662d3839323937613630616237623c2f73744576743a696e7374616e636549443e0a2020202020202020202020202020202020203c73744576743a7768656e3e323032312d30362d32385431373a33353a30322b30333a30303c2f73744576743a7768656e3e0a2020202020202020202020202020202020203c73744576743a736f6674776172654167656e743e41646f626520496c6c7573747261746f722032342e30202857696e646f7773293c2f73744576743a736f6674776172654167656e743e0a2020202020202020202020202020202020203c73744576743a6368616e6765643e2f3c2f73744576743a6368616e6765643e0a2020202020202020202020202020203c2f7264663a6c693e0a2020202020202020202020203c2f7264663a5365713e0a2020202020202020203c2f786d704d4d3a486973746f72793e0a2020202020202020203c696c6c7573747261746f723a5374617274757050726f66696c653e4261736963205247423c2f696c6c7573747261746f723a5374617274757050726f66696c653e0a2020202020202020203c696c6c7573747261746f723a43726561746f72537562546f6f6c3e41646f626520496c6c7573747261746f723c2f696c6c7573747261746f723a43726561746f72537562546f6f6c3e0a2020202020202020203c7064663a50726f64756365723e41646f626520504446206c6962726172792031352e30303c2f7064663a50726f64756365723e0a2020202020203c2f7264663a4465736372697074696f6e3e0a2020203c2f7264663a5244463e0a3c2f783a786d706d6574613e0a202020202020202020202020202020202020202020202020202020202020202020202020202020202020202020202020202020202020202020202020202020202020202020202020202020202020202020202020202020202020202020202020202020200a202020202020202020202020202020202020202020202020202020202020202020202020202020202020202020202020202020202020202020202020202020202020202020202020202020202020202020202020202020202020202020202020202020200a202020202020202020202020202020202020202020202020202020202020202020202020202020202020202020202020202020202020202020202020202020202020202020202020202020202020202020202020202020202020202020202020202020200a202020202020202020202020202020202020202020202020202020202020202020202020202020202020202020202020202020202020202020202020202020202020202020202020202020202020202020202020202020202020202020202020202020200a202020202020202020202020202020202020202020202020202020202020202020202020202020202020202020202020202020202020202020202020202020202020202020202020202020202020202020202020202020202020202020202020202020200a202020202020202020202020202020202020202020202020202020202020202020202020202020202020202020202020202020202020202020202020202020202020202020202020202020202020202020202020202020202020202020202020202020200a202020202020202020202020202020202020202020202020202020202020202020202020202020202020202020202020202020202020202020202020202020202020202020202020202020202020202020202020202020202020202020202020202020200a202020202020202020202020202020202020202020202020202020202020202020202020202020202020202020202020202020202020202020202020202020202020202020202020202020202020202020202020202020202020202020202020202020200a202020202020202020202020202020202020202020202020202020202020202020202020202020202020202020202020202020202020202020202020202020202020202020202020202020202020202020202020202020202020202020202020202020200a202020202020202020202020202020202020202020202020202020202020202020202020202020202020202020202020202020202020202020202020202020202020202020202020202020202020202020202020202020202020202020202020202020200a202020202020202020202020202020202020202020202020202020202020202020202020202020202020202020202020202020202020202020202020202020202020202020202020202020202020202020202020202020202020202020202020202020200a202020202020202020202020202020202020202020202020202020202020202020202020202020202020202020202020202020202020202020202020202020202020202020202020202020202020202020202020202020202020202020202020202020200a202020202020202020202020202020202020202020202020202020202020202020202020202020202020202020202020202020202020202020202020202020202020202020202020202020202020202020202020202020202020202020202020202020200a202020202020202020202020202020202020202020202020202020202020202020202020202020202020202020202020202020202020202020202020202020202020202020202020202020202020202020202020202020202020202020202020202020200a202020202020202020202020202020202020202020202020202020202020202020202020202020202020202020202020202020202020202020202020202020202020202020202020202020202020202020202020202020202020202020202020202020200a202020202020202020202020202020202020202020202020202020202020202020202020202020202020202020202020202020202020202020202020202020202020202020202020202020202020202020202020202020202020202020202020202020200a202020202020202020202020202020202020202020202020202020202020202020202020202020202020202020202020202020202020202020202020202020202020202020202020202020202020202020202020202020202020202020202020202020200a202020202020202020202020202020202020202020202020202020202020202020202020202020202020202020202020202020202020202020202020202020202020202020202020202020202020202020202020202020202020202020202020202020200a202020202020202020202020202020202020202020202020202020202020202020202020202020202020202020202020202020202020202020202020202020202020202020202020202020202020202020202020202020202020202020202020202020200a202020202020202020202020202020202020202020202020202020202020202020202020202020202020202020202020202020202020202020202020202020202020202020202020202020202020202020202020202020202020202020202020202020200a2020202020202020202020202020202020202020202020202020200a3c3f787061636b657420656e643d2277223f3effee000e41646f62650064c000000001ffdb008400010101010101010101010101010101010101010101010101010101010101010101010101010101010101010202020202020202020202030303030303030303030101010101010102010102020201020203030303030303030303030303030303030303030303030303030303030303030303030303030303030303030303030303ffc00011080277027603011100021101031101ffc4010a0001000103050101000000000000000000000907080a010405060b03020101000007010101000000000000000000000103040506070809020a10000006010302030305080a0b0b09020f01020304050607001108120921311341140af051221519617132231696d6578191a1b1d4559517b739c1d1e142332477d7385878f15272b576b6379718b81ab3347425752698793a62b2732759829243b43536c8d588d8b95a1100010302040303040a0c0908060804070100020311042112050631410751611371812208f091a1b1d13252931417c14292d22353d35415551618e16272b23373243537f182c2b374b47509a2433494d436638344c425b55676e2c384a4a3456595268638ffda000c03010002110311003f00cfe3444d113444d113444d113444d113444d113444d113444d113444d113444d113444d113444d113444d113444d113444d113444d113444d113444d113444d113444d113444d113444d113444d113444d113444d113444d113444d113444d113444d113444d113444d113444d113444d113444d113444d113444d113444d113444d113444d113444d113444d113444d113444d113444d113444d113444d113444d113444d113444d113444d113444d113444d113444d113444d113444d113444d113444d113444d113444d113444d113444d113444d113444d113444d113444d113444d113444d113444d113444d113444d113444d113444d113444d113444d113444d113444d113444d113444d113444d113444d113444d113444d113444d113444d113444d113444d113444d113444d113444d113444d113444d113444d113444d113444d113444d113444d113444d113444d113444d113444d113444d113444d113444d113444d113444d113444d113444d113444d113444d113444d113444d113444d113444d113444d113444d113444d113444d113444d113444d113444d113444d113444d113444d113444d113444d113444d113444d113444d113444d113444d113444d113444d113444d113444d113444d113444d113444d113444d113444d113444d113444d113444d113444d113444d113444d113444d113444d113444d113444d113444d113444d113444d113444d113444d113444d113444d113444d113444d113444d113444d113444d113444d113444d113444d113444d113444d113444d113444d113444d113444d113444d113444d113444d113444d113444d113445f074e9b326cbbc7ae1068d1aa2a3872e9d2c9b76cdd04482a2abaebaa62248a292651318c61029403711d3821200a9e0ac9f32f722e0f60503a590f91d8ed3932780c054e494bfd840c0f4d1ea15486a3a1607cd8c8394ce0a02c54fa0a99cc3b01476a29f52b1b7c259581dd95a9f6854ac3b5eea0ec9db351aeea9676f234025ae91a5f42683d06d5f8907ed546a64af889f8ad5c5dc33c678ab3164f5d158c9a520f5b40d0601d260d9c9c1745d4a3f969e293df1349312a918437a6a0a850374741acf2ee9d398fc91667babdc07bbf02d31ad7ad6f4bf4c2e658baeef5ed34fc1c795a7c8e90b4d3fcd56e4e3e2563faa7234e1814530f4fd355d7220c450df4775c0ed91c18a149d07f02882a6ea0f11028f86a99fbadadf890547f2e9fe8ad7977eb9fa7467fb16812caded75db63f7ad9ea9ed8be240cbce9a48854b8c98e211d2aa10625ccfdf2cb696ec92072999423f691d0d515255433429d303a6ab302a860389440a299a8e6ddf336be1c0df3b89f780562b9f5d5bc24b6d76f44c3cb3de39d4f2d2d995f717434be232e53261bbac2581940dbff00d4b7c80806fe7d5b9ee6e3c3c3524eeebda611459bfcef855a9deb9dba64348745b06f96595def06add1fe236e4b8f82582b07878086e75af47e93780808805909b86c3e5fbba80de17869f828bfe97c2a4fef97bc862ed234d38f274c3fd33edafa43fc46bc9542550567704e109586202def51f12bdea0e456133750ad850987762b0366c093a121ce0664afa8428903a04c072fd8ddd741fe9451967713efe2ab60f5d3d79ae1f4ad06d5c3b1b73237dd313a9ed1556623e24eb2a2814b3bc3f8393702b1c4ee22338bf8347d037f824cacdee28b029eb13fbe38afd26f614beda966ee71009b715fe5ff00f855ea1f5d5696567db643fbafb0f76d1542a9fc4994978f914af5c4cb65723cea342aef2a796a1eeae9122af01376a1584b512864581ab11154a1eb9455503d3fa21f8cd4f66eeb5cd96589cdf21afd80b2bd33d71b66dc383753d36f6d813896bd9281dfc2327da57ed88bbe076feca28a6498c8b61c3d2a62809e2f2bd4e4624843994493290b3b5e1b3568e222b00efef81b001b7fc136d7387716953719323bb1c29eee23dd5b6f41f580e946e0cad83558ade73f69701d0918d3173864ff00a5c3152658f32ee2bcb71649bc5d91e8f90e28e83573efd4cb442d8d14d27add276d45c0c53c7466a65db2e438154021ba4c1e1abbc7345337344e6b9bdc41f796dab2d46c352845ce9d3c53dbb8543a37b5ed3e76921544d4c5589a226889a226889a226889a226889a226889a226889a226889a226889a226889a226889a226889a226889a226889a226889a226889a226889a226889a226889a226889a226889a226889a226889a226889a226889a226889a226889a226889a226889a226889a226889a226889a22b73e41f2e38ddc558a8f97e4065cabe38465cae8d0d1f2269095b1cd95910a776683a9d758cc5a264adc0e5038b566a8018c52fe11800644f756f6cdcd3bc3477f1f30e27ccac3b83746dedab666ff715e41696a013591d4269c72b455cf3c306b49c460a1a7939f109e09a5337311c5ba6cb66cb12cd133b4b75b194dd0b1fc73a33831544dd444bb28cbdcb9d36c9f57a656cc0822a17f1de0600c7ef37459c5e85a832494c2a081ee8a95cebbc3d6cba7da34259b604daade16d410c921881ad3174ac6bcd063e8b287019b8d21eb30f7cce7d65b87243465aa87855036c2f1ce18a93d8a9578414d44c5219bbbcfdf2518977500c2664ab553a881b1803701c7e7dd1a94a7230323f20c7dd27ec2e73dc1eb6dd4dd4d8f83498b4fb0889f45d1c6f7ca076174b23db5ef11b5453586c576c913e797b5d8ed9906d526bec791b1cccd5ae71db8595dca915ccab9907a731d637d12947601d8003c8356492f1ee2e7ddca48e3571e039f12b41ea5bb377ef1ba0cd62f2f6fae89a35af7be4c5dc9adaf3a014031f32b87c73c17e5b6554127947c11767acd713268bf97463aa6c54129014112bcb7484136317d3101ea0374888ec03bf86b15d5377edbd34f8173770b6438d055c69fe682b39d03a03d62dd5109744dbf7d2404fc678642de00fc69df18a6231572556ecf3cdbb02e546669d52a52425eb1753d7cac3e0208097e80a75790b01cc70dfef7879eb149fa9db56070f0a69253fc58de07fd2016d6d2bd4a7aed7ae6bafacaceca22057c4bb81c457ba17c9eff2576153ec4d797064d4bbe73adc6a7ba62ab6add66424d6126e3eb101c48bd8f480e003f447a040447c4358f5cf58ac9808b7b67b9dcaa7da5b7746ff0097feb6f2d76b9aedbb23a622189c5c0f3a17903c982b8383ec5b864842127b33e5378a977f54f12cea51491807710f4c8f22268c4d807c7731b7fb9e5ab2cbd67d48610da5b81de5e7de216c2b5ff97a6c776592f35ed55dda18cb7657b699a37d3dd5db13ec69c61112839c939e95d8bb8993b063c4804de1b86c6c6ab6c03e7aa07759f7054e4b6b2f3b64fca057a67fcbe3a4e07e1356dc2e75394b683ff733f656e8dd8cb8a5d23d391b90406dbcc6cd8e4c01fb1fcd61447f6f43d67dc54196dec89fe4cbf9553cff00cbefa43cf54dc9f3f67ff815c4bbec59c6d380fb8e56cdc89840bd3ef7214374528f801b72a5456426010df6f10db53d9d67d6801e25b5a9757978838f717954373ff2fae9b39a5b67aceb8d6f2ceeb57fbadb662a5765ec495fdf7a7e7c9b6e1b9c4a4b1d4183e002ee1e9a665632463c4c600f013026003e7b0796ae56bd6a97ff006bb368029f11c713cf8ac4356ff979698d666d1370dc6724e1342c229cb18e95efc07995adddfb26726a140ea532d38e6ee911231c891a41e569f2870136c9152926ea330388006c22b81771f11000df590daf5936ccae1f4a6cd19c3ed4bbcbc02d51adfa83f546c0d745bdd3ef98057171889c4e033d71e1d831e2ad9ec5dad79d55c4d670be0d7528d911d8cb40dcf1f4c9ce025eaea498b3b59e4ce1ecff0003befe1f36afd1752f66dd11e1de06bbf8cc91bdd4c594f3556acd5fd51bd60f49abff00403e7887db43736925471a86b67cfedb42b33bee27c8d8da40f159128368a83e2a8b23eef63827f1a0a9db0fa6b03755d37220e48989bc4c998c5d84077d87593da6a9697cdcf653c7237f8ae07dbe7edad33aced7de5b26e043af595fe9f7198819d8f6025a71a380a1a768242b88e3d73ff97bc5e70dd3c479c2e0cabcdce650689657a6b8d1553990f7730856ecbf58b46022914be2cc5b1b721477dc03590d9ebda9d97a2c91c5a0f07623cd5fb0b3dda5eb01d4eda5963b4d45d75661c4f85740ccce005012448d029806bdb43e535972c35f11a675899d411cfd84b19dd2a9ee69a2a38c545b1d1ee08ba05530524551b3d9edf5c960147abfc5934a3404fb082a50fa3ac92d77993ff6c8db97f8b507dd2797916fedabeb9373f48116f6d36116a7feb2d33b48c7898a5924a8a56b478c54d9e1bef1ddbff31b9aac236cd24a0dcad468c68dea5926b169ab198cbc999145288796e5e1d5c7bef2578b0220624b99339bc4a6d84075935a6bba5de10d8a50243c8823cd52295f215d31b53ae7d2ede52c769a3ea910d4240da43336481f99dc180cad6b1eeae148defc781350a4eda3b6afdb20f58b96ef59b94cab3676d164dc367089c3722a82e898e92a99c3c40c511010d5df8adb60822a382dc6889a226889a226889a226889a226889a226889a226889a226889a226889a226889a226889a226889a226889a226889a226889a226889a226889a226889a226889a226889a226889a226889a226889a226889a226889a226889a226889a226889a226889a228eae62f746e29709a559d5325ce596df911e376cf7f9b6c5d131b64b5c7c6ba5554d2929d565a72b95aafb71044e72a4f245176aa65ea491500c5eab6dfead67a70fc3b897fc96e27df03db2b597507ab9b23a69067dc7704df168736de101f3b9a5d9410c2e6340ad717bda280d2ab1bde50f7e8e58652b43d6bc7872c38f58d91155bc724942562e190e71b1d32a6675619eb343cc45432ca1ba8e9a312d9055b6e05f7b584bd66c3ef775dcc8fa598f0e3ef0093e5e23da5c65bffd6f772ea573f47d8309d374f6bbfa59991493bc65c4163bc5898331a8a66380f4b121436caca64dcdb7d56526242e3943235c658c2778fdd4ad9ec9352b2af4ca8a699963bb74a19c3c722254c9b10a26fa2001ac5af75225aeb8bb928ce25ce20015ef2b9aeff5ade3d44d62b7afbbd4f56b89306805ee2e71e0c63451a2a706b400060000a45b117676e59e4d8f6f3761429b89a31caa0076f7c94941b299a8249a9ef2840c0c44b9000c2a74811cb96a7dc07700000df58eb1d52db9a5e6640e92e6e1a7feac0a035e15247b80ae92d93ea59d60ddb6f1de6a42cf47b0772ba7c9e3d295a88a389fe4199ed52b585fb2cf1c69f1e82d981fd832ece1d0311da09cacc536b492c2a01c8a336d5c9061366f4d22817755e18a61111e90f0db5aeb1d61d7ae1a7f43b23b615e2e01ee229cf302079879d75eec2f517e99e8b6f1bf7b4971ac6a38e60d925b786a4d45044e6486830357d0e382912c5bc4ce37617fa78cf0ed32b2e84e828320562acb4b0a8dc4e289feb89d712729d4989cc203eb798efac12f3776b9aa54dfdccb213c454018e0681a005d33b5ba2dd2ed9543b6745b2b69053d2cae91fe8e23d395d23fb79ab852244206c429481f317c03cb6f0000d8360f9b56b639af265a1ce799249f756c610088648c00dec187f005fae91f3dc3fb41f30787b751c7b54721e387b3cdcd682988fb43eefcbefea5c8c73dd51c104669c57e80360db546ee27b2aaa9a28d016baf9e545f49bfcfa7b4a15a714f3d4684e078a86053fb5a624f7a8ad36dfdba96585c70213954ad3a47e5fddd43c370229c5429dabaf5829f55b6b43b0b4d720ec6c5429c87693716ce51b894e00070f49ea2b10bd4001bec1e3b6ab2d6eef6d1e1d6d33e377f15c42b56a7a0e89ad426df57b4b7ba80e05b2b1af14ff381a799588640ed5dc27bf1df3afe681bd4e51f13a7eb6a6d96d70076aa75758acde1d09952b22a187e88f5b237d11fb85db3eb2ea0ee9b38da19706568fb5903483e7cb9bbf8ae7add1ea91d0add19e4768e2cef5c0012db4d3445b435a88c4861c7118c670ef01460667ec5f736f24bc8605cab587f10aabd49c0e4c1968990668fa5b8a68ce57a166dbc8282b06c5051ab70e91f136e1e39e69fd5fb28edd8dd6ede513f37440381c70c1ce69e0b93b7effcbff5afa53ae7a77ab5abac4f086f4c8c7b701809228a50ea9af16b78f75544ae7de2267be38be563f2bd02463a2d559e3669658f29a62a72c9b631535556b30d93148a8aa454a6291c151544a6f12078806ccd1374e8fae47e2699382ee194fa2faf92a7dcaae35dfdd1dea574aaf3c2dcb612c31871cb3c60c909ca47a4d900c388233069ee5ddf8e9dc07983c5087fc9cc1b9aa6ab551fac7eb2569733155fbad50ee0e2803823788b7c54c042a6f136e52aa31aa3254c1e2070378eb38b1d7352b06d1af261af03423dd151e6215c7677ac0f53f6508ed6c75075c694d754c13b192b4e14a07b9be2b070c18f68ae34c4d7222e347c43b8767612bf01ca7c7d6da1ddd4709b096bce378746cf8d0e909cc52ce4844b89c2ddebc41274faaddab599029ba8e0a14a2042e6561bb2cae691dc831cdccfdafbf51eeaec8d8beb6bb1f5f6c563ba629b4bd55d839e407dad6b414787991b518d1d1d063e9118ac872a172a9640aec5dbe8d6681b855a6db11e4458ab52ac66e1649b1ff05667251cbb868e09b86c3d261e910101d84043594b1ed7b43d84169e04705d5705c41750b6e2d5ec92dde2ad7348735c0f0208a823bc2ec9afa5393444d113444d113444d113444d113444d113444d113444d113444d113444d113444d113444d113444d113444d113444d113444d113444d113444d113444d113444d113444d113444d113444d113444d113444d113444d113444d11344563fcb6ee1bc5ce1ac1c9af94721c449de9919822d70ed32521a7f2bbd5e599aaf62d6714d4a49292828474dd2eb193902b6624298bf8c131d321e8af350b4b26174ef1987da82331f37d9e0b07de7d47d9bb06cdd77b96fa08646b6ad87334cefad69922ae735a7c6a068e6e0b14ae6477aee517269cc3c56277f64e2a50e2caeceee231adf64cd79b33c5d447d0753d91e2a3aad2ed1ab045bfe25946a6c93032cafaea3a0f4853c1b50dd173727c2b5061654e20e27cf853cdeeae0dea5fad6ee8dc8d769bb2d8fd234f6b9c0ca24cd712b6be890e0d6f8380a96b0b8d4d339a28e4c6181f3bf23ac4a171c506f1909f49ca9d097b4a51d28fa1db492a995c2cbd9adae1252358ac291c0e73ba7053980c5f313140704d6b71693a434cbabdc3237d2b473bd377f25b5cc7cc168fda9b03a95d58d5cbf41b2d4753b974995f3b849246d77c63e2dc3aac6606be9bea6a399536dc7fec80c10084b2722b248ba50523ad278da98c05a3745c0390f41177787122670f1033527e348847b73759f62ac205ea3e95d7bac3239efb6d06de801a095eee38710ccb863862e3eed077c74d7d412dd821d5ba95a9191ce692eb2b76650d766f4735c979ce328c5ad89b8ba99ce5c668313f1cb0561649a36c618a68d505dbb56ac8f33135a8a4ec2f916641220794b119b1a6a4d7d84c22a2eb9cc63184c22223ad69a8eb5abea959350b99a4049394bdd9013c68dad00ee017776d2e9574eb625b360daba369d67235ad0646411899d9060e7cb97c473b89a971352557d1280fb3f67e5f36ac458d26bcd6734042fcfa65f3f1dfefea5be36653e440c6d6bceab5db5460068a8aa9f45a87cbf7355b07c4f3a96ee2b5d4e5f29a2815f9d5bdc7d33e55387c54d7cf7e14514fdad42be44e29f775f5c7cffe550ef40d01e49de9f307cbc3d9a80e141eca7b489a53051355a7f774e1e550a62bf7fb9ab88e182949fb3a2790ae1e72bf05668d790963858a9f87914156b2115351ed25235f355c829aedde317c8aed5ca0aa6610310e5314c03b080ea532ea7b69c496cf747234f169208ef0462a8eff0049d3356b5759ea96f0dcda4828e64ac6c8c703810e6bc10453910a367927da8b8cd9ca38ee29b0117836e09a2924d27b1e4047b3821e9722b1cd2b4962ac34348a8aa67310544ccd97f1288a820402eb3bd13a97b8b46a36e9e6faceb8b6471cdfe6bf12298614a715cbfd4ff53be94efd80cda35b45a1eae1a0365b4898d8eb989264b7698d8f26b42416bb0189028a097937daa7925809e19fd461a5339d25555245bd82815894716040c768772b1e6a951eacec8c6b640e89c9eba6b3943c09d47218e040dc5b73a8da0eb6c02e1edb2bc3f6b23c069c7ed5e4341f682f3d3aadea79d50e9dc8ebad121975fd0eb84b6b03cca065a92fb76995cd00820b839c38548ad15a5e0ce51f2378b96067278572bdf31d8c6cf319b93a8309d984291627f1abfa80d6eb43176957ec8d55289d1548edb99404d43810e431bab5b474fd6af2cc892dde5f160695ab4fd82b4decbeab6ffe9cea0c3a5de5cb6da2907896b2bde6176538b1d138d1b51504b435c391042ca4f85ddfc316660b042e37e505562303d91f3445bb6ca4859935b12caca3660edd482d6234db78e778d1bb951a011b0aeee51a8a8a94aa394bc0473fd37745a5e111dd52194f324653edd29ee8ef5de3d32f5a5da5bce41a76e8645a26aa4d1ae92669b77d1b527c5788fc224d4063ea380ce49014fed7ec3016d8288b4556721ecd5ab047339881b157e4d94cc14dc44820474c252225e357731f251cf9b2855115d150e92a43018a610101d650d735ed0e6105a45411882174fc3343730b2e2dded92de468735cd21cd7348a8735c2a0820d410684621731a8a9a9a226889a226889a226889a226889a226889a226889a226889a226889a226889a226889a226889a226889a226889a226889a226889a226889a226889a226889a226889a226889a226889a226889a226889a226889a22e267a7e0ead0d2763b34c45d7abf0ac9792989c9a7ed62e262e3daa62ab97b2120f5545a336a8265131d450e529403c4750243455c6802f8924644c324a436368a924d00038924e00058bef3b3bfaae576be3fe0925033b012b5576da673adceb36f8d958e9898424199431c5367cb5576c256b690a0e92929b66edaa8e8de98c7a8927ea2b886a9b9db0fe0b4fa38d3171070f2034ad38d787715c6bd55f5b0d23457bb46e9d986f6fcb0875cc8c97c289c4b9b4631c233239b40e0ea98cd40a3b158e1c5c2660e4764d780c10b965ccad769052525dfb970e276c734f163228ab252b26f151f4d2443d34fd55944dba090148024214a01afb51d6ed6c58fd4355983587125ded61ccf9054ae29b78f7d756374bfe8ecb9d5b745d7a45adc5c4368d07121ad634103880d14e0a6f38b3d94dc4ac4859b957333902fd7347ba8ac7d439d81059a223eaa8f5bdb67463e79aaeaa802914128e549d1b1ff1e3b86da4772f57228e4306db0c771ac9235d4e54c8df44f6fc6eec1779f48fd43997d68dd5fabd3dcdbcee0c732ced658b3379b84f2e495a790cb110463e9f0590163dc6d44c515a654ec755788a856a3c3fc5a22159a4cda954121133aea826503aee952a45eb55413287dbc4475a2f50d4efb56ba75f6a12be4b977326be61d9e4e0bd1bdb7b5b6f6d0d359a3edab486cf4e60c191b4347654d312683126a4aecae0bf8d36fe3bedb7887806c5f1f30f686a544465047c55928e0b5403f1a9fdcf3f0fb9f736d57bfe2a947815ca6a429483e5af97825a40e28bf3e5fdddb547e0bebfe4537305c0485aeb710b190959c898d50080a091f48346a7e9308940de9acb14fd22251f1db6f0d5c60b3b831d63639e09e40956bbed5f4ad3dc1b7f73042f22b47bdad34f390ba949e68c4f108a8b48645a6b62a45398c556c316537e2c04c6002fbcf509800a3e1e7aac8b4ad4a621b1c12971fe295619f7eec8b4afd2b55b06068c6b333dead55a24b774ae11c3a8645ce634d554bd7b959d3af8f0a1d03b1b73b7aca850f1f2f1f1f66b24674f777bc070b514feb23fbf5a4af7d707d5f6c24315c6ba3c4a9f8b6d76ff0075b015f8aef747e14d8df0324331b564228a8b82d2b56b9c53702266e912faafabe9145530f9177dc43c76d4bbbe9a6eeb7678bf452e15e4f8dc7da0e53f4ef5bff57fd4ee05b41aeb233949cd2417518c3f970815ee57358979238473aab228627c8113745625205a4491c8492066c90a8444aa1cb20c9998c432a700012efe23ac5f53dbbace8ac6c9a940e898e3404d284f6604f7adb7b2faa3b03a8825fd8cd4e0bff03fa4c81e0b71a5487b5b854f1150ab86acbe459fa6a3c381504d30f3a77a7cbf734a9388e1fc09ddcd7c1cb945a2265d7508924986e750e6290a4287998c63980a001afb646e90e56e254b9658a061966735918e24e007955103f2738fc4947d087cbb444e5a35c28d1f305e799a0b36748aa7454414f5944ca0722a918a3b08f886af476d6b6d8c4c6de4f09c2a0d2b8715813baafd3565e3f4f935ad3c5e46e2d734ca2a1cd3423cc554daedea996eeafc98b4c0580532f52811128cdf9885ff007c62b65941297ee8ea5cf65756600b88dec0701514590e93b9340d7f37e86bcb6ba2c3888ded711cf802576bd4857a5f91d5be4fe908ef534704d7ce35f3a11c969e03e03f2df427db4a0387251dfca8eda1c79e4f2aad89d3191c7790536b25eef6aa316263c92d20e904c19ab6e8c7516f119d6cd1ca2537e2ced5c9886394172ee025cef6d6ff00d736f38401c26b27115649534038e53504607bc60305ccbd5cf555e99f5518ebe7c5269bb8431f967b5f0d99de47a3e3b1d1b848d0e15c0b1d4246715a8c6c3949dbcf90bc593c9cf58ebe5b463264b204432456d56ce628a476e41ab52cbc583a3ccc1ac758e4208ae80202750a0454c23ae81dbdbe340dc5961b597c3d43f16f041edc09001e1db5a2f2c3ab3ead3d4ce9289b54d4ed3e93b598e196f21731cca39d94788c0ef12335207a4dcb5200715cf70c3b98726b838a398ec752d1979c6f25d40fb136473cdcad3a3d67120d5ebc9ba8845ccc4c854ac4e124144bd4454563cfef2a28bb270a826726d7d275dbab2a455cd05381e03c9d9ef2fae95fac56f0e9f08f48b82dbedb8d68021973668c023fa17835660080d21ccc7e2f0599df0ebb87f19f9bb1ce92c456a78d2f7070d15316ec636c8a7d056cae272a6789141055ca01056c6ad5760a157710cedfa2d80c8fbc0a265d229f60596a5697e0fd1dde98e208a115f7fcd55e8f6c5ea6eccea35b4936d6bb134b0869963735ec923cf5a0735e0578119985cda8e2af9755eb3e4d113444d113444d113444d113444d113444d113444d113444d113444d113444d113444d113444d113444d113444d113444d113444d113444d113444d113444d113444d113444d113444d113444d113444d115b4f2bf96388786b88a5b31e62917c58660e584744d62bdf53bbbbdce5e41f35649c3d360e66660909a906c939176e4bef2911b314165d531534cc3aa5bcbc82c60371706918ece26b8601635bbb76e87b23419f726e197c2d36002b415738b9c1ad6b1b5199ce24002bda4900123080e79f716ce5ce1bdd83eb5b2ced4f03b3987e9e3ec3d1cf9d46421aba849a8e2025f2244b09373136bbe19a2691d670b19c20c5513a6cba1313995d7ba9ebb35fbc88cb9b6c2b400d2a39134389f7b92f333ac3eb05aff0050efe4b2d1e5b9b2da6c2f6b226bdd1ba669228eb80c796bcd1a08612e6b2a40ad493b2e1ff6f0cc9cb32236c8b522a9d8a98d8db454e5ba7557683d7c822664bcca3518c6f1eecd2f20d983afa0754cdd9fac20432c020600d55b9f7ce97b7ab6eecf35fbe325ad6d0815a8198922988e189ee553d0ff0055edf3d68cbaddbbe2b2da6cb80c9ae272f0f78195cf16ec0c7788e0d70a1716b33605dc56549c72e28e15e3655d840e33a742c7cbb58f347cbde5c44c62b78b3116742f9c04f5948d13937cdbdef614db8a9e8224210a42801035cdfb875dd4b5db832df4af311356b331c8df236b4069c4f957b0bd31e8f6c6e93e91169fb66ca06df363c925d18e3fa4cd5399d9e50d0f20ba946d7280d6e182b9ff002d83e6f0fb9ac40fc623bd6d5ad7826ff7b6fd9d7ce2387050f2adaac80089d413ec1b06c5db7d8400007ef8086a731e000d031f2a980fda85c1c8cec3d7d83c9a9a9363191716d5c3e917af5ca4820cda3648cab85d73a8728269a49144c611f0000d5d18d74f9638812f710001cc9e002b7df6a5a7e9d6f25cdfcd145044c2e7b9ce0035ad1524f600312ac232ef74ce286239c240bbb34d5cdcab1c948fbd502398d8a3512a8e5c37f7459e9a5992447e516c26327ec218a3bf8eb30d3ba79b97508bc711c71460d3f08e2d27006a0653863edae63de9eb87d16d91a98d2aeaee6bd9cc61f9ad18d9582ae2dca5c646fa429523b286b8ab46c9ddee712a11064716526fd2934b1142957b1c5c3c3b3686121fd25bf13607eaaa2553a772f46c2023ac974ee92ea334c1f7f2c4db607835ce24f68f8a285699ddbff305d87059399b3b4ed467bf38074f1c51b060711499c490698514675bbbb372ced9172d0c8599ad71bcb3578cbdf2191519ca314dda62902ec1fa2749766edb80ee9a8410314de3ecd67963d36db36933272c2fc841a3e841a1ad0835c17256e1f5d2eb36b16b3da5addb6d62958e687455648d0e14ab5cd20870e441e2acf8f3dc80cdb6466aaf60c9f912c72209316af5f4b582654548550c29a20f5c38513210aaaa61001380009875943edf44d3d84b1b05bc205486b5adf3d00fb0b471d4bab3d4abf64d3dceafa9de388607be59a4231c1b98b8d0027c82aae2d9f6f5e68cc11250f8d270beb10140190974486003748f529d4e54e91129b7f1f1d63cfddfb62d25c6e18457905b0e0f560ebfdf8f1469f7153f2a635c7ce7b576965daaf98cfb601a5c1b2ea394bfe3d602a65f11fc230a2c97fa21b788ebe1fd48da81aecb2bb30fe27f0abddbfa96f5dae1cd26cad99987174c47b74615db99f67be60ba010336c6ed04c3b07bd5aa543da01b6e8d656f0dbe6df54aeeaa6da6801bf487618d18dfbf5905b7a88f5d2e28ea692c14fb6b893ec4054a576ddedf995f8a173b65ef295960565e76b6a579957ea7292af986ea49c73f17cfccfa36291556488c04a9ec9888758f886b5cefede7a66e4b2659594720cb287e67868c002283d23c6abb47d54bd5a378747358bcd7f75de5b39f716a621040f91eca9918fcceccc8c1a0610303c702a65d0505528987fdf0edb7b03c3c07c475a8e46e5753b97741e345f6d4bf228269dfcd39d1756b8dcabb448092b259e4db44c545b274f5cba72a26990a9354145ce04f50e403a8244c762efe23aacb1b39efee99040d2e7b9c061de55af5ad6b4ddbfa74baa6ab2b62b386373dc5c698341240af1386039ac5cf9cfdcfee9986666b1c61d919aa763e8f9666295923dfba85b14f1508c59a493473f563e513faa5c3e746314bea089812288800f97446d7e9f5ae92c65eea2c8e5b92d356901cd15754711c4003bb12bc80f58cf5bad7f79dcdced7d8d25c586de8e66fe19af31cd2e5616bdaef0de7d02f248c710d1501446385deb970aba72f5db872b9ccb2ce165d555655530898ea2cb287328a287308888888888eb638f0833280001c051709bf51bb9643349248e99c6a5c5c4b893cc926a7beaa55fb3c3db439e59c3a0da5a50b0415cb40cd4783f7c0c1e6d5f94332074dca63345c5177d072f5f894c0021e21ad7dd4b8601b79cf786f8b9d994d0547a4dad398c176f7a89cbacc9d628cb6698e962da7f11b9de5a4f83265ccdf8b83a845798c165a05ea02801c404ded10f2f3f0fdcd73c9a570e0bd9c7104e09f3feceadeff8eea76afb1c2ab5f9be5fee6be30f32fac53fb3a600651cd43bd37d3c9ecff2a1342b8c998587b1463c869f8a8d9c889140cda422a5d8b5928e7cd8fb099bbc64f1259b3944db7894e53147e6d56d9cb246e12c4e732669c1cd3470f21188541a969f63aa5a3ec752862b8b295b95f1c8c6bd8f6f6398e043877114506fcd4ecf9057b5dcdff8b8956e8f6772f9cbd9fa0482cb42d2e41b2a9395d4355938e8d7a8c0480bbf4c89b4e8498090c3b191e9001dcfb4ba9d35886d8eb99a4b70006c9f19e3103d2a9c45389e2b807af1ea53a7ee3cfb8fa4adb6b1d64c85d2da3898added21c5de00631c237e6ca1aca363a54666d0058eab6779370b5f937b16f2e78a32852248e665231cea46a96fad4aa3d499956af5b1dbbf62a89444044a6e95133080f510db0f42586a0c752e6c65ccd388734fb4bcccb3bede1d37dcaef05f77a6ebb6cf01c017c6e143f15c30ccd3c0b4d5ae15041056597db4fbd253b2e36c4fc70e4dba9a8dcfb2eac9d6dbe5d76deaf138d2ece9afd68feb294ebd3cdb0795db94cc520de38a9958aada4e5b614ce928e936e5d8ba46bf15e64b6b8a8ba35c70ca695f769ddc57a31d17f58cd177ffd176c6bad92df79bd8e05d95adb799cdcce1e1b83c90f2c152c7340cc086935016431ac9574ea6889a226889a226889a226889a226889a226889a226889a226889a226889a226889a226889a226889a226889a226889a226889a226889a226889a226889a226889a226889a226889a226889a22688a39fb807724c35c11a52a6965e3aff9aa5dbb63d2f0ac54f346960788bf51c22decb6b3a49483ba9d2923b35bfc7966c6176aa2645b154500fe9db351d56d74d67e15c0cc460da8a9eff277d3c8b5a7527aabb5ba67a53eef589e27eac622e86d048d6cd31c4368dc5cd8cb810642d2d14340e70cab05cce79ab2b72cf36d9f2f649586d193720c93140ad20a28e8b76ecd8b6421eb756acc1b4f79551631116d926e8a64151670a019654ca2eb2aa1f58eb1a8b6ea675d5d48d6c7de406b453b4f05e5c6ff00df7b8faabbadfab5c891d24c4321b68f348d8da000191b40ab89a5490dab9c49a299ce09768a5a61ac0e5ee5020ed834588c65e030f3964bb27caa4a13de9256f675d56eed81c00480319e895528f502e62880a7ae7ede9d528e091fa5e805af2096ba50fc0530a370a606b8d576cfabbfa98fe9086df7b7551b2451bf2490e9e585ae20fa41d704b816d70fc16404621c6b82c88d16ed5aa29b768822ddba242a68b74132a69229a65029089913002113214a00000000001b6b4bbe77baaf2eac8ee249c4af50a2822b78db0c2d6b2160a34014000e000180eea2e49a086c71dfc360fb9b06c03e7a9398b8e2a32528a9464fcfb86f10b432991b24d36a2aa883959bb39bb1c4c7bf760d4843ac468cdcba4dc385400e5d8a52ee2260f9f553a7e87aa6a8f2eb1824900752a1a48153db4e0b09dd7d48d8db1edfc7dd3aad8d990090d9668d8f7651521ad73812711877a85dcf1deb6221263ea7c13442d9a3124933a96ab04a1e2d1597318e0b208c48453a584a92605d94f540044de5e1e3b5f4be944970df1f5498c67935ada9f6cb87bcb847a89ff302d3b4dbb758ec0d345ec4002279642c6f135018232780e39b9fb766390bbc07242f500fa0a32360e9e2f4c5e8938a5965df36200180c548e76c800898477df5985874b340b399b3caf74a00f8a40009f6cae7ddcfebd7d54d774d934db186dac5f2709237173dbe4395aac3461390b986c6e1c92b5932ed3b6e78a3d50cd612c4ff00eb75e49415cca26545b19051270757a836fa2203b8786b2d2341d2e3ab6486386214a55a3281db8ae6e7e93d57df9a93ae45b6b37d7d7ce2f348a770933e24fc5ca43abe4c57d6f3c69cfb8aababdbb23e2ab852abc9aeddb8c859221dc510cb3b5d34104d12bb4d332a2655528780786fa990eb7a2ea520834fb98a594b7834e6efe5c17c6e5e8ef51f69e8ced7773e937ba7e9ac735b9e78dd182e710d006602a6a42a1a61055313909d3e2006110dc44be3fb5e201abb46e7001ad5acda0c6fcae3553d9d99b05634c955fccf67bed2a3ac6ee36529b1f10bcdb2074cd24944acab3b066550a5202a274930504047d9bede1ad37d55d7350d3e5b682ca531b1ed93350e27e2d31e5dcbd30f50ee9d6d4dcfa56bbabee6d399772453dab2274adccce1317065452b50dcd4279568b215ad52aa94c8e4a1eab5f89838c4543ac9b48c64835408a29d3d6702a440d8e6e90011f3d684b9bcbeb87e69a491e69cc9382f4df4bd0f46d0ad859e8d6d0dbda035cac680057cd872e0bb4f80f980796c1bfec6df7b54e58d762e009574ccbf450f3fd8f1fbe1eddfe6d54c22b503b146a69cd7e83e6101d87c043cf7dfc7cb6f6f96a68c31a7c2a0c710798f67b02fd988410001280817c807c836f0fd8d4b99c5a010aa9871ef5aec01aa33dfc54c5a0881404c610000f311f000fd91f0d3913cfd9ec3debe490df48f0569bc99e63623e31d69795b4582024ac3e9195614842c916d2cb289a6242a8a3260a1977472a62a1771f4843c7595edada5a9ee39b240d7320a805e5a728ad698e03dd5a63aafd75d8dd25d29d79acdd5b4da97dadab678db3be9c72b3d276187daac5df9cbcf0b572f2c8c116b18ea9f8ee0d121636b6327efc776f0abb950f2722aa4d9aa665d44d629009d2252813cfc75d0bb4f665b6d8b73154497721f49d4a0f2004fbabc86f586f594d63adda9323b3865d3f6d42c0d6db993397baa4f88f21ac1535029434a7156355faecfda24091b598297b04898a0248f848d7928f0482a15303fbbb14575809ea1c0bb886db886b3599f6b6b17f699191b1bc4b8803dd21737e9da3eafad4ff43d22dae2eaeb8e58a37c8eecf8ac04d2a463c17da52125eb72b2107608e9087988d74ab3908b9568bb17ec1d20a1d359b3a68e489ac82a91ca25301800404348c433462588b5f13854118823b411c6aa8b54d3b50d2af1fa76a704b6d7f0b8b5f1c8d2c7b5c0d08735c010411c085273da5f38238cb9350f4c92906cc6b7925bc844b851caa8376e4966b1120ea280ee56f23397289114ca0202750e001b88edad7bd4cd28dde82eb98dae371090e0002702e00e03b062bb0fd4837f8dabd578b42bf9191e9baab5ec25c437f08237960a9e249000008a959709440c50300ee0200203ecd87fb9ae6c6125a0bb072f6d30a61c13e5fb5aa297190d429cde083f21d7c628569fdcfded43ca945ae8a2801b7ddd55c1854294f145aeaa17cab37e6370b71a730a929415a87ea0b7c0b793351ef4c5afbc3faf48482480181d34072cc2621d65da2465da1d54fac09f40e99be96b22db7bab52dad77e2da7a768fa07b2b4a81d871a1e3c9695eb4f4436b759b6f9d3b560db7d6a163fe8d74d682f89ee0388ab4bd84b5b99b98603020e2b118e4e714b2cf16af52d52c835e955a0db3b4db406406d0928852edc8386683d49587977087b8aae9149702386c0a9d541629886df6dc7a976dee7d335fb165c5ac8c170ead63cc0bdb434c5bc71e35a705e2f753ba41bd3a43afcda56bd6f38b463c78578d8e46dbcc0b43818a5232122b47343896b810782980ed6fde526b0885238d9ca174a4e61740b0b4fc799440add091c3b0ac9925170703656cd9901a7e80c888a4911e1942bb8840a0020bb728021b5345d7f286da5e91900a07767603dddeba5fa0feb2d1065becaea049147043086437af7e5146656b239c114f8bff5b9b90cc0d4b865ef073b0768868cb156a662ac55f9b64de4e1a760e45a4b434bc6bb4cab34908c9360b3864fd93a44c074d548e74ce51010110d6680870ab7105776b1ec918248c8731c2a0835041e0411c415caea2be93444d113444d113444d113444d113444d113444d113444d113444d113444d113444d113444d113444d113444d113444d113444d113444d113444d113444d113444d113444d113444d1145f772aee4d43e0c63d5a2a11787b7f226dac0c18fb1caab2aa1231ab82394bf2eee60d803dc6af16e510291032a93a925cc54d00f4cae1642d5aa6ab0e9b154d0ce7e2b7ec9eef7d6a7eacf56742e966866f6f88975998116f6e0fa4f750fa4ea7c58db4c5c6953e8b71e18344ecee57e4765b713b6396b064ecc195ed2c5170fe41645798b25925d66b151cd11200358e8f6fb8228376e891bb268894a44c89244000d49a9dfb887ea3a9ca046d04973b0000c4fb5ca8bcb1d5b58de5d53dd51befa49751dcb7b232189a034125cea471b1ad0d631b99d8000345493ccac9cbb7a76ccaa60688aa65dcd15d249720123c8bf6ac9697fac21f1e83a2bf8d6ed58a312f9581979656217032ce15f78041650410128900e3ccfbe3a8336b33cba6e96f2dd2050572d0c9c2a711980af0e150bd53f56cf555d23a75a7da6eedef6c25ea17a6ec864cf1dad4b9ad6b431c627bf21199c7306b89ca6a2aa60c03720edf30f87ec0eb5118ce7e3cd76e464160a60b8af10f68887dc010f2fb83b006c1ab89078f353c2fd28a9bdd964d328faa7494281f72f8089440a201bf4fd1110d4595a86815c457c8a54cc7398721a3a869e5e4b176cf5db939dd9a32edfad92512c67e21d5cacea555e4c5eab09012b4e265e29084499048945a8162ca80749c80a06c006dc4075d07a46f6d9da5e9d0dbb1e5af6c6d0e02379f48000d4d31c6abc7cea57aabfac96fdde9a96ad770b2e2c1f7d3baddd25d5b8a40e95c62a343c65fc1e51423376e298afb3267d9bb120db28be84a756bd358ce1ec5cb45ce3df5d3218c9372b76ae9412956540a5137f7a03bebef53eabe85147ffc303e5bae4d2d7341eda922830ef52b65fa847512fb52077bcd0586983898e48e571ec1e838d2a698a971c5ddaa389b8fcd1926f686bda675b3006ef17b0d8ac0f9838726326655d922c24d36491c453fa3b13e8808ede7ad71a8f51b735ed5b1cc2384baa006301185295a54aed7da3ea6bd11daef86ee5d3df79a8c71d1ce96699cd71a825d933e5070a603018732a4260e9553ad328e61035c898a6b12d1ab18f4d9b345316ad59a046ed914d4e9157a5245302f89844403c447585cb79793e632caf2e79abb1e35e38705d2d61a1e8da5431dbe9d690430c4c0d606b5a28d6801a01e3800389aa88fef54c97538eb5c76906cdd1b94624f0036fa69a8a93d128f880f838e91f0f9b5b17a4e32ebcf6b9c48311a79698fb8b8a7d7ec5c9e934324272c02f63ce3b7d26d3ddc7ccb16b50a044840a1b0797ed8fddd746460072f19184b9e0bb8aca43b2b44494771e2daf5e36324ce5ede4731cb1fd3d9ca6922e525c482511374a67000f1dbcf5ce5d5d7b5dad421870119a8af0351df82f66fd42b4fbbb2e95dd5c5c0020b8bc0f8f86200756bcfdb5327fb5e5fb5fb5b08eb531e0bb907d85a87ecf8ee1f2f6ea2a2072e456a5f3fbbfb9bf80f9797906a74249ad38281c0e3f1bfc9e65fa0f3000db7f00d807601f6f96de1b6a67319be3793da46900d1bddcfd9c31f615f51f0f3d49b8ae51e5554d2062574abe5feab8deab3f71b64ab78b84aec4c94c482ea898ea15ac63359f3904504ca759c2c08206129085318c3e001a9da7e9d73a95d36d6d985d239c0003954e153cb8f3202b2ee4dcba3ed3d1ae75dd6e66c5616b03e579389cb1b4bcd1a2a49a03400158e0f2c7bbfdf2cef646b9c71747ab564c441035a5dc6355e65d6c089973b3425992c56853aa0620089007a077f3d6ffdb7d2ed3a06093586ba498f20e34f3e52bcabeb2faf36bbaccd268bd3071b4d29c00fa43a36991d4a17002469a6208ad38285ebade2e19126dc592eb6292b1cd395545167d20b028a08aaa996390a52148926989ce3b148502879006dadaf63a659e9f0b60b560644d0280770a797dbc5706eb9b935bdd1a8bf54d7ee24bad4642497bf126a49340000313c000af5b89fdbf337723e5ea7603d55786c3ef27116d3f6e7afe2d99c63db2ad16932318e51fa532b2a764e364d4223d226f236e1ac4b72efad0b416c900983b560d39581a4fa58e5a9a65e231c5741f453d56f7ff542facf56b9b47dbecb92e5a25b873d8d26305ae786b0bfc4c5a7039789c0e0b276e3df08b0071c3ff5a638a5a0d6c6e638d1523637f21292920fdb0ba23a500c4917cedaa1f8f48bb7a4427d1287ddd73bebbbc35fdc0e7417929fa3d410d01a31029c400781ed5ebb74dfa05d31e940f1f6c69ec6ea4e8b24933def91eff4b3639dce03103e281c02800eef58391c619f62af8d9748ed73096c531eee431badb3e845e27df40e9fe0a6450268824dbf0b637cdade7d32d58df6886d9f9b3dbe46e3cea08c3ced3c57981ebd1d3b8f69f5160dd16d4fa3eb62690804e0f8dd1d6a0f0af8bcbb1454d627a5ea76485b2c23c5584ac248369262f1b881576ee5b2a0a11448db1b610dbe6d6c5bab68ee9a639456173684771aae3ad1757bad0f55b7d5f4f798af6de56bd8e1c4107bf0ad2a1672dc51c98be5ee3ee33c80f5da4f6427a03ae456487728bd64f1dc7380308913fc675b4fa7e01f4b7d7216e3b26e9bae5c58b410d63cd2bd871fb2bf43fd1fddafdefd36d2772cae0eb8b8b519cff19ae730f60afa38ab86f9ff006758ac9f1cf6556cf6f04f9b5f34c2895c53e5ecd43caa29fbba568881edd555bf12a5b97eb552be57e4437dbc76d87e5fb5a8531c782f87027860a91e6ac378e73c506631b650af37b3d62645999d3059cbd62ba4e19bb41eb378c64639c349060edb386e4394e8aa41100121b7218c51b8e97a85f6917ccd434e90c770dad0e0450820820d45287b3bf8ac57796c3db3d42dbf36d9ddd6cdbad22703334973487348735cc7b1cd7b5cd734105ae15a65350483886f35b82f93389968979b5a29591c27316b751942ba24f993b31507a0fe461e0675a9170936734da2da1ca7554408ddc191319330efd21d3fb4779e9fb86de3b5ce06b0c8c191988e1404827022bdebc57f582f577dd9d1cd666d45903a5d8d3ddb996b721ed7503b33a38a46825ed786348cce686b88c0abbded45dd426b881371383332c8b995e2fcfcb9c5a3f54abbd90c292b2ee52f7c9f8b2a493a90734350e02abf8940a7f76399474cd2f54eba4e770e89afbad9c2daf0d6dcf03f27e11ef7259afabf7ac5cdb7a58766efa9df2e8723c360b870a9b6268031e40aba2af33531d49ae5c066af5eb0c15b60a22cf57988db05727e39a4bc24e43bc42422a5a31fa2470cdfc7be6a751bba6ae50500c4390c25300eb3f6b839a1cd35691815e8bc52c7346d9a1735f13c02d7020820e208230208c410b98d457da6889a226889a226889a226889a226889a226889a226889a226889a226889a226889a226889a226889a226889a226889a226889a226889a226889a226889a226889a226889a228e6ee51cfdab703b0a1ec08251d62ccb7af7a85c41477ca3a2359093445b165acf3c76682ca215ba8b3760e95208a2320e01266455132e2ba36ad5f548f4ab533b86694e0d6f69f807f02d65d57ea5e9dd2edab26bd74c6cf7e5cd6416f9f2199e5cd07d2cae21ac692f71ca7019702e0b030b85db27679c992f75bbcdce644ca7912745cc94ab9f797f2d332f24e366cc23db75ae6691ed8542a0c58a1d2d9936291040844885286a8bbd49f278b7978fa371738b8e0d1f600e5ed05e526bdadee6ea36e792fef5d7179abdece724799d265cee25b144d24e58d95cac6b681a00182cb33813dba693c5aada566be33addf3344aba4a502ccbc03730d15b9d83548b5eab3b78b3f59355bb92ac75a411f7655c7abd1d004207572c6f9df777b96630d997c3a535a5b9331fc21a9f49c050638000d694ad57af7eaebeacfa1f4934f66adb8596da86f895e2413185bfd9416b7f050b9c5e6ad398ba56e42ecd4a0001327454c0a502f8ec5f2dc7d9befb7ec6b58d4f2c175bb9a1e6ae5b659fb26db917728a23f32aa113dfe7dba8437f3d7db21964156024d14b926820a091cd6922b8903cbc571a57b1ee0048cdd22e4e530750a6b155d8040476314861001db55621981abc7a3df82fa82e60b91585ed7d38d0834f697d0371f20f2f1f0102f96fe1e21e3e3f7b4e789551dc16a06128888017730fb480611dbe7f1d7c81861c1382ddb5308aa6dfdbf48dec0111f6886db0f8ebe9b8e34c54b92997ceb90fed6bed53ad7451514fde2630af38793af8443ae2ed54e589b900c3fe31658b6860053cd3dcab7b3cc3c35b0ba67211ba1918fb689ff00cd2b8dfd79ed0cdd07bbb8e515dda9f6e78dbf656252a9444a223e1e1b7dfdc43d9f3f86ba59adf49bdcbc428c80683b5656fd9a250b25c5a72cba8e23136d916e603efb141631d52026223b01760f2d738f55ad445b883c8147c6085ed5fa895ec779d1e92db1cd05eb9a7cf53ed2973f4cbec0fddd6b011b6982ed8c8d1c02d7d32fed6822684ca38f35a810a1e001fddfbfafa0c68e0a21800a2748078ebeb068ee4c8dad547ef35b9f743e24c3b06e58e46f578947e4688d459cca718e193633774aa92520e7dc644504123a05201453dcc6387b35996d8d973ee59ab2bcc366d6e6cf4ad711801515ad7b5735f5f7d64f6e744b4f63044350dc32c81a2ddb20616b4b5c73bdd95d400b40a531aac54335729738e759a9190bc644b7bb8a786391bd582cb2c6aeb26c61540114e2cae528f50e24544a738a40638780f80000746687b6f46d1e2fec5044d77376401c4e1535e3c8735e39751fad7bff00a99aa497dadea37bf4178a36dfc793c16b6ae397202187e310496e238ab7920088efd5b907cca6f12f806ded110dc36d5f9ac009730e1c96a47114a53d2533fc1ac0bc242559f58b90b9228767b34bfe4fc84457ddca22d1bd75016ea3970d5da4aba0f787a75d604d721cbd01e9806de23ad4fbcb59ddaf9bc1d0a296289999ae7fcaa1a55b4070c2a31e6bbffd5bb6074160d31fab7542ff004ebcd56710ba185ee01b102d2e2d7071c5d5203b0a7a2b206af670e33c0568c8d4eeb8ee2ebf0cc975536504ea258316a83643d457d066d01244bd2917c8a5dc76d6929f45d76eae33dd453bae09a92438926bdabd2ed2ba95d2ad2b4d6c3a46a3a6c3a6c4df4591398c6b401c9ada01c16d60f96dc7e9529458e4baeaa99c07a3adea4901877f1dba8c23ecf6eab0ed5d6299c5bbc61d8abe0eae74e2f5a0c3ab5991fcb6f93b5466f75f7d83f356128bb340df2b8fae38f24de2d1cce3d666ee41ca12c9b549e3531c164d649228b0298403a80c3b78786b3de9a41a9e9bac3edaea395b6f301c41cb515f3735c7deb9771d3adfbd3e6ddd8ea36926b7a6cae2c0c2d73ce70d0e6f1040f40578d70ec58cb97aba0440763fdcf6eba00d7815e419cb9a8716ac9afb296651b0e33b4e1b7467eb3ca3b95e75aace5f197648c5ccc9287f7564d4e5ddb7f8e3a318c003d2223beb9f3aafa6b61bf8b538c34326194d05092073f305ebc7a826f766a7b2af364cd248e9f4f7995999f56b63924272b41f8be93eb41829cb1f31fdefbfbeb4a494f10d57a16382d3f73ef7cdaf8c78f3513d89fb9a877fb3d9dc89f37cfa7be9c30549b33669a2e08a3cb5fafd28947c34495a8ac503905d2c67af5bc7a046e86fea2c633974401e901d83c47c0357dd0b48bdd66ec59da00657f03c850571584efedf9b77a75b767dcbb9266c565006922a333b33dac194713e9387007b546759fbcf71e621068ac2c0d86c0aace4c93a6c929ee6a334c86314ca18c762e0150110012f486c203e7ad83174bb5c713e3be36340c0d789ec5ca77febdbd29818c3690dccce7120e3940a77969ad79515f560ee60e0ecfccc55a45ba38d22416c55619e394dbbf2aae80fe9269114e8f5cc229887d1f1dfcc037d625aaedbd5b489032e6339083e90e182e82e9d75b3a7bd4d833edfbd8fe92036b13c80fabab4a76e215c6b8314ca089440c03d260db61dfe8878fcc1fbfab433014e056e068c175dbbe3da564dacbfa8e40abc15c2b12a890af612c514ce563d4314a209ae0ddf22b11372889c4c9aa50051337894407c75496fa85dd85e0bcb191d15c31dc5a482457812391f6959371edad0b76e952689b8ed2def34b947a51cac6c8d2710080e068e1525ae1883882b0e8e7a707ec1c36be463561252572c616e6aa3daedb578718f246c87bebd4d6a74c1d276f90565183245158ab80a45749adb953298a7287586c9deb06e8b1cf306c57ed7d0b2b534a0f486030a9f717887eb19eaf9a974475e8c5abdf7bb5aed99e29fc32cf0dd99c0c2fa39e33b00043aa3302301457a1da33ba4cdf16ed905c7dce13cee578db70984636bd2b24e9caa38226a4cef4e0fa250498bf5dd51ec56072896418f5b74635470b4890fe0e115f73685ad8b691b61727f02e346927e2f7790fb9c567deae5d7db8d26f6d7a73badd9f489242cb7b9924358096b9cd89d50ecd1b9f4632ae688ea3ed45066ae8ac9384925d05535d05d322c8ac89caa24b24a140e9aa9284131144d421804a60110101dc359f2f43810454705f4d113444d113444d113444d113444d113444d113444d113444d113444d113444d113444d113444d113444d113444d113444d113444d113444d113444d113444d113444d115a673479778d385f83acd95eff00351cd660d1d37198c6aeed39270e6ff91d3819393add45b2112d9d3c41b493c64523a78704dab240c2aacaa65d84692f6f21b1b774f3100018779e41627bdb78e8fb136e5cee2d664632086376469241965a12c89b404e67b806d684341ccea34123cfff003c66bc9bcb6ce96ccd17f6d1d2193729ca4311ec5d4231f32874d58d8689ab40c156e25dbf98906ec19454536411228e5c2ca0944ea28754e739b53eb3a8199f25f5d39ad8f024f2006030e3fc38af23f7cef0dc5d52de92eb374c0ebdba73238a28838b5ad686b18c635c5c456809c717124f1592ef6d3ede91fc70868bccf90cafd7cd56daa0b47104ba8c1588a2454cad1d2678c6e92482ca296528334d274e41c1884013a4980144c63f2c75077acbadcaed1acc53498e4cd9854191cdab41ae1e8e380a7795ea8faad7ab5da74c2ca2dedb8daf76fabcb400c6ec8596b1c99242c68009f1700d7bf39a62d0054d64333267ec5d81ead3569c856a8b874a1a29c4b162cee3d4969149b914f4d0611c882af1ca8e574fd32741043abcfdbac2b46d1b50d6e765bd8c4e7173b2d69e8d7bdc701cb12ba4f7c75136974e7499b58dd37b15bc50c4640c24991e1bc98c6d5ee24e0000a0c790ddeb2794916acb8e95d862c58b64ccfa5aeb1128b3833837f844dbb346462fa4852fe098c03e3adb9a4f48b3c39b5c7b83eb8358e676f6d1c179ebd4ef5fad405cb61e975b5b1b6cbe9497314b52ee140dcd19a53860a1db2df21b2f6749909dc9175979b5d15a4548f6bef4ba2c6252935c8e1c338e40aa08a2d0a64ca5214c638814801beb6569fa2e9fa247f45d3e26b180004d012e2052a7bfec9382e07df9d57df9d44d53f49ee8bf9a691ae798d81ce6c71890d4b58da9a345000092401c56e309f2472ff1e6ca166c6769711ca887f8e307a655f45480180a5303c642b101511290037dfc36d4dd576fe93aedb8b5d4230e3cb911e434571e9c75977ff4c3513a8ed6bd7b257baae8df99f1bff94da8ae029c565f9c28cc17acfbc78a464ac8902d6bf609c4a4c8645990e83291418cbbe8f6f268345d670bb723b49a81840e60ea1dc4000a21ae5eddba659e85ae4d6160f2f81a4713522ad048a800604af73fa03bf771751ba5fa76eedd50476daadd78950c05ad735923d81e1ae739cdcc1b5a13dfc15d59915480611287407b40436dbe7d807fb1ac6f3b4e15f4aab74820e3c97eda007a8221b7800fdff1fecf878ea78af6af893e2ae4f5f4a4a68a0a383baf30f7de116583017733271477a53787d1f4efb5a2888efe01f44e21acdfa752f87bbadbe4e592bf36f5ca9eba56a2e7d5eb5b3427c375a3f0eebb878f9961e66f12796fe5f735d3f13dafc4705e1137072c97bb1dcb8bac3d97220c7dfeabbb432dd1ed2fbfb091306c02221b0fbbfb35cf9d608dccd5eda43c1d0bbdc229efaf5fbfe5f178e9b606af6448c915fc4476fa4d90fd853929fe0fb3cc7cbf635a9e2f8be75e844740de5e65f4d4d5f631e0b84b05861aaf0f253d3b20d63626258ba92917ae9404d16ac18a2770edca86f11e8411209876011d835f714524f336de16974cf700d03993c02a3bfd474fd2ad25bfd4e6641670c6e7bdee340d6b466713dc002540bf317bbf250cf65a85c6b3c2cdac828c9357203e6328a33d8526ee1f211ac57522ce2b20a09d0150e072ee0225f60eb71ed5e980bb85b7daf8736335fc15454f1a126870e0579c9d77f5e066912cfb7fa506dee266968fa5bd9216e201786b498f118b6b4a730b1f6badaec57eb24c5bad122b4bcf5824decbc9be707fa4abb7ee1474e0c5030fd020aaa8ec50f20f0d6e7b2b0b6b289b6d10cb6ec686b47601c17977adee2d53736b171ae6b72ba5d46e6473dee35c5cf7171a71a0a9c02ed789b03e58ce53e5aee2ca7485a1f8288a6afa0ab366cdb02c72901574fa41c3568926413ee23d5b807b352750d5f4ed1e23717f2b628454e35a9038e0315936c7e9d6f2ea2df0d3768d8cb79725c01228d6b6a695739e5ad0399c7872575ef7b58f389a266e8c3a9bb10011ea697aa1180c5dc361282d644477d87c87c758dfd64ece79f085dd1dfd5c9ef86adcf37a9dfac0c0fc3440f672a5cdad4f98cc175679db939b2c40a57181674c08880f537b0525dee050d876f76b32a2203f3ebedbbf3693c7a37b1e1fc578ff0045582e7d55baf76b2b98fdbb7398d46135a9f7a75d79f704b9751e222be0cb4017a4541f45c41ae3d21f842208cb9c3d9e41beae31eecdba4563ba8f29fe571f6aaa926f561eb9dbc61d3edfba04e1f1e0fcaaeb91fc41e4f484a270adb0bdc0f26b88824d8516080187601e9f5d67e9b728880efe270d4bb8d7f41656692e630ce7c7e056c67abb759e4b916b06837a673cab17be64029c39d175fc95c6ccf387d16cf723e2ab4d61bbd15c1072f1aa0e5038b5f4fd61f5a3dc3c4cbd00b17c4440077f0df555a76e1d1b526e5d3ee2390b303c4115fe501d8ac7b97a33d50da100b8dcda3de5a5b1268e706b9a7b71639c15114d23a4060593324701f12281b18be01e65f30d5f3c4f1002382d65387364f0c821c391047bea55bb3d5ccf58e599e300a0642df42998557ace729523a52b04fd2580a5395339cbeec250dc07f0b5ad7aa563f48dba272718a669ff00a2e0bb5fd43b5f7691d627e9ce05ccbed3a48e95e0e1244e04f9811e7596a7eeefe21fb7ae6190fa67d9eced5ed8b7bd36f97c875f039538a8d16bf7b4a762705a7b3ef7dfd050e1c9468b143ef3f90ac960e4a425317494655fa950e29462dfa9502c83a90999d55cc8285f50523807a442136286dd23bee3e5d29d2bd3e183417dd35c1cf92520f751adc3ecaf1bfd7cf776a3a9753e0db728c9a65a5830b695f4dce925ab8d4f701c39735122901bd32898761e800db7f0f67ddd6cf958d2d2ee6b80de40790de155f545d3e8f72ddf47b9599bc6ca95745d3754c92e8ac9980e9a89a84103018a70df526284b810f687348e7c155595e4f6570db9b77be3b963816b9a4820835ad42902c13dce7935839a45c4a52d1577ad3032843c55b1078ed6f45532c612a2f9b483455212995dc3c07c8035876b1d3dd0b5891ce74662b8e20b2831a7783c4605755f4d3d703aa9d3e6334f7cd1ea1a53050473b5ee34c4d3307b799c14d3e06ef03c7ec888b18dca0e15c676159b23ef07563665fc21de8822551141cb368fcc900a871e9eb30fd10df7d6a3d57a5facda4ae7580f1a2e42ad0ee3e51ee2ef5e9f7af174c772c51da6ee79d2b5273066ac72ba22ec2a016b5f415ed3e7522d3d178bb9278b6cf59524a3edf43bd404ad5e49e43ba415106b2cc4e82ca345d44d62b394684725550398826455021f6f00d61b6e756dbda832e18d745791b9afa1fe29a8ae3c0905750dec1b4faadb36ef49f123bedb97f03e173e335347b0825a48f45ed0e0e692303434587ef38b8676fe2264f9187065372589661d9471c5e244d1ae14996bee2d1dbb8e933c58908ca6225daea2072aa836f782a5eb244f4cc1b753ecbddb6fb934e649239add45a292300381a9a1c788228702695a15e2a75ffa1bacf45776cb67e1cf26d29de0d95d38b0f88dc8d7398fc94cb246e2e6905accd973341054ce765bee94c6bed21b87bc96b9328d876c157aa71aadb211b2ebb833c7f26fd81f18daec29bc7ec9ab048af2391ad28b3566d9a228aed567460164917776ded60c83e837440ca008cf68c703e4c29c3b3b17497ab4f5bdbabdac7d3fdd93c4cbfb78a28ac5e4383a663439a627bb1667635b188fe2e71518b80ae557acbd76726889a226889a226889a226889a226889a226889a226889a226889a226889a226889a226889a226889a226889a226889a226889a226889a226889a226889a22688b899e9d85abc24b592c72ac20e020639e4bcd4ccaba458c6c5c5c7a0a3a7cfdfbc7074d06cd1ab748c739ce60294a02223a8388682e71a3405f1248c8a374b290d8da09249a00062493c801c579f8f717e7fde79ef9791b1be6ee2b988282e675a613a23e8f886b335f869f0872ccccda5ec69dfaafed767fc9f6677697bf3b64c4102a4d36015945f546bbae3f509e8d14b560394118e3c49f6bb705e4ff005dbacf2f5535e8e0d34491ed4b22e1031c1a1f239d943e57d09c4e50183310d6f0a173ab239da5f8088999d5b975955364ed3729c8bdc4d56505f0388f3a0ea5abce2d56168bb76cd0eaaa089d48c2019720247239dcaa7a7d1cddd4ddf1316bf6f69a5c310257000d700ecade270381229cc2eb8f53cf572618ed7ac1bb18c70707bec2025f99a417c46695a406f27189b570a10fc0d29797cdaee5f8df8fd193d8fa8cfe466b2da60b462068a6514f636b4f0a938299cc9a922ec1250cd5ca252192f494111380ec2003ac5f6b6c0d4759732eaf0b5961407d22439c303850615f2add7eb01eb53b5fa616b36dbd065967ded5733f04c8dcc81d477a4f2f70068e0016e5771e0563417bca79ab95590e397b7cd4b5faf36074ca0a1da22d19b54ccaba75e9b464ce3a39bb360d52339723e3d0500130888eb7d5a69fa56d6b0a5b35b0db36aee24d3b4926a792f247706eaea5f59f74c2ed66e27d4f5c9ded8a36801a066751ad0d606b40abb8d3ca54bb7137b54c6c0c2b5cd3cae2479eb315133d2d2b8dcce65525dbb66693f6e8389778c148ff00121532b92a69ac601fa2023e61ad79b9ba9324f29d1f6d922faa078869979134e3caa3e2aee5e8f7a9b58e91a6c7bf3aca6376991452be5b2064a803335a64737262307001ca2679356cc496ccab602612a433a263a877cfe2e0506ca3c5579766d9e2a44a51e1debf7ea81dc108062075ee0536c3ad8da359dfb74b8a5bf97c5bd7b439e4f22470141f02e22eb1eafb2b53de97236069ecb1db76f2c914401713235af21b23b33de6ae02bc70aae7f88dc759fe44e69a553d8c5b979594ec90ce2ef2050548d98d64b20d8d2a075d3030156559898081b94477f30f3d536e6d6a0d074992ea57017458e1181c4ba9852bdeab7a15d34d4faa5d42d3f4686173f4617709ba762032112373e23ed8b6b415f3859af51eab114babc354a05b15943d7a3dac546b54fa84a8b46890249177398c73088788888ee223ae53d41cfbbbb7dd48e26490d493dbef2fd04e8da169fb7748b7d1b4c608ec6de30c634568037b2b8e3524f795dad6f048fb7b0a1b7cfe021b6ad407e1694c6aaf6cc00a70a2dab41fc60f9fe086db86dfbbe3befaab6f13c14643e8ae4b5f6a4268a2ac8bb8dd7dd59b8619ca298b651dbb357e25da2822539d538c6da20a40dd0420089ba08d84c21f306b29d95336df73dac8f34697904f71695a07d68b4a975ae846e1b0b7617ceeb68dc00153e84f13fdca556162529fa3a540e95037298a21b74980443610f0101010f1d7553184620fa3ddc17e7de41e1ca5a41041e7c7bd4f2f63fc9cca26c598f173d02a6f2c48d5ac716a88807aa68d09b62edb6dbf575095d90c03b0f807b35a7fabf602682def81f899dbede53f617a6bff002f0dd56b05e6bbb4a50ff167104ec76197d012b5c38d6be97679d64849efd3e3e7beb43c34c9876af53db52315d23269ae44a259cd8f946c8dcc229d8d794764228dcb2409185b0a89aa8394ce1ea0078188601f9b5576c6d85c33e999be8d9866a71a73e6158b73bb5d668374edb4e8dbae089de0978ab73d30c2841f696213c80ce9cfeb741c933ce0eb22c6d51c0ba6ef1b0d61b40421d3749fa2edbacb4546b320b75511e91218fd220220203ae9ad1b4cd951e43a2885f74d181cc5ee1f744e3dfc57893d56ea0facceb1a7cb06f87ea10e8af0e6bc361643191f1482636349047226842b02671b20f1c01193178ece6389008d9aaeb984c23d3b6c990c3befacf1af6c76e0c8400071340b992dec350d4088ad6196595dc32b4924f994a8f133b59e5bcec05b3e4338e3da319a20f187bc91d16765c1759b1d345266669d08365589ce6150540300f4ec1e23b6b6dd7d45d3f436f83623c6ba269fc51c79d6b5afd95d93d14f531ddfbfa76ea5bb47e8cdbe620f19b309a424b4801b968016926a5c392c98307f1d716602abb4ace3dab318749ba4092efba0eb49486c3d5eabd7ae1459cae7ebdf6131bc03600f00d739ebfb9354d767325ec84b08f8bcb9f72f5af60f4c366f4d3496e8fb4ed228210317804c8fef73c92e27ceab9fa65db6fef43c8000000007cc3c35606bcb716e0567863cc6ae355a810360287807806decf0d4448f06bcd3c3af3355f932099b7ea294de1b0ee528f87b43c7d83f36bebc7947026be543103e8b8d5be45b708f66537595b2053fb0c5453030786df8401bf96a2eb899e28f7388f295285ac43100023b82e2a72ab5bb2a256b60828b9a6e411e84649922ed2289fa40dd2454a600df60dfc3d9aaab4bab982ae85ef61752b424569c2bdaa8751d2f4ed4a3fa36a10c73c15f8af6d463ddefac49bba861647107271c388a62d23eb77caeb3b2c5b664dcad5b20bfbe483078d92413004932a3ee841fa3b00efbedaea6e9f6b0cd4f40687977d2637969cc6a7803dbdebc4bf5d6e9f5a6c7eac09b4c8190e997f64c99a198343b3c8c70a7007d1180566d80324c861fcbd47bf32596de1a69999d912541b8aec1470903940ea0818013394004770db60d64facd88d434d9ad1f42c730e07b6982d09d28de979b0f7ee9db8ec1c58f8a7687539b1c4541a8e070af9167434b9f6b6aa9572c8c9645c359d848b974556ea95740c9c8b241d97d258822555302ade060f30d71a5ec7e0ddc90d08c9239b88a7c5247d85fa33d13528f59d1ad35688b4b2e6da294508229231aee230e6bb379fcbf7f549e5e0ae9c537d12ab5f30f0fd8fbfa88049a0ed51142b176ef5d8eece866ca964d331ffdd77d428bad7bf6e501095613b6174748532241f47d1904fe909c44447c8035d1bd26bc80e93269c5dfda5b31753f8a43456be65e44faff006ced4e1dfd67bc5ad1fa21fa747097763c4d31e429c1c389af99429a4b89050f547a9205130543c4372750751772fd2f10dfcbc75b725651a43b85179e91c7119bd21e8d7dcae3ee2cbee8bdbbf84d7da45226c712c62e45e019b807f1b62b6b72c88c8b741458ce45bd800171050a3d0637d34f71e910f2d7315cefaddd67793dbbee0e612114c8cf440e1cbbf15ee56dbf555f57ed7f6b69da9fe8586473ed5ae12326b86e6cc0124e594026a389187256a39f7b2a54a701fc8f1f6ca8545ca8a26a215cb7c84c3d8a26c090289a52854e5df14a6003097ac86d847611db592e91d52b9804716b11997882f6501e74a8f447b4b4c7527d4176eea3e2de74dae9b653d016433be4732b519867a3dc2a2b4c0e34503b9cf8f591f8ed7590a4e4162ddbc8b078a340908d5957714f7a04c29aecdd2c837139164c9d65dc853000f880796b71691aae9fad59b6f2c9ce21c2b43f1879684af38fa99d2ddd9d2bd664d177444c12b1f40f8c9731dc694716b788155747c31e7f641e2b4b3080999196b0e20713432b39556ace21e49839729b468e1d473e91041d10deeac930f4bde489ee5f0d84447560dd3b2ecb7134cf0e566a740d0f2481946342061cce345b7bd5e7d67f72f486f19a4ea0f9ae764ba6f12481ad8dcf048635ce6b9f477c568f47381861c56452a3ec0fdccb8c9231e920fcb5db61563312ca11ab1b5546c70720a9184a9118f907676ca2120c77dbd514dcb731933818873175a35ffa5f606b8d767a3a377a41b8b646b870f48761eea11c57a946eba6beb5fd2a96389aefa0dc8393c4019716f346fa35e031ee23d36f2710e61208a1a2c44f3d617b771ff2b5bf135ddb19398a94b3968da45ba6e12673318570a844d8a29450a8ae66526dd22ac91b629c823d23b18a3b750e81afda6b7a647a9daba8d91a091cda682ad3d84703c477af1a77f6cedc1d26ded77b6f532e8b50b3b9788e56e668918c77e0e58c900d1eda381a0a571a1c1667fda03b87c97347114bd3b2ecec4bae4662b55246d076ed63a197bed35e6c9c16426f0d1e8b18f45e19d115672c9316e9356ce8892804488e924c372687aa8d4ed6afa7d218687bff008d4eff007d7a5bd09eac45d54da7f4abba377159bc4572df4467395a44cc6b4e0c7d69c051ed70000cb5989d5ed6ef4d113444d113444d113444d113444d113444d113444d113444d113444d113444d113444d113444d113444d113444d113444d113444d113444d113444d1134458a1f7d8ee190f7133ce1161c9a78e50ad5919c9e76ba566d4aa310fe462da58225ee0d928f8e4fdda75bc6c83e41ecda4b38326da4d822d1447d645704f0ddc9aa80dfa05bba8fafa641f2fa3f0e3852945c51eb49d6286c2c874fb6e5c91a8bde0de4914b4c9186bc1b6765c733c96ba4198650dcae0731022d3b6ef0e1cf2932fa33f3e5419e27c4b2d58b15d8f2317f58475a8e491f7e6f45105976ed4539a6d18b15e18454f45a8fd24c45426fa13a81bb20db9a71b78c5750ba63d91d0d0b4d299f004d5b504014a9e61698f55ae87cdd59de4355bea3369e8d7104d739e3cd1ce33970b7a92d6d1e23767ae6a309ab4d54a9f71eee0707876bf25c6ec00bb18eb4251f151afac151916ac185123c9ee2f02222dac537f45274a4687a3d09aa90204536dbc04bad77b0f655d6ab74dd77590efa3b492d6bda4990d08cc4bb8007b41ad1759fad2facd69fb174d97a65d3591b1eb81ac63e6b67b58cb560c8ef0d8d8c7c67370c1ccca1dc0d0838fe636c6793f9259292acd69a4c5c2db3ee56929691508f655c2092ce932bd9b9771f8d541b917745eb514300751c037dc75ba751bbd3741b2373706386dda2801a34134f8a38638705e6b6cfda5bbfab7bb4e9da60b9bdd72e5c6496476795c0170ccf91c6a4005c2a5c7ceb2d8e21f6fec4bc62af10a6611179bd1e4892c6bd4dd6638b2cc9506ed13233885173bf598b64166e639048a8180c711f01f1d7336e3df77fb8aebd2cd15b06e50c0f3422a788000271ecf717b65d12f56ed97d1fd2580470ea1b8cb83dd752c11891aecadf4633e91680e048a3ab52aeab35e2a6b99b16db317b99e97ab34b630463dcccd79616b26d504deb576a91ba843a5f41d11b0a2a977003a4a18a3e03ac7b4bbe3a66a51ea4d63647c649caec41a8231ad7872eca2dafbef68c5be3695e6d496e25b486f181ae922347801ed71028460ea51d8e2090a1211ec55149cc20b39cfef96872bd3a8bb12d108578b321540c543dfc2d62549704bc05414cc0223bf4fb35b647595cdb7f09b62d1306815f1282a071a787ee05c18cff97768bf4efa44fb9247daf884b99f44a12d249cb9fe90687f8d43e452e9c6fe28e2ce2ed5d7ace398a4bfc7de9df4a4ec8a0dd49f9050e8a08826ee453488b2a82646e5e926e0528ee201e3ad65b87736abafca2e2f5fe8b5b400701893c3971f3aed0e95746f64f48b497699b5add8d95efccf94b5be2bcd00f49dc70a76ab99290a4f02940bbfcc1b7edfb75618dee7d731e0b6abeab436db0f56db7b77db6d83cfc47c354a59267ab41ad7bd7d8760a2c3367753c2b87731c5e306ec50ba459910fca1b5d6e79aba6d0524759db74e34ed5a327a574e014409d7b2c41282a1e1ad97a574e356bfd34dfb9c6297931cc2091863526a0799725750bd6fb606c5df56fb3437e9f1c8d065b88266bd9138970c8435ae05c0b457d314af052594eb4b0bad6a16d715d7f564f47b79263eaa6a24afa0e09d64eb22a521ca201f3806b08bb8be8770eb5948f11868574fe8faa5aeb9a5c1ac58126cee230f693d85767d49571c5715330ec27a35e44ca3641ec7bf6eab576cdd26559bb84162f4a89ac91c04a72897d9afb8e47c3209623491a410798a1522ead6def6d24b2ba6364b695a5ae6b80208228410705019c82ecbff009516f9fb6e16c8b1f5d6337349ba4a8b235a315842b6559899f8b297426d332c41912752697ba900a45443a87a43ab7068dd556dbdbb6db5681d998d3f846bab98d45016e5a0c39e63c3bd79bfd52f5046eb9ae5c6e0d8fa9c56d15ccc1df447c1e8440b7d32d91b2b6b570a86f863e3115c31bb3e0676e64389937377bb3dc93b8dce7235b46228b58708e8d8341059d9d73365947ef9776abc0593dcc209f47a7e1befac737befa66e3b76d9c3098e26126a5d526a0634ca00e1eeadbfead5eab9f5277773aeeab7e2f75ab98d8c0d6479191819eb439dc4e6cc38f660a5453fc1f3f96c1ad7517c5f3aec667c55a9bc40436d4c22b8147d698715d6a769d53b4315232cd5881b0472fd5ebc7cd43c7ca32540db7502ad9eb7591380fb7728ea7dbdc5c5a3bc4b591d1c9dad25a7dc215a2fb44d2354b6367aa5a5bdc5a3fe3325899230f9439a411e6ed5d1a1701611ae3d17f058871ac3bb389b7731746ae3157e986c7013b68f4c440c02203beaaae35ad66560125ddcb9a3b6479f7cab2e9fd3dd81a5dc0b8d3343d2adee3e547690b4fb8c14f2aab2ddb376891106a822dd148854d34504ca9a49a64281484226402908429400000036000d63ee7bde4b9c497138e35c7cfeeacde38a389a1913435830000a003b80e0bedfb01f2f66be08078d17df35a787cc1a51bc39f93b5416bb6a193b947c8b41fbda8e51d94428201a8656f3a57c8a042d3a437df60dfd9fdc1d7d034c060140b1b5cc462a2b3bae7193f9eac12f2f75d8a51f5ff1a15a4845959b34967af6194914129868658a417628b766e555c0851e903144c21ad9dd34d70e9dac8b5ba752ce6ad6a783a8687b31a00b8dbd737a4bfb7bd37975fd2e1326e2d2c35f186b039cf8b38f11b50335034b9d4c4545485894ee7289d05b7238218e43a660129c874cc243144a3b094c5317c43d9ae9b191c30399a7de5e20cb13e190d5a5b94d0f2208e35ef0b27ced1fcb588bb637fe632e13cd19dce8e9c430aa359594283db14099372dca945a4ed4055ca91446640326975741142ec001ae75ea96dafa16a4354b389df449439cf735be8b5d81f4881415af13c715ec67a91f5b34fdcbb57eaff5cbb6335cd3d913206c920cf2c595cd0181d42726468ca2b40e0029aef96fad4185177e26878f7251686dc0076f6fcda88a56bc97cbea1a69c4ab01ee43815f678e30dc612bb11f59dce155889cad11bc78be913a8c2663d77ed9a0261ef251711e4540dd1bf879808786b3ee9feb7fa1f5e6493bf2da3aad7f908207b46945cd5eb47d37bbea37496fec34b88c9ad41e1cb080c2f7bb248d739ada7a42ad0ee15e7815867ca45c8c33f7b1526d1c33908d78e18be68e923a2e1aba6aa1d159155350a5390e9a84101010010d754b4c72c6d96239a37341046381c57843796771a75ecb617cc745790bcb1ec7020b5cd34208342082b2d8eda1cb7a3e67c59018e513b58abd63f878f62fe0cbe9a1ebb32fac8a0f1b13d06e559330b71eb1201ba77f11f1d734efbdb17ba4df49a9bbd2b19e426b4229ce985479f05edcfaa775ab6eefed9d6fb4a37b62dc1a65b303e22e18b4d5a0b451b5a65c4007dd52b1ecf1f3dbd9f38eb5ff0015d6dc31548f26e0cc45976381864ac7d50b8a255456495b057a324dcb75453513f55b3a72dcee1aa8045043ac8628edab8d8eadaae9cfcda7dc4d09e61ae700476100e2b12dd3b0364ef7b4759eead26c2fe377033c11c8e69a1156b9cd2e0454d0820ac6fb999daa6d58b5a5b728e257a59fa2c620bcc2b50422640d330ed1105d6729b4324ee48ef90410201b71227b06b7b6d5ea059de399a76a24c776e7001e5d50e268003801c7954af2c7d607d4cf56d9e2ef786c57b67dbd1c66436cc89de2461b52eca439f980001f8a147971cb94595b8cb6a46c1419e7ec989962966a00ee9408a954401528a0ed89fadb98c432c272889044a70010d87c759aee0db3a56e4b3f0af18d3253d17d0661e43c7b972df4b3ac7bd3a49adb2f36fdccadb4cff85b72e708de3810e6f0c0e388e22aa71337635a7f755e3c41e57c6ab46d6f386358c74718cf498493fb128f239072ee9d30f5b1e3deb74d67ac04d1ea2a5548d553a8004d9538869ed22faeba73ae3b4abef11fa5cee395c496b594760e15cc0e07d2e1c015e8b6fbdadb7fd70ba636dbbf6a186df7e697112e682c92494c91b4bade47372380cf1931541c84ba83d22a0438f19a6ebc62ced8fb3355159c8fb0636b8c349cdc0329990aa39b4c045cd317769c753ef5b22b38460adec189d83f45641727429d4644e24286ba62c2fcdacd1dcdb1ab2a09ca70737891515c08f8579cdb0f7a6b9d32ddd6dabd9f8d1f8170c17300718bc689af1e2c320a1a666823d269ca68ea542f43ce33720a95ca6c198f33bd00564abd7e8633dfab5d9ca77f0132c1e3988b156e44c5224067d013cc1c3539c0a522de902840e8394476b5b5c4775036e22f88e1fe51e6382f6036cee2d33766836bb8b4778934fbb883da41069896b9a6986663c398e1c9cd21577d4f57d4d113444d113444d113444d113444d113444d113444d113444d113444d113444d113444d113444d113444d113444d113444d113444d113444d113445621dc73988df84dc5fb86588b52b6f725bd711555c4b55b2a8e45ad9ae13324d105cc666c976cf1e32abd78cf25dd10aaa2074588a5ea14eaa606a0d4ef45859bee302f18341e64fb2a7b82d7fd50df56dd39d9579ba660d7cf0b436163ab4926790d6370a1201399c0107235d88580e43c264be426583328b6ef6ed9572bdba4e59ea9bb545cceda2cb20e6667255daaa19b326a0e5f3a59c2ea184899004c23b006b4f6abaa436b04ba85fbc36215738f79a95e475a59ee7eaa6f636ba7c4ebadc1aade3e42d600333e5717b8e268d68a924934681895907727721e3aedc3c618de33e137a93ac89778c9b466249fa6a399a506419a4ce66d320ee388c19b590319e8159a661fc5a6980014dd2223a0b41827defb87f68b5214b18246968a61c6a1a01ad7862473f32f487ab7bbb6a7aaa749e3e986c89f3eeed42099b238fa5202f6063e77b981ad6bbd3fc10e200e071ae3b9095fb8e53bac7c143b691b45cadb260d9b21eafbc3f907ca144c631d558e1b8269104c6318c05290a23b8006b794b7d6b63666e5f465ac6da9c3003c817971a6596bbbcf5f65859365bcd76f24a3456ae7b8e24927b00a924d000b2e6e007072078b5486960934557395ed95f644b73974bb4708448ba23678e612305aa2000ddbba4ca0630aaa098c40f1db5cbbbdf7acdb8af5d6f11ffe1b13ce4a0233509198d7bbb97b73eac5eafda5f47b6e3352be05fbcafad59f4924b488f306bdd13080300e001c4d6831524042894a5011dc4000047fb1e7ad7c08320a772ea82006d1bc02faeab94b5f2326261df7f0d48744493c3152cb0b8d4f05f41d466fe8e8a6b47a4be4a2c8a053a8b28448840131ce73014a52fb4c611f00287cfaf9b70684f69519086fa4e3468f69419f702ee8ecf1d389bc43819db099b93273250d6bb22ad5f999575c3738355da3254546493b904d4053e9a42aa65d83c77d6dfd99b10de066a9aa8fecce00b19c0bab8827b070ec5e7c7ac97ae1d96cf9ae36474edf1cfb86373e2b899cd79644e1e8d187d10e7039aa4170e0a32fb7d7082d1cadc86d3205c9a48a188a0e61dab62b024f58b67f353cd5a83e6f18cc8e41770a80ba7081975011310131100300f9675bdf765b6dbb236d0bc7e937b3d06638349cb5af01856953c42e46f562f57fd7fac1baa3dd1ae3251b2edae1c669f3b43a495adced6343aae20b8b3310da509c42cbba0a21a404346c2b127a6ca29920c1a27bf574376a995140a2602977302640dc4003c75cc5732f8f3ba72492f3535e35e6bdb9b1b2b7d3ace2b1b5196da16063476068a05cc6aadbf147914d4d451714071238dff087a84037f00f11dbe71f2df52dc333a8382a9e5e65c80907cc07f7f507c79a94f755106106b5c57ec85e90dbeeee3afa63728a2fa6b728a2fd6bed7d2688b41f2d4b93e21eda288e2b4d5029ab5d46840a8515a79feef8ea03118af9c0a7f634e34afc651fb09f20d3018f04c4a7dd1d47bcf6a8724fddf9797dcd38f1c47b3da4e6b612b1ad65e39e463d41372d1ea0a3770dd5294e92c92a5129d350a6012988628f886ae71bdd1b9b24668f69047942a4b8b6b7bc81f6976d0fb691a5ae69e041e216383cc6ed179157bc4b5eb8d7169d822ec72e9395e92f27202255853386675645cb2792ae625a9989a452dc89759d4282db06e05110de5b5ba9762db4658ee077852c6d3f840d710ec7006809ad39d2982f2c3aff00ea51b86e35fb8dc3d28b7171657770d26d4c9147e166612f731d239832e71f1492466ec0b98e0276f4cdf8672e8669ceb0e4c7d0f8e99ad28d1bfd795f98fad3a1072b3d554342bf94f4db326edc0c3b890c3d5e1beda95bdb7d691a969c74ad20f8ee9c105c5ae1941c052b43535ece4a6fab37aadf503a7fbdbf6f7a8508d3ac34d1e235be2c5217868739c4f86e7fa2d0d070a1c79aba6b9f792c0b5cc95195985612b66a4141c2161b7b36322dd78d7898b84c80d235db54157edc4c9a7f48803e061f3db58cda749f57b8b2fa548436523d16073687850938d0addfbabd7aba6da16ed668ba7b24bbd1466135c359235d1bc1228d6b9a330c0548078e0a53b17e4caa65fa340642a4be34856ec6d4eee35ca882cd953a69b859aaa0a37709a4ba2a26ba0628818a03b86b59ea7a6dd6957b2585d8cb34468e1c788af1181e3c97606ceddba3ef8db569bab40799349bc61746e20824073986ad20104169e202a83f2f97dcd50ac997e1421552193386e43874983e70f680fdcd7dc6f7c64161a3aaa04070a3a85a42c61bbac709242816199e43d25aaefab36cb02eada98245649230320fc8f1e7bd22997ddd73b75d448c1b148a01447c4c1ae8ee9c6eefd23047a3dd9a4d1c6034fcaa5063debc8cf5cef577bad07579baa3b7439fa6dedc975c30650d89cfccf2e1c0d0914a63c5463f17b3a4e71f330d3f20443f3b48f633b0e1674c89aab15ed70b22dcf2cd8e821f8d57a99029b0177308f978eb60ee2d321d5f4b92c666e67ba37067f28820715c83d20ea3ea3d2edf963b96d2431da36e22170002734024699050627d1ad00c7b166ad8373651f9018ea132550240d215f9a2b82a2751b3968ba4e19395993b4166eed245749449cb7307d2286e01b86e0203ae51d5b49bed16f9d61a83324eda1e20820f0208a85efcec0df9b7fa93b5adb776da90c9a55ce6ca4b4b5c0b1c5ae05ae00821c08c479155773fe087e6dc047cb7f0dfcb540cf8cb3567c65c04a47b3998b928491408e63a559ba60fdba803d2bb478dccd9ca4612880f42a8a8203b6c3e3e1aa96131c8d999848d2083d841a8f3d54bbcb3b6d42d24b1bb687db4d1b98e079b5c32b879c158d67729edd4df17a12d9db0fc7393d27762ada2b889d8812ba650cce37df1aa663a6f9da0e5e29d660210e29f50f50ec1beb796c2deeebccba36a46b702a18e3f6d89342780a0f270ed5e4cfad97aac9daacb8ea2ec78deed0c6433c356521072b333460f7073cd4d3352a6b828dce33f2b725f15ee6ad8e86a3078ce43d04e66bf38324b433f4d031fa5533761231ca11da6554c05381fc87c759c6e3dafa76e5b7632fead9195cae6d330ad2bc41ece6b93fa33d6bdd7d1ad59faa682592c1265124326731b80271a35cd39854d0abacee1b82a3a79bd639998760bff00c556578f60b6442b055116957c9cedc39f7cd981fd17ada2e75b1db980dd0a901e02a2650beaa65d587646b525b4926d7d49e7e996cf223248abe2a0a171e048c7014c392df5eb31b02d758b5b3eb9ec6b73fb27aac2d377929960bc24971cb83c31ec2ca1a101f5aba8405729d8bf9d0df04e6495e37650b7c7c261ccceb7bd52d697417327099c9cb98089846894a91506f110f778345668e3de133266926ec0087440eb0a9be36aea6592bac6577e05d8b49f958603cb8fb4157faa4f5464b0bf774e358998dd2e76be5b42ead44e5ecac2d35ca1b202f78040f4db81aba8733ad6c05e8526889a226889a226889a226889a226889a226889a226889a226889a226889a226889a226889a226889a226889a226889a226889a226889a22688b411000111100000dc447c00003cc447d801a22c0f7bc4f32a07977cab14b1ccc5924313e1585758d201ac83b392b7317389b2d8cd77c815b8923d72d088d8bde1a3049f74a6bbe6312d8c6002741435f6e1be6dd5c18a371f09829dd5a9a91cbbabdcbccdf5a6ea1c7ba3770db9a55c48ed1b4d8c46f6d7f06eb9cef2f7b40241cad2d8f3115194d3038dce76c4c1ad700636b973872db76048d90a93f89c691ae7d11934e3cef1275233c803f410419bd9618a2b766a26b759da9d6dc408a78f32750f597ebd7ecd9da7170736506570e1cc06e18e15a914e34ec5bcfd5376041d37da77fd7dddb1c42ddf60f8ec98ea7880666b9f2b73801a64c99585aeae42e18026b0b59772bdab32e40b0dfad326f9fc8ce48ba749a6f1daef3dc1b2cb18e8316c658e7f4d06e410294a1b143c83c35b56cb4ab5d2ad996f130361634700054f3341862bcf6df3bc356df9b92e7726b724925cdc485c039c5d95a4e0d0493801d9cb829aaecddc67632d2ee79273e54561847529035462bb4054c0bacd1d45bf92454593e821d31594201886136e1ecd6a6eab6bb3595b8d12d4968780e710788a8201f67b8bd02f50be9045753bbaa7a90639b1ba48adc1152096ba373c545052a4020d5648250000d83c036fd9fd91f311d73db5c5d892bd4f0034502fd7cbee79ebed9f1c794289f8a57eb5715293445c4cf4e45d6a1a527e69d26ca261983b939076a98a44dbb364dd472e15318c25000222988f9ebee2b77dd4adb7886695c4003b49c02a4d4351b3d26ca5d4f5091b158c11b9ef79c035ad04927c802c6abb86773a797678f71471f67e7a0a01a3a6a59ebbc6ba18b7534406663388e8c70c5e7bd24c7de1c01151374f58a5e5b6c3adebb2fa76db381ba9eaed619482446ec729ad054114e18f3e2bcacf59ff005bbb9d73c4d91d30b8b9b6b68a66f8d78c7786e95b90d58c2c766cb99d8d40ae5e0adab84fc01c8bca9b134bedb0e68dc641280f2766261c3d3ccd9cca2a2e1c04788a0a8b93bb1dc4eb2aa177eadfc47579ddfbbb4edbb6a60b2a1d44b68d6b7830d2988ec1d8169ce80fab26efeb2eab1eebd7dcd66d532892592573cc93d49710df44d7373717006ab2b7a0e36a6624ad31a6e3eaf44d5ebacb6f778e8866dd8a22a09089aae562b74522ace952a65eb50db9cfd3e23ae73bfbcb9d4ee0dddf3dd24c79b8977b553879382f69b69ed3dbfb33476685b6ad61b4d323248646c6b0124005c434005c401524570e382a84889ba3630ee6011f1df7f6fb3f6356a7650ef4782c8ddddd8beffdad57b7e28f22a7c6ab5d451710a0f52e221e427287800fb04007ef006daf81f181f6799550f8ab97d7daa54d113444d1457e0e7210373980a1ff00da1d83cf6fdfd4080450e2145a0bb82a6f2391597bd3b8d8368e25a498acab775d262b764d9448e91142aee4fb889c015ea29484375014c1b8086b61edbe97ebdaf659cb6386c9cd0ecf2138834f8a003eed02b26a5b82cf4e7786eccf9bb1a061e5a954a9d3dca65943589e5c21e39a3186553356104553c1af228a4ba84907b2ae1349f3744cb2852a80444c2044c043711db5b7a2e8c6df8ed3e893c8f3739aa1e0793058e1de571e2e7118f069c2abb2d0736c0d8a71dd3a5572b3b547a2cceb742a45616541db607645e05ff514cf00899ba5421c89a8998043610f1d69cde5d32d6b6b9372724da7b8e0e656be47020508ee242ca749d72db5405ad05930e468abc1440c1bfb07c407e701d6b0ad3035a8f67057a5af9698a2d3cfcbc3f7b4c380e2a1c782d7fddd39a885afb035706fc50a41ee4f0d7d260b8a9c8c6b330d2b0ef5149c34958e7b1ae505880a22b20f9b2ad554952180c53a6a11510300808080ea644f3148d940a96381f68d5535eda36faca6b1780629e17c6e071043da5a41f6d6171ce1e2e5bb8d5962653928b491a85a1fba94ab3e67b8b4f735dc2c1ee6041452f48edc53db600e9f10001d753ecedc56fb86c1ad8f309a36d1c0d06200c4509ed1d8bc12f58ce8b6b7d2bde939b88da343bb79960736b401ce77a26a06208e551c31570ddb779e26e3fda96a5e57b25c9fe2e90875632b114cd656563eb738f6698ba2b84e35d3f6e8316ab154702a289018c063fe0ec223ab26fed96ed62dfe95a7b22178d782e2702e01a4624035230a556d0f54ef58efab0d64eddde7757926d2961f0e06025f1c12be56baa18e780d69abea5bccf05962c74933936a83966e117292c99142288a84508629ca060314c43180436d7325c5bbe07e5771a95ed2db5d41790b6e2d9c1f0386041047b8b7ff007bfddd48e3c38a9eba6640a2557245564aa772848fb04148a262b88e936c476d4e7e83148a0a270101327d63b790f8eae5a5dfdd69d78cb8b47964c398c38ff9158373ed8d1f77e8d3683aec2c9f4e9da4163c022b434343d955862730b87390789d6d41bcfa6d1e53ecefa58b529d64750537493116aaa883a4544ca66ae1149f261b6e729bc761d758ed5dd36bb96d2bc2f183d214029cb0c57835d79e856e2e8deb606a2d6bf44ba91e2de46927364a1702d2d6e5a6614e35ed5787dacf9b0ae16b746e13babc706a05c251f1a317dd3510839870d9c392a82672ed02b364e5ca7ba9e994dd47388ec223beb15ea0ed3935481dabc34fa544d1515e2da807000e2076f25bb3d4efd611db175a87a7baf3a4fd99bc95e5aec088a4735ce06ae78cad2e1886835af0a9594e377ad6423dabf41405dabc4107482a88809554d748aaa4a10ded29c860101d73d8f8e5a388242f642de464f1b6685c1d13da1c0f10411507ce315f030809be8940a1b6c1befbf9edbee3e1e5a9c38626aaa552bcd3294586c5f7391c96e18b6a5a308e539a34815251b0a2e7a5ab74bd35c4a928aaaf574ca91444375043dbaadd3a1bc9efe21a767fa5e7c32fbb5f356ab0dea15eedcd3f65ea173bb7c3fd022dc8973805a6b40d1476049796e5efa2c152ee6867175b729024316014b24ea90845089a672441e4dc9a38a64d313a69895a090040a2201e4023aebcd3c4efb287e91fd288da1dfca0d153e72bf395b85f6275ebd7e920b74d379318860291f88ec830c051b4c14ccf6bcbcc7e5dc7798f86f90dd399585c89013c956824085916904794813468b88f2bc32bee4ee2dda6476d4c9937497201ca206001d6a4ea2593f49d42d772d9911cb6ef697e5c0bc077034a56a30c577b7aa1ee8b6debb475ae876e573a7b3d461985bf8803db09921c99981d5cae63807b0818385462a23b38621b5f1eb2fdc712da5c205b3d0265a22791895dc911501568c6720e6235c9d268f111711ef5bb848fd2451331836d8437d6dbd0b588757b08351b325b1c8d0472208a8230ec20fb4b90b7b6d6d7ba5bbeef36bdd48e8b5cd2ee1a1b24648e2d6cb148c70ca4558e6b811422ab3a4ed57cc3ad72ef8a349729cdcf4ae4fc3b0351c55998d6c744796594bac0d5229152f2e9e8bc76ea5586402a2a3f4deadd0a2cebde53317ad138eb75e917a2fac59263e2001aeaf1cc00a9f3f15eab748b7bc1bfb61586b4d797ea0d81915cd6951731b1a25381383dde9b4f12d70a806a04946ae6b6626889a226889a226889a226889a226889a226889a226889a226889a226889a226889a226889a226889a226889a226889a226889a226889a2289cef2bcb18de32f0d6ed5d66668eb21722232c38569718ab851374d62ad306e632ff734536ae9b3d2929f569239905ca264919576c4aa8188a741ad3adde36cf4f7bb0f11e0b40f2e04f981f6e8b51f5bb7c5b6c5e9edfde191add56e60920b669751ce9246966668a827c30ece48e0436bc42c2ef8a782dc72333d637c36d5672c59da25960989062909958aae42c73b999d785131154105022e34e9a0650049eba84288089b61d29ba35e8b40d0a7d55d4cd1c756b4fdb12435a00e27138d179a3d27d8b71d52ea369bb3817b597b31333da0559131ae9257d686872b4e2452a456aa75fbbd5fa1b1271f71171ae9858cfab531828c066b2debca44d5e995c5e1628a29a0b20291dc10520154c9090dd06000f1f0d27d2f825d5759b9d7eeabe23cbcd79173df98f1ecc577a7aecee7d3b6674c348e946df2c6c63c28f2924bd96f6f0ba360c280177a3e91041c7058e6b16e322f59b14003d77ce9bb24bc3ffd63a5488a401b79ee73eb7abdd91ae77c915f697943616925ddf4366dad65958d1fe7380fb2b382e1be332e25e36622a419aa6d1d44567d778926603819e4bbc792ce15329d251399451f08f8f9796b90377df497dae5cdc3887564f30a500017e89fa27b6c6cee98e8db743030c16988c09ccf73e426a39fa58e0ae87589f3a2db09afb61f4c7947bea07815fad5c14aa2a5993b34633c3d0ae67322dd6b552668a6aa89fd7b351f18abc148a26f499a6f1c22770a9c760294a02222201aafb0d36ff5397c2b08a495dcf2b49a79683058a6eededb4f63e9e751dd17f6b670652478923185d4e4d0e209ecc3b56275cb0ee399bb946e24a8f0beed5cc7326a7d52d6a95e68f4646c25178e3dd0f22b2aedeaeeddbb4d72a429220421c000009befbf43edbd8ba3edf6b6f2e1be25e0198bdc410ca0fb5a0140295a9aaf18facfeb4dd40eaec92ed8b10db5daf3fe0c5bc0c7992605cea67ab9ee739c08696b40078515c47033b59219b2b44c9b9d7f2daa50a778e1384ac3344b5f9778a307c2dcce64939b8774e0ac543373f481484f50860101d5a77b75062d2de34fd24c52ca40ccfae668c3916b80af9d6d7f56ef53c8b7ee94cddfd44fa7d9e9c5ee11401a217bcb1f9439e258dceca729c282a0835593654eb3134dad40d5209a959c3d7629843c6b70294a29b28e6a9336c53f41485329e8a20261000dcdb8eb9d6f6e65bdba74f2509738934ed71a95eb168ba3d96dfd2adf45d35a1b656b0b2360c3e2b1a1adad2809a0c4d3ccb9577e650dca1b8786fe1edfded7cc4463ecf715ddbe65f56a01e906ff003983f687f67509083263805072dd6ab07014e0a9fdf5af8ea298ae1cc202b087b3d4df61dbab7f00f30db70dfcb5f3415c4e0aa80f4705cbebe952d3b56ba214d1457e4c60214c630ec529444447e600df5100b880389283134e4ad033c64269698094c6706bf4ca5965a32bcd5c0ab26c81d249bf62f670183e8ce85903348e416289c4e421d42893c404407a23a5dd37778906ead59af10b6a591b851aef8cdab8118d388c42c2b71ebcf8dced3ad880052ae1c791a0c57ced1668cc238da3770772a78963175d8366b2a2ea4e6a4d36856ec9b09fe8aef1e3806e26398004e200630fb443a12361927f09803622683b1a3e058148e73fd27125d5569776adda32edc71dab257ab0fbf0bd64ea52a74e9c6d11598540a76ee45b5859918c9b8909360b028a19170e480a10a05e9d843558c92da26e5648c7bcf3047b9425480c909a9068ab35fb11e26af463fbadf0666c53c9741e364fd6ea9a8c70549168442a0d631b2411065ca997a81126dd422630f88ebe3c465d44e824631f039a416b8541e2310703ec2aa229258646c91922469a8ed571f8032a1722d7576ebc2cbc03a81422d045b4e888bf7f14e9babf564aa82730aaaa8ed16c3eb18436f580c003e1ae22ea6ecb7ed3d6e8ccc6cee5cf7b0f2188396a0018660005b7743d53f4a5a672009d80077969dfe45705f2f0f9796b5a54570f67f02bcfbeb4fbdfdcff007750c380e283b56be1f2fdfd47cbcd2816bab88208aa92535145ae88adab95bc7882e4c61ab3e2d9754f1ea4d7d5ae184c364903bb8b7d1726d249059032a41102a866dd070010ea2184357adbfad49a06ab1ea918cde1d6adf9408229f656b0eaff004c74bead6c6bcda1a9111be76b0c72d01731ec7b646904824025b434e44ac39f925c70c81c68bfcc532db1131f54b774925056b7512ed944d81159a24f0a78f74a93dd975522a86228521cdb19337cc3b752e83afda6e0b48eead9cc2f7349735a6a5b8d31e63cfdabc2aeb0747772f493754fa26af0ce74e63c086e4c6e6c5302c0ff0041e406922a4100e143d85569e1ff003e728f12d5958bae3082b3556c6fa21ccbc6d90b26e156848e174908c42ad649a0333288bd38887498a26297701db560dd1b2b4edc795d26664ed07296d38e1c6a0d7db1cd673d0cf599de7d13749a759476f77a1dcccc748c983dce686d4558e6bdb4c1c791e03c8b29be3472cb17724aaec652b168af1aca74f695aa37966aacbc7b82364dc2c433032bef9e914a611dfa476001dc7c075cf3b8b6b6a3a1dcb9b2c6ff00000f8d4c0e34e3c31c17b2bd29eb3ecceac68d1dfe85796cfd4f28f16ddaf0648dd94120b2b9a82bd8ae9fd9fba1f36b1421c0e53c42db9cb1567dcd5e334272730d582a8ed373f947171339254c5dba88a7e9d93eaf134724e0cb20b07baba78dd2229b000f4fb7595ecedc4fdbfabc739c2ddd2343cff141c4e1e55a53aefd26d3fab5b0aef449c1fd271412bed48cb84f93d0c48381735a09e3deb0bbbfd0ed58a2ed3747b8c63b85b2d65f15076cde24aa0b26714d276d972155210c645741622a99c036314c021aeb2b2bf835481b776ee0fb791b811cfb7dea2f04375ed9d6763ee5b8dbfabc4f8356b4900735c082300e69c69810410781142b295ed8dcda679eaaf1387256209196ec6f418741790f7c05093ace0c91b082e526c711548b1bd721cfb0983cf7db7d738f5076acfa44efd5602e36b3dc38d298b4b8976270c392f613d51fd6060ea668b0ec7bc85b0eb3a4e9b182ecd8cc2211c45c1a4d79838296fdbee06b5754f02bb5cd5516e40e0da9722b1658f14dd16956d05612b132ee61576cde4505e3a41ac93555aaaedabc40a20e1a140dd499b72088786fbeaf7a16b977a06a2cd46d3299995c1c0969070e008e47b5607d4ae9f68dd51d9d75b2f5e74acd3eeb255f11687b4b1ed7b4b4b9ae1f19a2b51c2ab11fcfddbd391988f20cdc2d77155fae94d527e59a546c301012163f7c8749f0a514b4a2908c94499bb70d15484dd444ca26ead8000076e9fd177f68bab69ed9a6b8862b9c8dced71cb475311e91af1ad38af147aa7eabdd50d89b92e2c74bd2751d436fbae5edb69e189d367883bf0664313486b8b695a86d4d683057c9daef879c82a1f2019e46bf522c941aec242bb387e50423b8f5a59c391045366895fb54d42140a2613189e3b06c03ac2fa8db9748bdd10dad94cc9a673c0ab5c0e5a1a9ae27cde55d17ea87d05ea46dbea147bbb72d8cfa7e950b08a4d13d8f91c6940039a28d009a9a772adbdec78d8c2429754e4d5762a4d5b542ccc5d2ef6662dfd76215074c265c474f4a026d8cb37189976c833058ea027d0f0a5306e0510b6f49b703a3ba76832b9be1bda5ecae0730233018d31ad69c78f25b03d7cfa536d71a25b75474b8e53a9433c76d759455a60731e592ba8da82c7b5b1e6272d1e052a02b12ed01cd6ffb21727a320ac8e635ae1ce40bcadd0f27c9c8f4a05acbd64a4c131fdcfeb151db46ac5857e7ec2aa320a38eb4528b7ee561003a44307536dbd49b6b76637902196809ec22b94fbb42b953d55ba916db3b784db7b559238f49d6046ccef394473459fc2f4890d01fe2398eaf1259c298e789ad92bd3e4d113444d113444d113444d113444d113444d113444d113444d113444d113444d113444d113444d113444d113444d113444d113444d11344582bf7abe62b4e51f2a95a3d4dea6fb17f1b4d3f40abba2b23363c95da45d4586549b22cba293d5599e66b8d2310036e81938905d1fa2b898dadb756a427ba16d11ab23a8f3f3f780f32f357d6b77ec5b937841b674f787e9fa4b246bc8e06e242df1454815c818d6f300e6a712af63b23f1e2223f1fdcb91d6083ff00de89db0c85269320e8541f46a51aca2d6967f1e915614402566dcaad8ea1d3f50018881440a61eae57eb16bd2cb75168503ab6f1c4d7c828299c9394578e0002ba7fd443a6d6b6bb7af3a99a8c1ffc4e7b97dbdabddc440d633c4734568039ee736a454869e4ace3bd05926df72421ab4e5d7ab0f115266f5834f41a905170f96581c1fde08891c2a06290a1d273980bec00df593f4ae1822d07c58db491e7135389e7cfceb9fbd7bf5abbbaea7dbe932beb6905a35cd6e50284920e39438f9092072515940f4cb73a728b880b54ed75c3b803fe09902cbb41580c21f4ba7a0075b1ee8075b3c37e3063bde5c61b6a5822dd1a73ee07e085ec04f93c56d7dc59eed094455a5d5946e62990340c58a46208989e98b347a7a4c3bf506dae34d4411733e6f8de2bb8f94fd85fa49dbae63b45b37c4418cdb46411c08c83ecd576ef979ead7dc15f7bd0440a02223b0006e3b8f86c1e223afb88173c01c495071a035e0028efe54771ac0fc7b6960ada16c6b64c9ccdb8a4caa50ed241f288bc59328a477f22934344b52b713819421d705003c3a77f0d6c1dbbb2b53d7246cd230c7a757d2792073e42b9bcf45cc3d62f5a2e9b74c34fb9b26deb6eb75b58432de3648fa3cd285ef0df0c06d6a417570a52ab178ca196b3f7343298b8973cb5ce71daee9180ad47b66a9378e8e51c09d26cd9ab52356a42a6512818e7f1110dc475bff4cd2744db1a796da810c5f6cf2492e2071249271ec0bc84de1bd3a95d7edd99a774fa8ea2f7bbc08636b5ad8d8e754343406b7b2a5d8e1c54e47077b50c463c3d732767c6447f7e8a9a676082adb69315a320d566464ea3cf2031ef05abf7ad24513984a26552306c03bf96b546ebea43af58eb0d18916ce6e57b88e35a8396a300461dabd10f57af534d376a1b6dd9d4b6097754170c9a185b212c8b2657373786ec8e7078271cc3929c76cd526898228940a4287814a1d250dbcb600f000db5a72e5ee7495e5f67e05e83b031ac11b006b0700300b71fd8d52f2c31039afbe3e55b277b6e4fbc3fbff70047701d5442302062bedbc2abead7fc1000efbee6df7fba223f38fcfaf897e3f79472dd6ab5bf14791535715aea29dc170e6f05c47c87a800477df6f1f6ee3bfb75f20827b71f605543e2ae5f5f4a956ba28af92ca95148eb1b712a65318c050131b6286e3b14a02223b0796da85710399341e55102aadb6632cccdd6b1628ea6516ea65a5a1a5e361aca80d7518f6d20e5a2ed59bb319c4e03a401bb950a7103a1d6502f89770db59ad9685169ba95bcfaa4d0f80c958f736af24b5ae0e2306d2a461c78ab15d6af0b58f85b984a5ae1c39d081eeae0a9582e15844d6e4edad024af51ecc4169c23c728ab1ee165145162b206ce53436fc6081cc2530a8226ea1101db59aeafd4bd726d41d268d70eb7d32320451656e5005063569ad789a958136c9cff004a6c5e4e38fbab6bfcd7589fe481b158afff005b63b89840691b4c2b1608f4cea6b333967652488915ca8e4844562814864d3d951012eae9a8f58f527e8cdb0b76b62d55f4cf2d01e00825a294049a7d8501a6124168247beb9d990c5d3c7243c2ccc0c6d8635422d1ab45ae44df47caedd2cd6708a6250765f50400c92e0721ca22021e3ac5f46dc5b9b42bd66a970e91f6c38871147349c456b8569c45085f4fb3cc00631ded3970a6c1f56b33f51e6495cf6a74e57219289fac65994375248a69a2a378f41f260553a08263814dd06111112eafdad756b5ebe14d04fd16dc0f483431cee35a6621c695f3af8669e6be983ed11dddcb9e1ae0e2f9faa4853a19c929ed58c943582399ae6589131e9919b88b7e46cb9d690902b1f775522a29faaa07adb943cf5896a7b8755de1a68d3f58958fbe85c1d0b9cd6b4b8bbe333351a013406aee0afba44ccd3ae0bdc488dc403c4f0e180f7fb954294cbf5f615156f2d984ebfae332ba5e55d844ba8d5e263d822670fa49e309a2c6be168d11218c6e84ce736c2052987c35885bed4bf9b516e972e465e4940c198383b31200ccc2e6e27b480b2e3ade9808a4b5f31f7705502bb3d1d68828bb0c42e2e632619a4fd8b814576e2ab65ca06494f45c2692e9898a3e4628087cdab25fd8cba75dc96730a4b1b883dc471e15aab9b5e2460919f1485ccfc835418fb3f817dad757214a0a70522a7895aea289a22d344543b3471db0ee7f87460b2bd2d8da99345057642b399064e592e64d54bd66ee639db45c86e858c1b750878f96ae9a5ebbaae8b378da6ca633c0d00c4120d0e06bc16bfdfdd35d93d4ab11a6ef3b18ef2ddaeccdab9ed730d0805a58e69ad091d8a0079adda6a4b1bc692edc718896b357d8349b91b4c339966e6730d1d1c8a0e5259b9a5e48aedf7e2017112a5d63f8bf2dc435b9368750c5dcc6d75c7b239dce686100fa44f2340471a2f353af7ea557bb76cc6b9d29865bad3e26caf9e27483346c600e04195f571a66c1a49c382886c6b95b26e10b30d8f1ed9e52976560a2881dc374db2c3e253a0aa4e193d41d3358a24318bf4883b7b35b2f52b5b1d562fa2dec6d960342462311cea287dd5c3fb5b7b6f4e9b6b5f4edad79358ea8c243b2e5388a821cd78734f6623c8a63b00779eb7c2a91f159e230b3f1c9b249b2f658a60d907867297a0433a5d8c735480deb10a73081083f4bc835ab75de96595d30cba3b8c7283f149c298e1527d9dabbb7a63ebedaed9cb0d8751201716cd8835f3b1a03f30a02e2c8da2b515ad01a7629a6c33cd9e37e7a27463cc9316f9f10a87bd45c8b59384906e7742722298a12ec997a8650c9983e809b6dbc7cc35a9353d9bafe91e95ec2430d69948702399ab49f7577d6c3f580e95f52632ddb3aa44fbc6e50e8ded7c4e6975680f88d68e471aa802eef38a2063b352b97a06c913243782c635958c6b24d9cbb66ee26198c59143352ac2b153391800ee52f4f8f8f8eb7af4c6fcfe866e9b72c7b65833509045439c4f1f23bdc5e6e7af5ecad26c37cfedce973c724da888c4cd120716ba38d910f46a68086d70145627c4acff3fc68cd30391608e9fa07415829c49c144cdd7859272d15780aa652287114ccd0872f48750097cfcf7caf746850ebfa34b66ec242439b4e4470a72e05734742faa17bd29ea05b6e7b5706b0b4c3283520c5239b9aa0035a65056709012ace6e1a2e5e3dc15d319364ddeb5704dc08b20e5305533977f100314de5e7ae3fb98a4b79df04828f6b88f6bf87f817e862c2fed754b38b50b27e7b59981ed70a805ae181c715cc797def66a9cf672e4ab382fc1934ce206310a712f8944c003b7dd0dc076df5f4c7bd80b41c38d141cd6bb88057ec0403c8a50f9b6000fec6bebc5765a0a5146aba7641a356f2752ec942b846a12f59b4c53b87988e5c4e523964ed2326a140e91d359150bb81887218a721800c5101001d56e9ba94fa65e32fedcd2788e6691da3ec771c0ab26e5dbfa5eead0aeb6f6b51367d32ee1747230f02d70a7114208e208208388c5608f9fb1839c3799729e277c8b84829377b2579899d07e35ec23392729c1c9098863ee49486145728efbf4a9e3b0ee1aed4dbfa80d5348b5d4dbc65858e3dce20123cc57e7a3a87b4af7a7bd42d536d4cc7b3f47ea1332327898db21f05e083f6cccae07bf159e7f6d3e5cffdb4389d47ca92a72ff38102e1ce37cb4924d0cd1b1723d55845af2720d08083769eeb658697612e42370322dc243d0dc0e91ca5ddda65eb6fad1b383577077f2871f87cebd67e986f8b4ea1ecbb3dc96ce0677b03276d29927601e2369e521c298657057f1aaf5b013444d113444d113444d113444d113444d113444d113444d113444d113444d113444d113444d113444d113444d113444d113444d115aef33f92b0dc45e34e52cf52ecbeb65a9b089a55c822ae46e79fb84f3d6d055488054c4545341ccdc82267072914324d48aa8053746daa5bcb96d9db3ee1df6a3db3c87b6b1ade3b96d7676d8bddcb780186d2073f2934cce028c6571a67710de078f02bcef317d0df654ca78f31d91f28491c8d7dabd4c651721ddaa8b8b54fb38b5e49720a8551c19151f8aea089804fb088983c475a4b58be8ecb4eb8d45e056185f2769395a5dcfb68bc75daba65e6fcded63a1caf71bcd53518a1748e25cecd3cad617b89357105c5c6a71a6279acef31463bae626c7b53c71528f6b19015285650ec906ad5268557dd1b91359eac9245029ddbe71d4b2c71dcc754e2611111df5c45abea371aaea12df5ce63348e24d493cf01e41c005fa0eda3b674cd9db72cf6ce8f1b22d3ed2dd9180d6b5b52d6805c43453339de91ed26bcd633dde7a0936dc88819f124909a42b0dd9a865581118dff001355532656afbde4ea3a702538f590524c0a01e023e5ae88e95bcbf4131fa3469e46a47942f263d7d7466da752adf5588c84cf6c1a6ad01808c681d98927b46514510292e7400aba1d64510395420f5095429c8206298a62fd2298a21b8087b75b41d4ca70e382e0a6173276bc3a8f041047220d41594df6e7ee0b8e2ff8f68586aece86b79160a39cc3a4ac93f339693add819db868e5374e1348e8aea32029053318e3d651001db6d73def6d8da8457936a768d0fb47b81c1b4cb5a035c7b79d02f66fd567d66369ee4db5a6ec1d7e4fa2eecb763a205efccc9833339aecce008716d050938f3578b9cf9e1c7ac06d806d56a6f27225932452f0902649eca3654e8aeb0aab2206029522021b08f56fb886b12d3763ebda9bc88610220dae63803e434c78adf3d46f589e9b74d21aeb1791cd74250c745138191a4d7170c700450f7a803e45f76fce794179487c67eb62fac2ae1cb768ea2e51cad6176c1422887e39da48322a22b10fb8014bd443790eb716dce9a68962192ea1f87b96e2730f46b81c054f0f75799dd4ff005deea1eec96e34dda24e95a4b9c435ec7b8cc5a6adc5c0329518d39156c7c69e20668e5b6466693bfafe321659e38716ac913ad1e49a8cca2cdcbc072749db86abc9aef1444a91045628751c044760db5906e2dc9a2ed8b334c8e7b706b1a4027baa060057b16aae95f4277ef5bb75462e8dc41a75c48e7cf792b1d210002e2e01ce6979711947a4054f15946717f8318538c510d82bd02c2c1723b3628cade6662d89a69dba6ed81272ab23895cab18d1dae2653d02ac70288fe10edbeb9f75dde5aaebefcb3bfc3b269716b1ae3c0f27529988185485ebcf483d5ef62747ad5a346b78ae75c2c6364bb922609496b684b0fa4636b8d4e50f34ed3c4de9143610d83c3d9e001b7807dfd636dca054732b7ab41cc30c3d9ecf6d7d3f7754b3fc6a0ec552c4d4834ad17d85b177fde087980888006e03e3fb9b6fecd4e8456a3bfd982fb6f05f56a1f8adfc47c47cff00b5af99699f862a0e5bad56b7e28f22a7e6b5d4502e1d4fa4b08886df4c37f00f0d8403c803cc4035f20e3414a57d9fe5552051945cbebe9532689cd7cd6ea045412014c602184a530ec513007801840076011fb83a81c869e27c4af969dea35c83376056a32de8215091c8f4d728d365d35fd496878e592948078fc1d159facfd9b63b1496121d5398c2009a8af91840400432eb6ba9639c586a0cf1ad99197349ab5e5ad6976504d680d3be8ac9359db5d8fa4901b33e830e1d809e1c3be9e55db94672c0aa2f9f589f3d5ca6239222d945a3d89143b504144fdd51746228dce2613811413f41c7701f0df5cf3aef50b55be2f82c98cb6809a7a06aec1df280189a50d00a838ac8ecf6e5844d6ba4024701cc607cd8fbe551395bf50a02dac6945968f42db6959ea89c5323105dbb5122aae9e39785484043a7d33098c7f1137ddd5a2e6cf7deada44dafccfbb76956a0667991f46f20002476f0182ae6c9a45acccb402213b9d46b728ad69d9dcb8e91611cc45cca11ab749449332ee1c376e9a6e4e56c02af509932fa8b9c0a5f0288ee3ecd610356d72f2465a7d2ae88738001d2be989a6357500f796422381adc58dedf8a3e056ad09ca4c3977c8ec29f0b6e7637f6eabf2c4a2edb3e62f123c7b75cefc8cdcac25f48134515004a536c60f0d6d1d57a77d66d9fb5e4dd0e3711edca34b9d1cee70a39cd602e6b5d8fa4463cb89560fd27b6efae3e807c1377c32960ad78f1a7670c55c943e4abad78eb0125dc4d26b2a0a9529a5d77852eeb18e7215750545880729ba43c440a001b06ac1b6fac1aa5a48cb6d5e117500cada976578a0a541ca7313cebc4f354b7db4ac6e58e36df8390d780a8ed18600055defaf665c26d6b89d7c2dd392cdd6904e09372646b2c230ed3ddd546c24544c8d81b9dc028044d54480af50074140a26d750e957713b2ea5e23ededda40cc4d24711890cc2ad20102ad7735848d2fe86435d964b9772a500f29c6bc39f15715029ae8c2c622e59b58e70934448b3163ff9934390800641b0022dc0114c7c0bb10a1b7906b0fd408372f78739cd73c9cc49248ed249249f3aca600442d6ba99a9cb82e543c3c7efea841a70e2a6635aafd6ae2dc1a2bc5493c7b9351504d14689a210821bfb345022bc42f8b86ad9e375dabb6e8b96ae5251070ddc2645915d054829aa8ac928531144944cc25314c020203b0ea2096b83da487b4d411c411c08ef0be5f1452b1d1cad6ba2702082010411420838104604151ffc84edc3c67cdf1afc094a83c79637644cc95a693071b16f53588e3d6328e58b24d9b790f5b7129c4e206101f3f0d65fa36f4dc1a75c07c933e7807da3dce238769269ed2e73ea47aaaf49ba8d6ef93e816fa6eaae1fd3dac31c6ead6b57068687571049c48256395cb6edf79378c8fe4a410f7cbad0107e66cc6ccd620ed1706ea7aca3733f6283a91040c54d1103180fd3b86fe1beb76eddde363af441cf0d827a62d2f071eea815f697975d6cf558de3d24924d46d9efd436f9968c919110e00d480f687be840189e0ac3a26766ebee4af2125a5619e10c4123a897eee39c94c43098820bb45515004a6f10f1f01d66ae64128cb3358f61e00807dfaae68b2bfd434d97c6d3a79ade7f951bdcc761c31690705be91b14ed8952b89f9c969972223b292d22f24960dc3610055e2eb1c37fb83aa57431c469046d60a7da803de5f1aa6adab6a6ff001353b9b8b978fb69647c87fe992b6273fa650000111fa252806fe223e050f0f1f3d5c226173003d8ad50c6f965019f18959def1c23df45e10c68ca494494788d4e20aa8a675542f57ba2421f4d63194388079888f8eb8bf70b83b59b8734068f11c3da77928bf493d2cb2bbb0e9fe956d7a7fb436ce3ae24fda8e67155b7cff73565e2b6027cbeff00fb9a8772724fed694f6d13e6dc37fb9a88e35704e0b1b1ef978522a12cf89338c04424d1cdb92b0d46f0fda35224471230e9c3bdaaba7eaa601eb3d72c5cbe444e7fa429b62177102800743748b5a9a7b6b9d2257bb24218f60ad680e60e1dc010de1dfe7f2cff00e601b0ad6c754d1b7e69d0b5b35e89e0ba706d017c622740e711c5c5ae91b538d1a313cbb1fc3e9cb07345cdb68e24ce11e38af6724e4aed48501c88b485c8746abbe91b113dc44bd1bdb28907bacb81ba80d06d93d840db97a77685f9123ec1f521de903dfcc7b43dc5847a9eef96c1737bd3fb9a659c9ba80d71ced63592b294e6c635f5ae190e06b86615acfd77c26889a226889a226889a226889a226889a226889a226889a226889a226889a226889a226889a226889a226889a226889a226889a22c647e232cef164a9607e30b1508acc49d9dce72b38a62e0ab46c557a267a8f5166b18a606ca379f79679658533018e53c5a67fa2021d589eeaba11dbb2d9bf1dcecc7c8011ee9f7971c7ae2ee982cb68d86d689f4bfbabc1339a2bfd0c4c91b8f2a191eda7f20a8e1ecbf83a3321e7bb5658984d659be138a887110900a5eec368b884db18d70e135133a8a7b8c6c43c393a04bd0a890447c80798fac3acc9a7689169f091e25dbdc0f1ae56652e22980c5c01af1aac2fd43fa7d0ee5dfd7bbcef83bc0d0e28dd170a19ae3c56b6a0d49cad8dc4529434c6b4595306fb808f8fdedbcfc76f3d7348c713c4af5e856a2becf67c0ad7f965c5da5f2b7192f43b51dd473c6af0b2f01371feea57d1d2c836748203ea3a6aeca66aa83a1f548005136c1b086dac936d6e3badb5a97d3ed7169195cd35a16922b803c56a7eb2749f43eb16ce936ceaf9a39b3f8914acca1cd9007018b9aef44e6351ef2c53f2c76f3e5461f9c6f1f258e242c8d247de023a56a8ab39b6ce7dd410f5855498bb5dcb2128b82edeb14806f1e9df61dba2f49df5b6f50b6f1d970237d6995f81f6e945e336fcf55deb06cabb65acba54d776b25724b01648d39699aa1ae25b4a8a6602b8d2b42ba033e1ef28dd18a76b84f200aa061128a318644e062f87d1132a4386c3ed0d5ce4de1b7d868dba80b08e656216dd0aeb239c1f69b7f52af239003d95f8c28ae4f07f6b2e516599572e2dd5d758d608a92c63cbd99dc7aafd676074bd16e48b2bf3bf3028998e61504bd21d3b79886ac5ad751f6fe970b4472b25909146b73539f120502dcdd3cf53aeacefabccfb8ad9fa5e9d439a599d1990bc52832672e35c4d780a297ae30f68fc53899f30b764a7cf321dd21e75b4a4415755ba15b6648e51a3a647fab536c2b395fded230a80aac74ce4d83a75ab75dea6de6a51bad6c9ad86d9ec20915cc6b504549e14ec0bb8fa3dea4fb1b62dc335bdd0f9354d7629db24752d10b034b5cd0630df48e6049ab8820d28a5e18c6b760822d9b2283741b94088a0d932a48244280814844c85210a5280f90006b555c4924d297e605a799e2bb6edad21b36086d9a1b00140d18340ee1c02e47c3fb7a96dc1546057eb57452574cbc5995ac4491d336832124edd271d1acfa80892af9c24b28895ca8274c1243a501131b70dbef886ae7a2e8edd66ffe8d2c822832d4ba95a00457b78d70ef5f33cc6da0f11a0135e05744a5657098b329429d462d9db19d76326dc9629fa5231cba8b995425106fe82ee5667f56bb4c0bd2e4533a80701281800db566b7b5bf47db9bfb573e4b21339849a02298b4914e63881c14ab7bc139a3c65765af657c84e0477f35581ca663f48940040a03d43edf0101f9c076db58b5bb4134ad0f9157b4d02fa360d9310fba3f3ff677d7cce0364a13547638add06aadbf1479153f35aea28b87f015bc77dbafc8043e7000fbdf7fe6d7c73f49550f8ab98d7daa65a68a0ba65d27e5abcc5ac94643a934d107a01388373003c6b160dd75157ad113289fbd2882a4275265031cc411e90dc353aced20bab830dd49e1b9cdfc1e0482ea8c0d01a547334155f4fa88bd11556fd90e4d9b04aa93b446b5493aa64bb3d7e0adcb8a2a1dcbf4641da4488918e708b949bfacd05658542aa91c4db943c040757675b9fd17a947ab1b966a767672be115a06e563b3b5c0b49a3bd118114e4a80b8b6487c0caeb77c8d15eca914e7deb659d21939dc7d2f166bc4ae3866a95b84a5960c8d4d28da38ab25ef2830f7a68f9249cbb4ff00165302473009be886fb6b9f7653ee22dc5036d34e8f54bd738f8503c388749439490d734900e2456840c564fa8c6c92cdcc96674115317020102b88a90463c0e1cd5a271f31571a6a128f3f9b5772b69b9981ccbca59ade94d29677cb3a5ca57d28a399587886e651d395f7505ba452f51c7c00076d67dd60d4bad7269913f7c59bf4ddb8f708e28626b596e28d25ac01af79c1ad340e248031569dbd06ddb799ccd3646cd77425ce241771a124d07322bfe55734f83d22ae629407a5336e23e22201bfcdb0796b9aa52e0d040382cd1a4938d32a8d6e4ae0fc09962ccb964a4262ab949b24c818596b31f2c9aed050320f13074f91877d0c60f77fa26eb3818851f328ebaaba35b97adbb6348fa7d8e993ea9b0246bf3c5200e6b9b8b4e50646b851d88a022a2b885866e0d2f6fea376d649308755a8ca43a9db4ae04634eee4ae3aa8cdc44562ad0aee60d30bc743c7c72b2ce4c99569451ab445133e580bd0531dc093acc20001b8efae5ddcb7115fee9bed42dad3e8914d78f788454f841d213939d295a2ce6caddd1d836da4717163002ee66829527b79abbcc5f0ed90ae3baf63bb1b89198904c15b55ea49d9675ec4be12033062c5574dd995c8b42206f77dd2552208f59c0dd5e3ddbafea8cb8961bfd6a18d91b23688a0634b18e03892013438e388ad16b282164513a28de5ee04d49c4e3dfdeaea209abb6314c59bf7c7927addb269b990311348ced528001dc193480a990ca8f8881400a1ec00d6bfba9e2b891d242dc911712003500765556c44d71f8d4f677ae63f7b54bc38d69ecf61551ef2d75711c14a4f9796a2a09a226889a2734f979688ba5dc2d909526e47b2cb2e6329b268308f6ae24251d9baf738348f6692cedc82641131fa083d240111d8037d55dac134d9b280d81a2ae7b880d6f6549e0a6021a29ccadb415a602f2c55731a574649b18ad9db3928e78c176e731007d25dabf6e8a806e910dfc0435f135bc96ee05e418dcdccd735c0870ed041f817cba38ae2331cad0f61c08215a766aeddbc6bcde65dd4ed4090330aa0e1109bab031897dbb800fc6adbc7b949c2891c3a8a2628ede3abde95bff007069120103dafb7c2a1d5380ecc573fefaf563e92efd91d3ea3a7882f1c0fe121cac78a8a5716381edc41c5584645ec838c5d8954c6992aed12ec5566551a58d4869261e89412078a20b33858f5d25942018c50398e5ea1dbcbc359cd8f58af9849be818e61e196b5f75cb9cb737fcbdb645c0f176bea9a840e396ad94c4f000a075291b0d48a915340792e531bf650c7b59b8c1582e1906c3688a8b315d3a842162dba0f9e24b24745358c31863fb88900e07200f508887d2db7de46a7d5dbbbab67416b6f1c72bb0a9af0eef4b8a9fb47d4136ae85aedbeabaa6a575756b090e3152301ce0471fc1fc5a5452bd98a9c18c8e6912c1a46b0448dd9b24136cd50206c44d048a044c801f314a1ad3b34f25cbfc47d3c43527b2beefb02f406d2d63b38196b08a431b435a3b1a0502df6a471c4aa94fddf97cfa8d0f9d3826883b56ba10547de56cfcbcc0919c91c0190317bd4ce67f270eabfad2e9a88a4a34b4c400bf805caaae9a89a699a4102a6aefb6e8a870dcbbee191ed7d6e6d075886f6323c1cd47d6a7d1381a018e0b55f59fa7f6bd4be9dea3b5e769370f84be120b4113301746417020548a1af22b0bfe35675b3f1873ee2dceb554935a6319db5acb2cc572a86249c1b84dc42dba0d404966ea94676ab24f596e07012fafbf8edb0f6e69372eb2be8ee5b4201f350e07bf812bc2ce966ecfd83ea269bb8e61f83b6b82d9071fc1cac7c3270c6a192388a7db0181e0bd24e9f6b81be54eb177ab3f4e52b371afc35a2bd24914e54dfc24fc737948b784228522a42b964e887e9314a62efb0800ee1adc4d735ed0f6e2d22a3cebd95b79e1ba819736ee0e824607348e05ae15047941aaec7afa5393444d113444d113444d113444d113444d113444d113444d113444d113444d113444d113444d113444d113444d113444d113445806777cca49e53ee1bc8392632cb4b40d3a52b78ca05253d002c5928b528285b4473606e2629db86414e65c14e630a83ebec6e9d8085d6bb867f1f529180fa2ca01e602beed57953eb3faf49ae7566fec43f3d9d8321819c28da42c7c8011d92bdf5ae35c380014e1768fc0a188b8bec6dd20d5346cd999f25739154aaae6502051495695568b26b0108919164aaab0810bb08b91fa43ae3aea8eaedd67707d1986b0da02c1e5750b8f9e83da5e8e7a99f4f46cae9345abca1bfa475b78b87915c236d5b0b4d698805c4802957712a52be7f1f3f2f0f66fe7b6b58900545382eb6a938d78ad7e61f66db0f8f97dc0fbc23a87bebeb8e3cb9fb3ca829904863188530800886e01ecf1f00d7c805a6838153d91b1e3d21c4adaa07eb583729000db800749436e92efe1e425d4e91b46e61c7bd4e31460700b7e24288efb7887dd1fb9ecfd8d539249a9e7ece0a5989871a62100a050d83f73fb3a8570a0e0a2d606f05fbf9b40bed69f2f1d0256a17eb7f0dc7c3c37feeeae638293c5581732f30cdd571fb7b5e2a14e6acb4cc975c8d996a46649223663231131ef4266ca019250dd428fe30bf489e200203beb626cdd3db04d3bf526b9914b63216769735cdcbc3bc55525e305c18606d1cd74ed071a506353db828e0abe6d92c2f7674672c269a5a7272c32b3b28a9142a1109b772ea5a39fb01315c8b84544271529dba88826637487506dd41f3a55d4d7b6326a5a9bde7498c66958f6b05647fa204795d5cb8624969e18159b6ada45a4f1c369a6888dec748d858f7125ad18e705a003d94cdcf11ce5bb1ae577b62ac56aeb2b60058f38e59bc3d71a368c1748576c0e956b046904c8e7ae39e3333a4d578629d400222201e223bc8d6347d398f9adac0344cc8f035750b9b8be981ad4540a818d3871583c734f81981c8703da0f930f715d2355135512aa89c14494fa699c04a60301bc7c04a22021e3ad713e63255e28ec053ccae41e1c2a2bc16eb556df8a3c8a51c16ba8a2e1c44057111001013edb786fe03b8007b07cb5f06a0d39aaafb5aae5ff006f5f6a97de5ae8a2ba15cef95da82d10cac65768359f7468d42441b94f1a8ba3a46311bbe702a145b8b84faba7e88947a47710d5c2c74fbabe6c925a16f89150d2be971e20771fb0be25788d82b5f4b0c392b36be63e93c5b2f8f6a749877cf31ccee4dabce0015daaf494a791d2e82ae51133d5977278b9745d18480538fbb990d803637864da86b50eb7b7756d4352972eb11e9d3b29468f173c6eece6d201e18d550430cb15c5b5bc0cac1e2024d78508a53dd5747426b53b6e5399abdc5811d44d3ab0cae022e9529635550cb814867e43094542b13ecb1371e803140477d83590faa1ec5d22f9b71bdaf636c97d0bdd1c44977a04d5ae205729ab49152091c9593a87a9ddc6e65846ea40e1523b78288dccfdf3fb7f640e52b2e2062fad5facf99ebf902469ad6e501095e6b4446520e45e40cdb37128d6d0126fe34142a86207b918a73a6430817c043a47aefb52cf7874df50b19f2b1f6f119a379fb57c60f0c39b4b879f92c3768ea32d8eb51be3350f395c2b4c091f671efa2be7b16c8b45d1151da09bb2fb98b866926b3a40cf8e0d5370dd35ce521d640eb018a061e9110f1d7913b2b453b8b79699a28c992eafe08dc1e48696ba468703415c454618ae83bcb8365a6cd718931c6f70a7114048e27928f6e7cf7c7e2c76dbb8b5e1a52708ddb901956063583cc9ad60e2635eb38b6d668d696276e9f483c9b5259ccb3a672a0b2890a654d121800a60214003dc1d1343d1f43d1a2d134d859169f1b3286341231c4f124e249e25732dc5cdcde5cbaf27793338d6bcf0e1c30c3055128990e3efd886a198462578189b7d3e22e8da1544d123d85613f1ede5d08d3a6998e891764d9d1533001843728800fcfe2ef51b4468eb76abb774a6b5a1dadcec6025d969e33a809c4d00c174be937ce1b7a0b9b8738bfe8cc71a73f4012a46939d4a3166f4ac63593b723d2a4c252cf1addba9170320ea38c9a2b2a539d4172ea3c8549550a72897a440be223b6ba4e5b19248c5eee099b9a16d5b1927338027068a733502a562e1e0002169af1af7ff0093f802af95d65231d0b1ace5e4c66a51b344d07d2a2d90662fdc90a00ab8f756e52a28fa86fef4a0001ac56f648249df25bb3c380bb06d780a70c6aa742d70199ff1d735fbfaa2c3d9ecf794ef7d7eb5721c2aa46154d452a9a28a689de9a277afc98e52144c6100000111111dbc003451009e0a38f91994a24995628b04f645dcdd2e0ba5216fee3f50b55ec0a3a49f8b971eb2eb3a7c31c894a42191e84847ab7dc443576d4268f47dba62d407e0ef1c1e1a0132398d701506a001983ab8e3ee2b9693a3de6ad739e02d114556b8934f488a8ed27885db310e73afa27b03eb35c172a411ae6457af19268bb58404659b374d4238459b57a776f8aec9ba422a24998440a20001a95a65bddeb16505be9f6ed6c55a3242e21eeab49399a0b9a00a711ed293a85abf49b97c774f0ea76603cd5a157895abac1dab72c5ac7f792308f9272c9c14a9bb66d6508b1d88ba48a73fa665c1ba9b06e3e241d5924b5962639ef072b642c079388f8d423881518e1c55307b49a03e92edbf7b6f978ea40ee5f5e45a7f60750afb40a8279ffbbe3a50b9479ad7cbf73f63d9ecd3eca705a7def3df501ddc6becf6704af627dc0d478e0143c9c13f7874a8ff0034a2d7a40e06288880086c1b0edbeff77532300935ecc3cebe8635069c160f9cf5c0a971eb943922851edd16b5b7ef4b6fa93745572aa6deb5663aeed8b4f51d6eb1c583822cdc7731ff00c17e10ebb17646aafd6f6edbdf486b38195fdb99be4e678f9d7e7f3d62b60b7a69d5ad4f42b701b60f97e916e057086524b463f248736b8fc5e2b304eca593872476efc32c9e4c38999fc66f6ed8c67157456e551927016e977f508b27bb984546f198ee661d021d429553827b9ba87e99ba0340b8371a5c6e71abdb569f3134f728bd0ff57cdc32ee5e91e917b71278977147240f2788f0257c6c07ff005423ef35a952bbabcadd09a226889a226889a226889a226889a226889a226889a226889a226889a226889a226889a226889a226889a226889a22688a89724b334471e301e5dcdd3644d7638ce8561b511928e936412b26c18a9f5242a6e9522a549c4e4d28dd9a43d0a18555ca0521cc20519371336de07cefa656b49f67955a75ed5edb40d16ef5abc205b5adbbe5754d0518d2ea579548a0ef2bcd9192366c87762907de25edf7cb318ea9d3070f1dcad8ed73065dd381f50cb3a70e9f49bf31cdd463a8731844444444474c6a17790cb78f77a21a5c6bda315e32df4b7fbd3753a5abe4d4351beae35738ba57d001cdd4a8a770e4bd02ab55c8ea9d7a0eb30ad5167150316c2258356e911ba2dda47b649ab74924530022442269000017c035c3b7f2c97774fba7e32bdc4b8f695fa20d2349b6d134bb7d26c1a1b676f13236014146b1a00e03bb905cd010decdfc7d9e41e5aa3f0dfd8ae01847040218361dbcbe5e3a6479e20a0611885fa3874a471f9886df6f0db628fed6da97439c61ecf6155318a01c16c9b813d428f57d2dcde000001bf4f88efec00df53a52fcb4fb5fe1535dc3b9721aa6f797c27cbe5f36a1cbd9ec095c56ba7bea29a88f2e08b8f9851fa3112ab45b523e934a39ea91ccd55bddd376f88d953346ca38e9382045d702944fb0f480efb0eaef008cccc1292222e6e63cc0a8a9f3054ee0729a7c6a1a7d8507d9a72e5aeaf24d2b0dd9cac8901c2ce6d78f85bab5f4a25fbf5153493e869d43de9cba7712ede1452729810c42ae3b0001f5b66eaf61d07548755be730e8b2da3bc37b9c08924665cac75681b99a1d504721c4d14cd276fbb5bd3a5820afe948ee184d38b584105c3bea4531f71748b0e55aa5e229a30bed55e8a4d1b8d66b92e439ddcdd450844d810645ccebb4915ec049d43a4e7f54c022a247101dc4db634fdc16d25a36f2e8d93ecaf73130b034be3241a02ca6241381a3694595db6d4bfb5be75be96fba8ef6021c647e664720079381a77115381e0ba9e08c848e39caef26d4b5327d5270c97aeb845db1788319549e1fdcda3b451eb51c1156cba89ae50120f5a69fa7e006ea093a345a6c3aa49b7e6b96cf78d8b3453ba50e1f2b2825ce6b3d105b943eb535ee557b9e3bfd4f6fc7ac4762f81ae9bd28db1d08a605e68d6b9c0f1cc452829dea7be91608c90afc003001049cc420f085231fab524133f4ec451a6e22c54310fd4098fd2e8fa5ac6757d3a6b59e49a42d20bc81e966af7838d4778c31a2d78c717b833107b0e1ee710aa2808080080878878080ee03e5e43aa06fc51e40aaa857eb5f4a2b8836e55fff00cfdfc0443cc43cbdbe01af8e74c5548c5ab97d7daa64d141530c87354d4114606f48223073c559a99dc8b728c4b770520091372f140049b2ea904c64c44c51fa0610db61d5df48b6d41f31b9d2c8fa4c58900fa65bdb979b41a0381e2be279218a31e310038d013c2a6be4543a0df4ad1e7e2715e479c5ede69639a6f1c59d46abfaefd1855133c830985c567297bec683c6c291c55132e43187a7e88ef1ea0b6df52db371b87458a3b695ad31dcc2da00dcf835ccf8a48751d9801e8d149d2c4d6f74db599c5d1935613c4d3123dea2a7bca0c616dbe61ce484063dbdc9e3cbfe54c426a3d66d4c537a9275e78c64594b9dc99fc73a6af90fad19b25196e431443de3cc43c35977aa9752f40dbd15c6d1d72782d3c590bd92cb20602ee397d2a0ede242b2effd1ef6efc3bdb38cc8182840153e70313e658c1f681e0165aab5e9ab7ce9c52add22430e648b1de16e4d58a1157979ccd20e139386460629e4b46b2946f0ae95993c92aebdedc828a344c0c9f51ba8bb43d627ad3b774ad9b3681b76f6dee759bc22326099aef0d9425ce764cd5069948c38858fed1db77b2ea8dbcba8e465ac6d27d26900bb0a000d313526bdcb29ab13655d3550a06592313d3593140c52aa733650ae0854cc710290e6325b01b70e911df5e6cecfd7d9b577769bb85ecf122b4bd86570e156b1e1c7857905ba2eed9da86993da60d92585ecee05cd201e5dab1cbb0f6e3e5030ee139cf91f8ef2e40c6d2b90066e8da262f54a696ebd55e25d56184449c557a564a51c1947699d90b645748e8815aa9d3d3b176d7a59af7adcf4dac36b9d574a93e95acc9110db60ec8f0ead3125b5681f1aa598d3ceb4e43d3cd68dd08a50d1183f1c508cbc7d814d244562bd5faad671fcdbf47ea76315075474e94f4590acd916ade2c1714c8614d051d7a7d4001b801876d7993a4ddeb7b9fa8c75eb664b26a7717efb9a54c8e19a4321a934cd941e341e40b71bad9965a50b691c3c364423af0afa34ae1c2bd83b55e3928d7d82b2d5e8f8ed54ebb438979156ab85d1f194949ab7382c97a9235d4d23192122922c9990abbb3aca0148aec54c76db5d8e352d3ee34db8d535868b8d5e40f8a28b002114f464e07e293568006238ac4a48660f021796421a2a295a9c7bc7114574e40d8003d81b807907cde3e1e1b8eb057b8b9b534ad554475ad7123bfccbf7fb3f2fee6a561e45397eb5711c1492b5d45305a6889a27beb87989e8c8149baf26e48d9274f106289d411e9339722208a7b94a6d84e25f6ec1f7753238dd2921bc9a4fb4a20615e4a347961c8046650651b51b4c8455658b67922a5baaf6659a319e5133910731a93888591516562554c0ab25ea09f75ca1d3f48357b1a6ebba45d589b6b712dcdccd4735f18fc1b6ad2092ea86d412731a0002bee916ba55ddb5cc97d264f059502bc4d0f2e271a61e656bef1d55e3194f47d5d046d89582a31ef246d0a487b93a3ce37073200786203372b9e4ccb22ddbabf8ef51429cc06f00d861fa434e93568adf71c995cc2f2ef14b6511b316866671f458492f14c072e3553a2b6d6db646f6c5ae8981e1ad6463217f0f48d295efa83e55c7d50d3ee4aa4ac1b19463269d61f8cb3a41baae5d46b6328d48e162a64e922c7456224b15439440a60dba407c42cb216ede91b1e8f762fedef0b4f871b5d923ad48666ab81c3d03969c55e6e58cd6630cd620fa2ba2340e796d64fe3114045695c70e4a49f8b57e8ebbc9dbbeac6928f128a8aaa46b8b63f835a33ebf70cd294054e0e554c05d900caf513650e50eb374fb755fa8e9b2db68d6d78fac514ef91c21cd5c9c0114af1ae06a01580cb0b6defa4b669cce8c8048efc463cc2bcdf97fbbac688c4554f1da9ecf97effddd0f0c53de5afc836f0df4ef44fee69df4f67b2aa2b4f2fd8fddd294387b3d9f65416bf2f0f2d298d5392d3eeff743418e3cfdb089f2fbda635e55f679d2ab19fefa38bdeb2c9d87f32b74ce78a9fa5b9c7720723712a6de56b9352f6162759c94c20755fb1b22a5214c00205683b0886e05e88e8cea21f6571a69792e6ca5e07710d04f7508f757947ff30ada7347ba347de70b4fd1a6b1fa2bcd30cf14b2cadabbb4b64200ec6aae5f0e46627ec727f2178fab9975a2ac54689ccd14433b702da3a46a13b1147b119262713b62ad34d6eb1607553f4ce258f281fd40e8f4fa97695d55d2d9f60cdeed0fbe1597d4c375492daea7b2e6755b0d2ea304f005c23928dec25d1927b69dab2cdd66abbad3444d113444d113444d113444d113444d113444d113444d113444d113444d113444d113444d113444d113444d113444d11445f7c9b6c5573b70e60879058a9bcbe59713d520d31390a67124cf2655eeee12214c3ba82584a73c38814047626fe4022163dc6e2dd1e50df8eeca07dd0fb00ad1deb1f7e6c3a39abe476596616f137bf3dcc21c3ee332c523b60e2e4f29f32718b572dcce636962ff0022ca014c913a11ad2497b8194f5407a93faedeb3288143a840decf3d73c6ff00d40e9db6279010249088c71e2eaf0a770271c1715faa8ed3fdaeeb66996f230bad6cc3eee4a50d1b0e5a1c79788f60edc7ceb34efee6b94ab5c57b9544d116ba28af9a9b7a67f3fc036fe3f73d9edf1d523c012e15ad7d9eda98ce02ab8e6de0b17cff00bedc36f6ec3b888fce3b7ecebee435663c3d9d8a69e0b93d52f7952ca7ee7cbcf4f67f0a5534c3f83d9eda79169fdcd3d9ecf6045d4eeb6b46a3128bd3a2774e5fc947c2c6342fd1f7a9496729b362dceafe03722aba8002a1c40840f11100d641a6d8cba95c781152a185c71e01a2a7cbe418f6290f91910ccead2bc141df29a9cdec992ecb6681b19eb97399c855fa95931fb6748bd9b6d2058137d5b270ee8e9158961e6e39aa2bb9dbd5e85ce501390404bad9b3e873c9a24370eb56df88ac9fe139d510905f571233070918496b6a4022b81c0ab8edfd7eded6f0da4b33ade17ca1ce2299f014a621c329e2682b5e6ba5bee36e484a39d3c6e9a5632427d66ead4c584d44ba95a5999749c50b115191f48e771d4b026922998e9fbb9c0fe3d3ad73ace812fd0e2fd1d906a7711c61d13400da1156f879b104621c4bb1a8a6155b1749de3a7b6f5cdbdce34d8deef0e57e639883420d0508e1cbcab9dc3354c27258bf23da32b4c2d1656328ca022d26292832680bf2c5ab1f34c7d06eb9d4215daca15621487315148e6d8a1b1b549b7ec2c6c34dfd37721b2c8c7d1cfa9223228dca5a2849ab8622a0d4761553ba754dc173af43a1690c708df1e60d19409010e2ec5c4000341c30f742efbc59ca09d4f2fc8d1a1ac4bdea1d8c716663ac046762145fa0bb22b75a21f28f8e9b78d5da25d464ccb112290a9f50f500808ed166de9aef67bef2f248c5bbde5ec79734b837393f16a4f60a018e3c16addd3a8c4fd6182281d05d31a18f8c37d1ccd14a823035e66a54a053b2d43c95923582d7387923580eba0de163c893b2c049a044145221ccbb15966ca391173d09f5edeafa46126e003ac1aeb4c64fa79beb0656381b57bea7d26fcb0d3880389e62b8ab73df716f3182e416b8d280b6871e1edab8c0101f101f0f97cfac70104547053410710b893087adbee23f4f6f1f0f3f66fb80ea15a1f22aa1c172fafa54c9a27054333bc8e3061598e6994a45686849d9f650ece59222c056532e5bbc3b332cec8d5d22c48a26928505562fa5d420023e21ac836d375a92f9eed05a24bb8a12e737b63a80ec2a33634c01aa9571f45923115d53266c3cb4c15a95f93c8540c8d8b20dda0ada2a91a79b5a936876e1133e15556f1e848c4cf953315630356c748edd52a490180a60309bd971d44e8dacecdd4a5a982ea60c0e8c61420b8870cc0d337315f2515ba57cf1ea10635636b88e34a0ae1cf92bb95b7324529f73f594077110129c076df7fb9fbfae3a9637464bb81068b3b8dd568cb882153fb728fdb334fea46ed8ee05d3729caaa673a4080aa05743e9a2aa26f50a98889477f30f6f96a303209dee17d239ad11b883c6a40ab4703813ed76a98ec07a34a55527b2485a82cb04c23a29a2f00e115cd3d26b18c555917e9822569fe36994ea9843c4053386c3a936769a03f47b8bbbfb8959ac31c3c189a2ad7602a5f56f0ff3870539a641206347a041a9ec3fc2b85936a265960398532f97aa060ea29370d8c1e61d401f7c00758838303b33b17aad6838762b5cccd168cfbeafc396564126eabe66de5d26472115324ea5a2cacdc2cb8242282a5f775413db603089bc3c35d09eaf2596baec97b710b3c40e6f84f7d3e44b9c36a71afa39bb3058beea2f92ddad85d803e90e58b852bc0f2343c3b54984abacaf3392606b95d8e670b8b6bc460f2c76672a94d39372083a3a8484884c1e98a461e8a49fbd2aa37309ca7314862886fade46db44b2d125bcbd91ced6e76bbc38862d6b48a788ea0c0d6b9466c29520ab07897535c010067d140f49dceb5e0311cb1ad28ae20a5e90d8371fde0f1f60796b00268d015731b9782fd0ea06857d95aeae238293cd6ba8a7913442bf261d8a23f3008fed068a1c7caa23f935c83b05ca45e56a21192a547d1ecee144ac084dc52013ce5824bb414848e0405004d754fd099843acc4010dfc0072388c3a7cadd36c0b2ef70cad69740e63c35b1b9a1f5cf803816f03cc8ed579d2f471716afbfd4c3a3d30b1c1af69cc73d69f1055d863c870e2ad66648d2ef577b4b71ee31f00434d8c6b6af0fb949b042d4444cf12f7a7467604584ecc0e89cc50381c4c23bec5da8f5dddb34baa69facb229a38ed251e2ba4697c6ec85bc1aca5401507963e559469ba15ad8d95cd8999925c5cb7d00080f1813404f038f2ec5cd40545945e3b7f130f12ab652af14c954e7e65ead2126918249924445659a9db33f5248bd496fe89bc4de3d21b8ea55cea1a4ebd7f77a892c16b70e39b2b728c5a49c8d70cd95b4069c71c3b1504b1ea5a7cd696d3b9c646001a0baa48af323027b4ada40662b1e3688906b10cabc52cabb76690752ac5cb976aa324638fa455537a926504b729532143a77286e5110d5934cbfb0d52f60b0861907d1e1cb1f875398c6000e20d4e34a9ad08078ac8750daa4b1fa95d4fe8bdd52d738500271153d809f2abdbe05414b5662a664a715b2373d9566ac212264453246a6c62c8b09e4566ab22dde3578a2ae3d3028ec220511e9101ead663b858c8a31a7c9711dc5cc6d32bcb2a402ea7a0d34a79713cb1145aeaf6f2daeee7c4b388c50b6ad15c1cea73776f770e2a4b3610f01fdcfdff003d60e5b970f67bff006148ee4fb9ecf97906a15e5ecf6762853da4fedfcffee695a9f67f0227cfe3f2db5034a1aa8a7dff00b9a88e353ecf22857b53ef7cbeeea07b07b3caa29a5389e229ecf614af6a7ec6c1f3ff006f43427b076fd8505169de268ecad1c27b8d91547adfe3bb451ec91aa0094048794b5c453de6fb944c24331b21c440a21e2501f66b6774b2edf0eea8ad46114ed7b5dda72b4bc7f35721faededcb7d63a1b77ab48099f4cb9b795a4530124f1c0ec2849c25e5c38a861ecab98d3c4bdc0b17367a76e84665b86b3e1c9172e4c990487b3366b395e4d139c8200e1edc6a91adca051289815db71dfa4dda1b72410ea400e1234b7de23dd0179dbeaa3abc3a3f55d96ef200bfb19adf9fc6ac7337cf58698f69f2acf1f5b117a869a226889a226889a226889a226889a226889a226889a226889a226889a226889a226889a226889a226889a226889a22688b17ff00890f283a4a1b8c3849b0bc49a4accde329cca80e5da2c5752bcc23ea7008190496f7378b2616691388ac989d1fa0291be9a81ac4f75dc3596f1c06b57127bb0c31f6d71e7ae2ebecb2d9fa7e820bbc5bbbb32102994b216d3d2c6bf1a4691de31e4ac43b17569577c89cab69144a7670986dd4218ea009c48f2c175a93c43a3727480fbbd795dc7701d8436010df5cc9d61b8645a2dbdab492e7dc877751ac783eeb82c77fe5fda54b3753357d68006087447455e79a5b8b770e54e11bb9aca4b5cecbd6a4f1d140d56ba2fac57cd4fc137fc11fdd01fb83b6a89ffd2d3bd4d6f25c7b7ff0c5f111d80db798f980fb7710d4e907a1ecfe0530f05c97eeea940f67b3976a969f20dfc751f60afb3f8513cbfb5fb9a80c30e489b6ff0037ece80629c55b17298961678f9dd8e35771f54d691909b9a6ac8542bd5118f62b3a6ae923a6531d34e39c220aa9d2253f487d1fa5ad81b35f69fa44c13545cc8dc91bbf8c70029c0975682b8578e0a82f03bc312474f4463e4e6a1bab39e6593669596e12e6b2b2558b57cf1ebdaeb1b24e124545d12479c2c12809c82a649447d229056032696e001f476d663b7355d486aafd2b55b77b7468e67c6e90545052b94b010c151ce94255fb55db9a5dde98dbed3df18d4dd1b5fe1e1e426bc7038f685c5425fac2ca76c6f6992f6e6535709a3cf58d9a00641acefd60fd79072da45c357ea9a4fd507470e85911004cdb6fe221ad6dabeb4db4dc4fd72c666dc5b3677c51414399b1b0e56fa0416fa229420e0782d87a6e8b05f6871e85ab5b088476ed778e7296e770a920fc6a9231a8f497478aa53bcc57d75538c5d9d4d9d816987e9399078e5ac1c2378968fa4db8c883245523332c76deee531523749d42977dbc75f3a559cdab4b37e8e925874b85d9dd1b980667bc5080de7404115e42b4ad15d356d46d76e58c73eaac6cdacbdad635ecc4860a50e63420120834e35f2ae0ee947b9604b4fd5b659f965a0a55b95595531f5a5c95a4f452ac408772c4c651902ee9248412ea59227e09837db6dee5617ced1e26697b82e25874095cfc8e8181f38353461cf95ad638e624077661454b0b6c777175fe816d1c9afdbb5ad736e7d088034ab816e72e70c2956d38d4d55fcf00af5438fae3f8db7822ab60b6c4c9d1fdfe04579988516f7949ac94dcb8203bb870514ce9b8ea14ca52987a83cb57b3b7751d374b8750d3647cb697713e401cef8d0d6b93270a86e0e6d48af0c16b4de3a98d43704f0cd1362bab7cb1499386768a12d3c48af034054cd20b24b90a748e5390c002512880fd130018a3b80ede203beb5fbc10e35142792b3b01ca02e3877f5fe70ea0dfc3c7a80760f2fb9f73528d09ef557cbbd72ff2f2d7daa64d108542f34cbc5c5c6360b953dbdbb1d3d155959933b26f28e635d2a297d5b2058c78506ebb044a55816500e0aa4612090a6dc76ca76ad95c5c5dba4d2e730eb2c19a3f4b207347c66970c463434c41a154774f6c4c0656e689c6879e278607cea8730a3dd6a493da85a265c5f98a00acae3b9e7692f2538c61d6588da6e2645dbd39532ac56ee102b7e854c2a2453f508094006dbbfb54d2aead6df50d3e36da39c4b6e5ad39585e0558e01b8915cdcb034edaa9f6b6c5d27a7e9650729e743edf6725566db6782a2d70f3130afbb326656a826910080b28a2ca22824d902aca249994132a1b0098000007d81ae74d2b44d53736a034cb11e25d485c6b4340054971ca09e03b1646668ad220e9301f0ad99a458ca47b37cd8bf41f3549d948614fd6222e1122c4054a9a8702285053c76110dfc847cf58e6a7693e9d72fb3b8fe9637969e3439490695030c3b156c6e6c8dccdc42e852420098894db26629c801b8f81bc761300980bfb83ab1499de3c36b71270c31f25695f7555c795b8922aa80cd645adc6d991a7bb5d51927e988a4747d155021c4bd60ddc1935fde1bac628808752404f100eadc76d5e62d85b96e7429771470ff618cf3cc0915a55b56d1c01ec24e070c17c49a8da4170db67bbf0a454702ba7cd6319cb659a363aa1f57c5af3ae9a3f979778e14481b9a0deb3751e6044892c0b7a883873b80880018a5d6c1e8b6ecb4d335fb71ad9f13e8af2d82111839c48c7093313f24b5801ec255935eb792682578c227b454d71143514f31f73bd5ffd0728425aa71782c7f0af9ec446c8b9467e754412650c4576228aab1ea15c2aabc59c2ea6e0514c81d3e3e5b6fd09a968f3410c97bae3c36e2405d1b41f4eb424070a0a01e7c56336d7513a4fa35b03469f48d301cbdd5705b7cbfb9f775821042b9f24db4e694f697eb55ede0a5f1e2b4d7d2f95ae8a2a84ddb90741a25956aa588271bb845a3572e649b4691e463617c2e3dd5b2c66ee8efc8baa46c27eaf77144a510dce03b805d6d744babf804d6ef8f127d12ea3881c4e2294f3d7b94a965113c46fae3cc2875cd6bb79fbe64e630e9b75a3a4a6509fadb551b8497feae3c7c2a8fdc25b94ecddb978fddaae124c0e5e94d5d844a62886abee6da1b1dc76dac5dcac89b6f031b29ad0c8eca435b418d0340692ec3d1ec21667a65c4836d3b4f8039f33cbb272ca3371af6d6b4a725d8e7a6551a44495950aab566eb5b19fbc7d411e4488f0a45f759751e0b64954d564cc4a60298400c638800086fab3b263ab69daa4a2799f6f15b3bc3ce6848caead470e22987c0be6d2c9da5eab610dd963af5d251e5a6a1bc32e3c71548e7664eacca00de4c4864a3dd7be432663091e3750dd245de2455000e8b65400c5ea2880280021e201ac4f469754b1d1ae4436af92293d10fc4861c2b978d49181231a2d897961a55d5ec06ea78d9346ead0b8027b013c695af9553e6f786d5d989072b43c7d89d26922ce3584ca22f1bc7ba540ee3ebd4183841562e946aba009009be910cb17a4043a84325dbb6d2d96d676a56c6ddba89b80cccd752e32b9aeab1a1a3301855d88e1c17c6b5a70d575a66977324edd35f0179ca3f0383853312436a6b51c495309c7341de42acd025adb34ea5641922a5981767efb1a9b893632ad966c8bc48e92073fba09408299ba48701f0031477d56c4469f3de3ad58c11e56c4730070735d99cd38d386070238f15a5ee2286498b5a0e40e34a7779f1ae0afcc07c0076f606c003bec1e5e7f3edab0485a5f981a8eef77cea0010b5fed7c8752c60be93e5f7be7f9b4fe28c7d98f67b3b513e5feefddd7ce1ecfb2813f7c75f54af3c4fb3d9c943df4fddf97efe83044f96df2db50a538d3cfec0a3826ff002fee6a24d70f60f32857056d1ccbc7ff00ce8f15b3a52089a2ab896c7b38e189172f5a4127089927e2ce20243880a72316918040044a20021e21ac9f695f0d3b5fb3ba2486b67683438d1de89e247238e3c16a9eb96ddfdaae916bda18cb9e5d3e470ad6958889870c78c629deb080c77757b8bf23d0723c6fbf164b1d5e2a7786811eedcb07c673539f8f9b2a4d5db255bba455585909774ce436c610dc37d7705a4c639a3981140e06abc26d81acbf6eef6d2f57cd905bdf445c7b1a1e0387dce0bd38e224dbcd44c5ccb30501a4b4732936a0b13a1506efdb24e9005480260228092a1d41b8ec3adb20d4542f68dae0e6873781155c8ea2a29a226889a226889a226889a226889a226889a226889a226889a226889a226889a226889a226889a226889a226889a22c32fe22c7aa29cd0c511e2447d265c61a9bc4ce08882e2a49655cc48ac53b8ead94480b1698949d3f4044c3b8f506daef79bbfb5c4dec8c1f6dcef8179cbeb9d76f7ef5d2ac2bf838f4b1253be49e66934f24602af1d8b2965638ab30ded44cc0b582eb1b04828628814cd60221370704cc25f10f799536e00220021e5ae52eb05e39daadbd803f838e3cd4ef77f005d35ff2fdd1990ecdd635dc44d3de362e1816c6daf1a627338f3a29dff97ec6b502f417c8b5d1314d1478af92a1f414f6fd037ddfef47d9e5aa4781e2768254c605c7b7dfd62f80f8ee1ed1f2288f9f9788ec3a9927c4c7d9f029a7862b93f97dcd52f1e6a5a7b3d9f2f2fd9d05698e3ecf7d44a7dcfdb0f97ddd3c8a1dc9fb5fb7fb7be9c3871af96bece4a34aaa316dbf57a6e2ad75a6481e7523b590adc97b9ac516fef8f5aa2d9c461d744c655158cd64c8613817a5329c044436d661a5e9d7b6f756d7521103c4ad73730e40d43a8695c45298f91514b24473307a6d00d6846031ad7b29cd468e49e3be20862591bbebd3ea339ad4fb76b48847609bb8c7452c5a2a15c3d54d1ce1ebf4cc75d403288ac995130f49fc7c06fd2c10593e4b9d426223d5816c8ff10332926be883e883e8d7d2ad792bde99adeab7af8a1b1b76cacb0f4806b0bdc47035a54d3d2a0a515ae5968b238c95a3dcdb4f47d8969155d4ab07354932abee8bc33b41c3968e5e3245378d94017fe974ac6131521e82806c21ab56b3ab6ada5436d6d6515a9d0f4e26213b180ba48e4a6574ce04b5e7d02439a00a93db8677a1c7a56b535dc3746ea2d56ed8d73a295c435af15a888380200240209385174f9cbbbfb0bbb8c47be348388bed8db4bcd3e5d530b560932585e338e7028a43bb64dc890e1b94c3d4528eb16837236ef4697468236db5dcf31731f9b233290d0e2e7b9d4c4348c4d2a564a36c1b1bfb6d5a52ebbb7b4b7c8e88373bdcef4b2e46b456a0b81f205cbd672242c940cce25ba38a39a0d087916b51c80f5045bbf86953be45c37451995935880c5e19daa205323d45d83630000ef76dabf47bfb5936fea0e2e737318c0229271a90e385013c41a10150ee8b0bcd32f60ddda131ec924737c66106ac180c582841a3402d38e2705d662b36e4c857f41a0d2a498990a85e9260dd9c2039236be942563d34509774cdd228cb4348acd4a8829b90a6416504476101d5458bf517cf0b6296d0786efa3b206bf339ada50c846670ab5a49ccda0cc149d5343db6e65eea57b1de0fa4c3e3ba6780d6b1f4272b6ad14abb88353453e9c7a929fb04258ad13d168c4389d9d4d506adc563b61333868a66baac9654c7072c8cba4604d4209886028ec23aa8dcb6f059c96f650bfc492387d33857339ce3434e6b4d4258439d19ac45de8f9156895708c4327d2ce8441a306cb3d5c4bf87e9374cca9c0a0223e220511d63b042679d90d4667b8015ed3805579eadc3880b79112484cc5c7cb34dfdda499b67cdfa83637a2e9222c97506fe06e8386e1afab885f6f33a093fa463883e518152450805bcd7223a9487dc5433315baf74f3c1bfafd65a59eacbaae1b5adb7bb3e7328dd13953320b3106ae088a69fa65540e2a2670eae90dc37f1c936fd8e9d7ee922bb99d0dd815888735a091c8e615eca508e0553dc48e6801adccde7dbe55d7690bfd5aecd1f11628d9ec76ed1496aaba5a59abd97672463aa792851324727aac9aa474fd22894554b6129847c36c27aad13ef34fb6b896399ba9b24778c0308696d006bce1db5a9e1dcabf4b2e129ad3211876aeb5c89a1cae40c5b6eaed6645786b52cd1ac855e5d0040568e9e887ed25a3964c5c37708826aaec8125372888a473006dbee180f4d37849b2b7bd86e068fc0c1351e0d72b98f6961cc0115003b30c7880555eb3a6b755d325b37121ce6e04710462391e34a1eeaa816c59df7f87a55af1c65e76630b6e18e40d0a766ea775b5e35869cae0e409aa64b9eb6acdb17842a9267736416e2ec413dd25044c626c5e9d7ad8ed2768eedd3e0d6efed2cee6de68992b5ef6b1e32bdb981a914e0712b40b66d534fb975a5b492b256bcb728241a834a0a715becc9dd0b8518da2523e09e3ef37738e407888fe4dd7ed109955f52dfcc9963a3131d6723a8c6e57516edf7a60e1203944c89c43a8bbefab15a6d4e945a4ff48b3b6d25b710fe12a3c1ccccb8d703514a56aaef74dde82deb7adbf6dab8f173250d3e7a00af8301b3bbe4cc7acf2c665c790d8af24643884dc4cd12ab18e2022a871898199b0868766f957928c1c2ed1b24e9d8ace5631ddaa737d1f02879b5eb29d521ba37efe8ddbd244fdb1a59688b27a513e4c81cf75012d203c96d4762db1b3341365a5896f1af6df4d5cd527352a40f261e7a2b99a247400cec49275c2678589444ce1d4ab900448930480a0f5db85c4a98a89fa7d62a9876ea0df7d696d8326ab3ef48459b47d2e77b8d18dae2ec6800c40ec03960b22d5228a3b131c8691814049ece189ff2aa85872f2d6624623ea87afa87465271e43546a9270c084f6403a48a4e0d7176bbf6c67830f220262a2aa64440e640c6150c03b076b6e4b0b986da57dcc6c9f536c61d2cad70f0e1a923c30054170e2413515e030583e9f7914f473481154b45789eff0067baaf637f6fee86ff00b9ad50e353c71578ef0b6c93d64baaa2083b6cb2c90882a8a2e1251548c02253028990c639040c51010100f10d7dba296301cf6b8348a824115f276a80731c4869048e34e5e5ec5bbd560e0a5e0b4d45428b5d145442f27e7e66abc8e9c7c83772c9c168d02f239f19bb870cdeb074bc947bb014112b8596211540e451221400c0501e9df7119fab5b3e6d3ec0c3332263e57b1c5cfcb4737d3009ab40e231279f1598eddf065b4ba6dc46650c20b5ad15762003979fb4ad52bb389c7aec9b348b918c45c3c90749bd4225cb28a4dfbc76f5d7bb24266e8a253be2a6ab82a5d20204df70d5b35a93568f51b8dc22e2d6e276658dc039af39035ada915383480cad713c0ac8ac8e9b25b45a33eda786370ccdce0b6a6a49c7b713e65d499124205a49252d65348357ae19ae315e031ec8b088b9166ab648fd6a8aa926e8c07398e6ea3f4edb0edbcebfd667d6e06e99b7adbc3b78daf74b2124b8ba4a1792ef45ad61cb5cb4c00e268aae1d1edac2e9ba8eb5207deb886c600205060d000ab9cec78fb8ba33ab6a552467dc47a8b2294fc61192e2c3dfd278e7d67882ce4cf5360a11c2e99506e04200ec0431c7aba8a221ab9edad666bbd2a6d2ae087ea2c79f0aae63626b72e5241710c0789ad4d797053b53daf047a8dbdfb1a19a7fc678cae7485d524603120d71c30c4d57d2398d4edf18c6524aee486b4c1a4d1cd560606144d212ae9b2c4731f1aec80990efe7dd944c060fa42205306de1b05ef49bbb7d1750d3eda76c4f91ad2253198dde8b81ab8b985c3034c4fd956ddc135fdc5a5ec70c338d31efa07ca5cc6b082002d0fcb46f762a536401d5ba222ee9392995212e0bb2071018e6a4b4c432ec9826b11b3123ba643a0f5c1912f5100ebbd01488a1c00e62, 'activer', 3);
INSERT INTO `projet` (`code_proj`, `nom`, `description`, `ancronyme`, `dt_deb_prev`, `dt_deb`, `dt_fin_prev`, `dt_fin`, `duree`, `logo`, `statuts`, `numero`) VALUES
('P04', 'DEFIS 1', NULL, 'PRJ', NULL, NULL, NULL, NULL, NULL, NULL, 'activer', 4),
('P05', 'DEFIS2', NULL, 'PRJ', NULL, NULL, NULL, NULL, NULL, NULL, 'activer', 5),
('P06', 'FA II', NULL, 'PRJ', NULL, NULL, NULL, NULL, NULL, NULL, 'activer', 6),
('P07', 'CPSA', NULL, 'PRJ', NULL, NULL, NULL, NULL, NULL, NULL, 'activer', 7),
('P08', 'PROSOL I', NULL, 'PRJ', NULL, NULL, NULL, NULL, NULL, NULL, 'activer', 8),
('P09', 'OPERATION KERE', NULL, 'PRJ', NULL, NULL, NULL, NULL, NULL, NULL, 'activer', 9),
('P10', 'MACOM', NULL, 'PRJ', NULL, NULL, NULL, NULL, NULL, NULL, 'activer', 10),
('P11', 'Magasin', NULL, 'PRJ', NULL, NULL, NULL, NULL, NULL, NULL, 'activer', 11),
('P12', 'AFAFI urgence', 'Nouveau projet', 'PRJ', NULL, NULL, NULL, NULL, NULL, NULL, 'En attente', 12);

-- --------------------------------------------------------

--
-- Structure de la table `projet_equipe`
--

DROP TABLE IF EXISTS `projet_equipe`;
CREATE TABLE IF NOT EXISTS `projet_equipe` (
  `code` int NOT NULL AUTO_INCREMENT,
  `id_projet` varchar(50) CHARACTER SET utf8mb4 COLLATE utf8mb4_0900_ai_ci NOT NULL,
  `id_equipe` int NOT NULL,
  `status_pe` varchar(100) NOT NULL DEFAULT 'active',
  PRIMARY KEY (`code`),
  KEY `id_equipe` (`id_equipe`),
  KEY `id_projet` (`id_projet`)
) ENGINE=InnoDB AUTO_INCREMENT=20 DEFAULT CHARSET=utf8mb4 COLLATE=utf8mb4_0900_ai_ci;

--
-- Déchargement des données de la table `projet_equipe`
--

INSERT INTO `projet_equipe` (`code`, `id_projet`, `id_equipe`, `status_pe`) VALUES
(1, 'P01', 2, 'active'),
(2, 'P05', 1, 'active'),
(3, 'P05', 7, 'active'),
(4, 'P05', 9, 'active'),
(5, 'P05', 6, 'active'),
(6, 'P02', 3, 'active'),
(7, 'P02', 4, 'active'),
(8, 'P02', 10, 'active'),
(9, 'P02', 12, 'active'),
(10, 'P02', 15, 'active'),
(11, 'P02', 16, 'active'),
(12, 'P03', 8, 'active'),
(13, 'P03', 11, 'active'),
(14, 'P01', 13, 'active'),
(15, 'P01', 14, 'active'),
(16, 'P06', 5, 'active'),
(17, 'P09', 6, 'active'),
(18, 'P09', 7, 'active'),
(19, 'P02', 11, 'active');

-- --------------------------------------------------------

--
-- Structure de la table `projet_equipe_volet`
--

DROP TABLE IF EXISTS `projet_equipe_volet`;
CREATE TABLE IF NOT EXISTS `projet_equipe_volet` (
  `code` int NOT NULL AUTO_INCREMENT,
  `id_projet` varchar(50) CHARACTER SET utf8mb4 COLLATE utf8mb4_0900_ai_ci NOT NULL,
  `id_equipe` int NOT NULL,
  `id_volet` int NOT NULL,
  `status_pev` varchar(100) CHARACTER SET utf8mb4 COLLATE utf8mb4_0900_ai_ci NOT NULL DEFAULT 'active',
  PRIMARY KEY (`code`),
  KEY `id_equipe` (`id_equipe`),
  KEY `id_projet` (`id_projet`),
  KEY `id_volet` (`id_volet`)
) ENGINE=InnoDB AUTO_INCREMENT=21 DEFAULT CHARSET=utf8mb4 COLLATE=utf8mb4_0900_ai_ci;

--
-- Déchargement des données de la table `projet_equipe_volet`
--

INSERT INTO `projet_equipe_volet` (`code`, `id_projet`, `id_equipe`, `id_volet`, `status_pev`) VALUES
(1, 'P01', 2, 4, 'active'),
(2, 'P05', 1, 2, 'active'),
(3, 'P05', 7, 2, 'active'),
(4, 'P05', 9, 2, 'active'),
(5, 'P05', 6, 2, 'active'),
(6, 'P02', 3, 1, 'active'),
(7, 'P02', 4, 1, 'active'),
(8, 'P02', 10, 2, 'active'),
(9, 'P02', 12, 1, 'active'),
(10, 'P02', 15, 1, 'active'),
(11, 'P02', 16, 2, 'active'),
(12, 'P03', 8, 2, 'active'),
(13, 'P03', 11, 1, 'active'),
(14, 'P01', 13, 5, 'active'),
(15, 'P01', 14, 5, 'active'),
(16, 'P06', 5, 2, 'active'),
(17, 'P09', 6, 2, 'active'),
(18, 'P09', 7, 2, 'active'),
(19, 'P03', 11, 2, 'active'),
(20, 'P03', 11, 3, 'active');

-- --------------------------------------------------------

--
-- Structure de la table `saison`
--

DROP TABLE IF EXISTS `saison`;
CREATE TABLE IF NOT EXISTS `saison` (
  `code_saison` varchar(255) NOT NULL,
  `intitule` varchar(100) NOT NULL,
  `description` varchar(100) NOT NULL,
  PRIMARY KEY (`code_saison`)
) ENGINE=InnoDB DEFAULT CHARSET=utf8mb4 COLLATE=utf8mb4_0900_ai_ci;

--
-- Déchargement des données de la table `saison`
--

INSERT INTO `saison` (`code_saison`, `intitule`, `description`) VALUES
('S01', 'CS', 'Contre Saison'),
('S02', 'GS', 'Grande Saison');

-- --------------------------------------------------------

--
-- Structure de la table `suivi_bl`
--

DROP TABLE IF EXISTS `suivi_bl`;
CREATE TABLE IF NOT EXISTS `suivi_bl` (
  `code_sv` varchar(255) NOT NULL,
  `id_culture` varchar(255) NOT NULL,
  `ddp` date NOT NULL,
  `stc` varchar(50) DEFAULT NULL,
  `ql` int DEFAULT NULL,
  `qr` int DEFAULT NULL,
  `long_ligne` int DEFAULT NULL,
  `nbre_ligne` int DEFAULT NULL,
  `nbre_pied` int DEFAULT NULL,
  `hauteur` int DEFAULT NULL,
  `ec` varchar(100) CHARACTER SET utf8mb4 COLLATE utf8mb4_0900_ai_ci DEFAULT NULL,
  `img_cult` mediumtext CHARACTER SET utf8mb4 COLLATE utf8mb4_0900_ai_ci,
  `dt_capture` date DEFAULT NULL,
  `ex` int DEFAULT NULL COMMENT 'estimation',
  `dt_creation` date DEFAULT NULL,
  `dt_modification` date DEFAULT NULL,
  `etat` varchar(50) CHARACTER SET utf8mb4 COLLATE utf8mb4_0900_ai_ci NOT NULL COMMENT 'valider, synchroniser',
  KEY `id_culture` (`id_culture`)
) ENGINE=InnoDB DEFAULT CHARSET=utf8mb4 COLLATE=utf8mb4_0900_ai_ci;

--
-- Déchargement des données de la table `suivi_bl`
--

INSERT INTO `suivi_bl` (`code_sv`, `id_culture`, `ddp`, `stc`, `ql`, `qr`, `long_ligne`, `nbre_ligne`, `nbre_pied`, `hauteur`, `ec`, `img_cult`, `dt_capture`, `ex`, `dt_creation`, `dt_modification`, `etat`) VALUES
('31NAM-22MepPA-1_1', '31NAM-22MepPA-1', '2022-07-14', NULL, 90, NULL, NULL, 50, NULL, NULL, 'MM', 'data:image/jpeg;base64,/9j/4QQwRXhpZgAATU0AKgAAAAgADQEDAAMAAAABAAYAAAEBAAMAAAABB5gAAAEPAAIAAAAHAAAAqgESAAMAAAABAAAAAAEyAAIAAAAUAAAAsQEbAAUAAAABAAAAxQEaAAUAAAABAAAAzQEAAAMAAAABCiAAAAEQAAIAAAAIAAAA1QExAAIAAAA6AAAA3QITAAMAAAABAAEAAIdpAAQAAAABAAABFwEoAAMAAAABAAIAAAAAAABIVUFXRUkAMjAyMjowNzowNCAxMjo0Mjo0NAAAAABIAAAAAQAAAEgAAAABQUdTLUwwOQBBR1MtTDA5LXVzZXIgOC4wLjAgSFVBV0VJQUdTLUwwOSAxNjEoRUVBQzAyKSByZWxlYXNlLWtleXMAAB6SAgAFAAAAAQAAAoWQAAACAAAABQAAAo2jAQACAAAAAQAAAACSBAAKAAAAAQAAApKIIgADAAAAAQAAAACgAQADAAAAAQABAACgAwADAAAAAQeYAACSAwAKAAAAAQAAApqQAwACAAAAFAAAAqKgAAACAAAABQAAAraSfAACAAAABQAAAruSkQACAAAABwAAAsCkAwADAAAAAQAAAACgBQAEAAAAAQAAAwGkAgADAAAAAQAAAACSCQADAAAAAQAAAACSkAACAAAABwAAAseCnQAFAAAAAQAAAs6gAgADAAAAAQogAACRAQACAAAABD8/PwCIJwADAAAAAQBpAACkBQADAAAAAQAAAACSkgACAAAABwAAAtaQBAACAAAAFAAAAt2SAQAKAAAAAQAAAvGSCgAFAAAAAQAAAvmSBwADAAAAAQACAACkBgADAAAAAQAAAACSCAADAAAAAQABAACiFwADAAAAAQAAAAAAAAAAAAAA/AAAAGQwMjIwAAAAAAAAAAAKAAAAAAAAAGQyMDIyOjA3OjA0IDEyOjQyOjQ0ADAxMDAAQUZfQwAzODk4NDUAMzg5ODQ1AAAAXcAAACcQMzg5ODQ1ADIwMjI6MDc6MDQgMTI6NDI6NDQAAAATKgAAA+gAAAlWAAAD6AABAAEAAgAAAARSOTgAAAAAAAAMAQMAAwAAAAEABgAAAQEAAwAAAAEHmAAAAQ8AAgAAAAcAAAOpARIAAwAAAAEAAAAAATIAAgAAABQAAAOwARsABQAAAAEAAAPEARoABQAAAAEAAAPMAQAAAwAAAAEKIAAAARAAAgAAAAgAAAPUATEAAgAAADoAAAPcAhMAAwAAAAEAAQAAASgAAwAAAAEAAgAAAAAAAEhVQVdFSQAyMDIyOjA3OjA0IDEyOjQyOjQ0AAAAAEgAAAABAAAASAAAAAFBR1MtTDA5AEFHUy1MMDktdXNlciA4LjAuMCBIVUFXRUlBR1MtTDA5IDE2MShFRUFDMDIpIHJlbGVhc2Uta2V5cwAAAQA3AAMAAAABAAEAAAAAAAD/4AAQSkZJRgABAQAAAQABAAD/2wBDABQODxIPDRQSEBIXFRQYHjIhHhwcHj0sLiQySUBMS0dARkVQWnNiUFVtVkVGZIhlbXd7gYKBTmCNl4x9lnN+gXz/2wBDARUXFx4aHjshITt8U0ZTfHx8fHx8fHx8fHx8fHx8fHx8fHx8fHx8fHx8fHx8fHx8fHx8fHx8fHx8fHx8fHx8fHz/wAARCAeYCiADASIAAhEBAxEB/8QAGwABAQEBAQEBAQAAAAAAAAAAAAECAwQFBgf/xABAEAEBAAIBAwMDAwEGBAUDAgcAAQIRAyExQQQSUQVhcRMiMoEUIzNCkaEkNFKxBhVicsFT0fBDgpLhJVSi8UT/xAAZAQEBAQEBAQAAAAAAAAAAAAAAAQIDBAX/xAAkEQEBAAICAgMBAQADAQAAAAAAAQIREjEDIRMyQSJRBDNCYf/aAAwDAQACEQMRAD8A+aVdDxvSz3NKgiWdlkVNKDPt23oBzuLFjtYntNjjYln2dvazcddl2jhZ0ZuOna4/ZjKaalHPXyxY6ZTp92GoMXujTN00jNF0Ad9Ls8LO3WgadePe+zE69nXinXqzR1+yNJ5+zCuXLjZHnv2enk1J26vPk3BlGqlmmkZqNVFERUqom1EEGp2RYCufJ3dGOTuQrm1GWorMVUioqxUWDSqggsu1Q0in9RUUTJzrpXOrGayLUVkAAAEAUUAAAAUgKqo0jQipQFiNRBqMZ9m4xn2FrEWJFisxqLEiy0WPR6fu9c7PL6fvHqnZxy7dIobgwpsQAWIqooh3Be8fc9Bqenkj4c69H2vp1/uZPhY5eTp7dOddL2cvu24BrZpQMJ+51c8b+502I1BIqoItgAlU1QRLOnZdLAY9s0eyN6NA5+xPa66NA5WWJNutnU0Dlsdfb8JcOgOa6auOk0CaUvRJdgUDuKbDS6EIe4QG5ke6sgOkzX3SuUqg6bJ1YPdZ2B0qaY93VfcDWk9p7l3ATqdWpTQJKu10mgXZtnX3JsG0TZsFDYAFBA0AJpLGlFc9GmwGNaG9JoGRbNAIKaQTQACaUBNJcVBWLhL3kYz4MMu+MrrVkDbyZei47Ne3o45egws/bv8Aq+kmommplY+Rl6DKb1d/lxvpc8etx6Pue3aXCXummp5K/P5cdx7zX9Gfbfjo+9eDC9455ei48u8Ti3PI+Jo8vqZ/T8bNR58/QcmP8dVNNzOV4x3y9Nnj/l7MXCzv3+E01uOejTXtpoVjQ1pEEkVbAUgAIVZEs6oAugENCggL0BDQoAqAgAGkUBKTuvdQTQpoEABLEaQESxoUZU0AlRQCBFAk2LIIEVFAAASr5AQ7qgFFTQKCACgIKAgU8ABpQZsF2AhoNqICgKigAIFAABQQigOlwmeP3icWfu1hl4+xhddWeaWf3mPjwiWM+ptl6z+sY4rN226nh31Obj7yWOf6WUysv9NNbRjk4f8ANjvX2Tj3hZXtwks9vfU6uXLxe29J0N7R9P6f6njyx9nLN77PR6nhuPHJxSfp7fBw5PZ2vR9T0n1DX7eS+6fkRzve+K1Mrr5evkw4efCXHUyvw83JwZcM+ZPKCY2bdMcpe1eLk58cb7beq+l5L78t9vHUH08bq6dsbuzq8mOU+erpMugaenLk/brbjy+pmOO96083Nz66e72yPnc/q++pbNNQ05es9Rlzctyt3O0nw8utY6vet4y53dayxt5JqdJO67WLJqTSqVlpOoa6KAhU6AqKAgJ28iKioAHj4KBAAVPAuwRFAQq6+UoIBVQPHQBUUQF8fgAERqsgGiRVREUFQNAAAL4E2b6AeOgH4BdiaWUAKIKdkAURFHqKaGWkqVQRF0AALASpqVrQDN1L5/0S/ZrRRHOzf2YyxdtM6XY81x055Y6enPFxyl39m5RxsSt5TVYbZY113FWooNSJpqILI7cfdjHG9HbGaYqrpbFiX82MjlnOlcLOvSPRn2eexuDNlid1qNjNiLUVEFQRAp5VDSxGoKdmOSdG2eTsFc1jLUViNCKjTUVIeUVV0lWCqAiibBUS3o51usVYzWaKisgAAAAKAIoAACxAVpUiosVFQVVTSzuiqzm3GM+wViKkVWVjcZaxKsejh7/0eqPLw93qnZxydIoJWAEt13Z/UxUbEl3OigUNqIs2+19N6enj4k7vtfTd5elnXteqxz8nT2+HO93Tw5+W3BYn4AFx79XWRynh2xvQRd9CCqAAFAEE0q6BFEBTSKCGlUE0ABo0LoGLjKlwnhs0Dn7Oie3Tro0Dlqo7WJ7YDkkdPae0HNWrilxoAaAVAFF7IqCEAGtnu0z3VRqZL7mAR13Do5dl92gdDUY99X3A1o1Ume12CdU6tEBJTamoBsNJ1BVZ2bBRNqIaTRtQDQAmksahoVjRpo0DA37eie0EimjQIulBU0aVATRpRBn2p7erYDnlhL3kYvBhe+Md9JpNLuvJn6LjvjTz5fT5P49H09FiaamVfHy9DyY9tWTztxy9PnjvWNfd1EuEpxbnkr8/cLrrLEuNj7ufp8Mpd4yuOXoOPLwzpqeSPj6NPpZfT9fwv+rhn6Lkl7dE03M48mkvd3vp88f8t7OftpprcrHk6+WrJO5roisjWp900IIU0igEAKoCAoIAAKgAukFEXaiM6FAQUBmxNXu3pATSaWgIRbE0ooKgAaAABPKiAKigqKgAAAAIKAguuoCAAFD+gJTS0BAFBUAUQBrYioAndQA/oAsrrhlvo5NY3SC/p+zLeMmr8O3tl1s48vdNPZ6fgnLPbdS+KxctGnjww9ttnlu4yx15uDPgy9uc/Fjn1WXbNjy83D39vR5plcLZ4fTuO+7hzcWOU6dK6So58Xqbhqy2a+KvP6/K4e22vLy8Vxt1/SvPq5a30rWkd5ye/Pr3r6XpJxzDed1a+bwYSW2+Ozv+p076SxX0/wBbjxvfbPJ67DDjvtm8vu+Z+p3Yy5Lll+TQ6cnNlld5ZXd7uV92eXSTXlvDizzvWajpljMN4Yauu9FYnT9uP+umr0rU69azWVQVAEVFBL+VAQVnsCm6JRAAFRQA/JDYCVdAIKlASqgACglXSdgRRNgsEP6gqGjQAaBADYqI0lBA0qoaQ31PyB1UTYqgAGuoAAAgAPZromnXU+GdOe2nPVHX27S4LsczTp7T2U2MQbmF19i43U0bGEdPbqM2JtGUsb0aXYwlbNfZRjTlycfw76TXySo8WWN055zVnR7c+KXs82eFdJUcLGdbdLhrXRJjfjbewkaxlXHHrJ5+XbHBm0MMen3b116tSahpi0QqlFcsp004Xvry9OXV58o1Bz8JWrEvbu2MXqy1vqlaZZ2KiomwBBYi6FaYz7NM5zoFcmoixWFixFiNRV0CKqxIoqgIoioolYybrnksYrKiKyAAqAAqAKAAAAqLBVio0jQbEoKqbWINMcnZtjPsLXONRFVlqNRlrFFjvw949WMeXh/k9U7OWTpF2Wnc0wrGc90uvh48s73vZ7p3sc8+GXrI1KienyuWG667ZxkxmpNNSddpRQAWXq+x9K6cOUna3enx4+t9Lv8Ad5fCxy8nT6Phzvd1nZyvdpwOwJ1UaneO0cMf5PROwiw2jPlRvabRJ90GwlNiLFZ1teyioKCaFQCLoATRpQCBDsAzu/DVICaFpBEgpoENKAmjSqomk9rQgx7E9jdSQVj21nVjto0DkOnth7YDmbbuLNwFRGrE0AAAABKu0AWWnuqCDcy+Vmcc9gjr7pV249V2DoMbvysyUa1EsPcTKAnVV3AE9xtdGgNiaAVWd09wKG1AAARQE0aUoM6NNAM6GtJoEF0aRURdGgTQqAJpVBnSXHbekFcssJe8c76bDK3celNJpd14svQ4eL0csvp//Tf9X0tHtTTUzr42fouXHrrcjleDOf5X3bizePG+InFqeR8G43fa/wCiafby9Nx5dLNOOfoeO9tpxbnkj5NiafRy+n5dbjejhn6Tkx7TaaamceZK7Xhzx7xj2X7pprcYguiQVNGmkQZVSggUA0ukW9gQAE0pQBKvYBmwjWksBKSDUBnQ0gAACKAmkaTXUDuugA0ioCKIC9zsICwTZsF8ng2AAAgpYCaKKCBQEX7LoBBdGgAqAoQABQFiLOiDeN1d6ez0/Nccpq2X5eGV0xy0zcdq+z+vh6jivHyTe3h5sP0s/b3nixwx5fuxze/LrhdyMY46pXa3o4cmXtjM58sf5ywyzxy116V1jFeXLm91k30t01nhhPDOXFLyft+U5ZrkttdEMcMbvVdMeC2dHKZSXWMe7gxvs3e7NulcsfRz/NlbPh1x9PhjemPWfLvJqbKzscs9zCybefDD222zdvy9HJlJHLKis2/DNBVQBUIUAQqoAioCUVBApQCVUgCqmwACAIoCU0pASHZTWgZ80sUUZ0KaBEX/AEADYAgqAB2AEUBAFEXyaJ3EDR4BQD8AQ89gBF2f9k6+AX46BPuA99FqeXJpQUE0o0gaNbWLDYz7UuLe0oMexP0593TSWdTY5/pxm4O2jXU2OH6dPZ9nbXQ1pdo4e1i4S+Hq1L4T2TzF5Dw5cHwz+hr8vfePszeJZmPHOLUb9rveP/VLhqdl5DjIldMsb1rF+5tE1060sJOq1Ryyjhl3enKPPnOvZqUc73TL8NWaZybHOp2ay6M1qIiVUVlKKioL5RRWozn2aZy7A5LE8qrCqkaiNQi6IIrUCNDSAAAUErlXSud6LGKyKisgAAACoAoigACqBBWpAVFEooEVFiK1GOTs2xyBWIsSNRWVjUZaxRY7cO9x6o8vF3mnrnaOWTcUt6FTUs2y0kvz3a7s2T4WdBAFBNKoA+n9Lv7Mpry+Y+p9I/jyb6zf+ixy8nT6c7OdjrrXZzvetOCGjZtQnd6JvU30cMXoEGLjZdtxVHObajWoygFillEMIt7rJo2oigAAAEACqloHgFgIugEDQqiBQBGhBBUUURdoJQABUAUSimjRJVBLE1GgGLinsdEoOdxqe2uq6Bx0addJcYDkOlw+GfYis6F1YllA2EgAAAAosqzKsgNe5fcygOnuWOYDoa2xtfcI17TSe5fcBo2SrsE2bVNAbXaaNAqsbXYNCSrsAABNKgppNKAzYNGgZGjQMmmtJYgiLTQIUXQM6XXRRFZ0e1oByvHL3c8vTceXfGbenSWGl3Xgz9Bhft+HLL6ff8t/3fT0lxTTUzr42fo+XHp7dud4sse+Nfc9rOXHMu82cWp5K+Fqzpo0+xl6bDLvjHHP0ONn7ejPFueSPmVNPfn6HLrq7ccvS8k8WpxamcebRp0vFnN7lZs0mmts6F8IaUAQQVAANAaFAZFAQqoAFQFEWUCAAgqAAAJY0gIaXSAKgBsFgBvQUAAAVADuACiAGlQAAFAAAA7NbZEGttY52Oa7NK724Z4/unV5+Xgs68e+zUuj32dqkR5pncP5TVW3DPW+t8u2UmV3lN35ax4+Lxg3tNOXHMZlLro9ePLj0mPhj28cvZdYTszfa6d/daxllpi8nTUunLLLd+0Z0NZZfDnTuNQQBRFARNC2IoIoAip5BDyoIz4+6gAi+QDQgCiLAKAAAAACCpYAigM3+gqKAACeVAQU6bBBQENHkEEUn+wFRaeFUQADQAAeBBflAV7xByaVWVBqNMSrKg2rMVBUpv8A1ABNqAAAlh37mwURQURdgljNjSA5Zzo89n9Xp5O1eetxExi2LFu2kcr92/7P7vCZf7vXxWXjx+Ut0rw5ek3ek7OHPw3j66fW9rzesn91b2XHP2afIy/3ZrpnOrnXojNRFFRKi+RURpFnUFTL+NXql7IOKxL3WNMtLGY0irCCoqiLBpSKgAXuRBK55d3RzvdqM1lForCCoAKgAKAAAqAqrEIitKiwUAAVGoiqxydm2OTsFYjUZjSsrGsejMaiNR24u72SaePi7vXOrlk3F0Wft6Hc2wqa3Q2s7KhoUAAEI+n9Kuss+0fNxfS+l9csljGfT6s7Od712xnRyzmsrpp52QAXHu7xwjtIqNAABpYoQighYHe6NAnkvRpKAGgFRQENW1SAaUARUBFgqAJ5UADQAAoAIIoCgACHlQUQAAAVFA0KAiNAjItQDRpQVn2xLg2A5XCpcbp1NA46R30nt2K4q6XCfDPsBgb9tTQM6WQAAEAVFDa7qANe6nuZAb9yyxzAdehqOW6sy0DpYaZmS+4DRukylXYEFAQNGgFTqmwaE2bANEXYJo0oCWGlAZ1pNNmkGFa0mgQ0uk0KiaaQE0WKAyjWjQM6jNxboLtyvHL3csvTYXp7Y9Wk0mjdeHL0ON7dHDL0Nn3r6uk0mmpnXxs/S8mOv2uVwsurK+5cN+GMuHHLvE4tzyPiWfkkfXy9Nx3/ACuWXocLP29LU4tTyR8we3L0NnTHq45+m5Memk01MpXCLWrx3HvLtPbfhNNbYqN2dE0ggtiCoLeiUEqRqsg0JDYKiwBBUAU/IAgAGhQRQAEALBUAVAAABUNgAACRQAUA2AAAHYACgALtPIC7XbKoFqFAEBQBQQVBA+flagJT5UUZNKAgukBFCiIFAE/+VAAAAANgAUAEUQDyAAmlQE2eAUAAPIAHgAAXolBBfCfkQFBU7QVPuBpKtQEUhf6qgGjyD3IQcmxWdrsGpVjG1lBva7Y21vog1vfgY2soLtWN6XYNbGbTYLtU31NguzabEGhlZQVNiUGOS9K4X8O3J2cq3EIVcexVHOvRw39n3cMp8O3FdYpR2leb1l3hJrt5d99Hn9Xf2yfKY9q+Zyeb/o4u/J36ONeqMVlK0y0yAiirEAaKQ8Irje4ZdxphY1GY0ixYqCK1FRdjRo7KWfKCAAjnl3dGMmozWNCorCKACCgAAAAKgKpBYgutKiwaAEBqM7agqufI6McnYKxGmY1FZWLEaiNOvH3j2Ydnj4+8eydJHPJqNdkUc2mI0GlQXwmuqga8qf1EFj6P0nXuzfPj6H0rryVqOefT60Yz7urll3rbzsKl6G+nQFneO8cJ3jviIqpFgBVFQ0VQGeu+jXkJ3QEUUDVNKCAALRdAkFAQKACgiLoAAATSmgAAEFATYaKKKmlA0mlARQABQE8qn+YFABL2ZbSwE2u00aBdiaUAZ8mwaElNgppFBLDUF0CammbjGwHP2pca6mhXHVncdbiz7QY0OntT2g5jXtLKDIuqaQQUFRQUDYILMlmTIDfuX3RzAdd7TTB7gdNJpJkvuVDSaq+5dgztdqaBNxU0aBdidU3fgGhn3LsFCUBDSgJpNNAMU0tEVkXoAyNGgZF0aBEsaSoMaNNgOdxLjO2m9GlXbleLHLvjHPP02GX+V6dJek2ml3Xhvosd9K45+hy66vR9H3StaTTUzsfHy9NyTf7duWXHlj3mn2/axlx43vjGeLU8j4vtqWa7vrZ+m48u8krjn6PG7svVNNzyR87SWbezP0WcnTLblfTZ4/5ammuUeZdOmXHlPGkuF8C7YirrRpFQNAAaADRAAFBnSgKGhUREWiiAAAABewAAAACpBUAEBUFUAAA/qAKgAoeEEVFiiBVBAAABDoACWAAiif8AdQABDS/kBkWgiCoAAAHkAAAKqUDQFBD4UBnqKQEFSgi+Eq91DwigJ1F7IB8Ad4AAAACCoB4P6qlBNdQURDVvhRR7IWKnZzbQUBPCnU0Au0XQhtNmhBfdf6G9odRWtkrP57kBvZtmd0Bs2zs2DW12xs2aHTaVnZtEZ5PDnW8+rm1BcVpOwoxl93Tjv7Y55Lhen2B228/q/wCEs8V1mTh6izU6knseHPvXKx1zvXo5V6IzWQo0iIqKgsRYDS1JpUVxy71IufepGmGoqLEVYqKiqsSNDQf9iCCCoA53rXSsVUrFFNNMMimhEF0mhQAQVAVRAFWIRFbEi9xQBAakZjU6QVWM3SOfJ2CsRqMxqKzFWJFndGnXi7vbj2lrx8etzdevG9I55NR07iTaubSULCCF7E1Q0CrEUFj3/Stzly18PBH0Ppf+LWoxn0+vIxnOvR1jGfdt5nKwmGurS7BnTtjOjk7Y9hFTbVQQWM3usFaImzYjQiglJDuoACgigCgAUNAipoBRFEANAWoWdE6g0M7psGhNnkF2BsUAACAAAKIAoACeV2ks92gUWsgqKkAF0AgukATSgJo0oCIpoE20mgFDSAoRICqmlBEaQEXQvgGdFxUBn2RP054bBXP26TVddLqA4Dr7Wbigxo037U9orIuqAIAAGgF2IDUp7mQGvcsyYAddwc9m6DpqM2J7tL7gXQkyi7ggbF0omzZqGgS9iQsTwiuWO8ssuq3eMt2ayxt1O7Ezv7pfPYHfG7kpTGfthl2IJtdxznRfMXQ2mlWIjOjS3oTr1FTSN6QGdJZ0b0lgOXtjTWjQMpprSAxn0xt+HDL3YyZd49OU3NfLjeO2yW/tiNRuSWS/KXCVvXiKJtyvFje+MccvS8dx1ro9Wks7ppZa8OXo5e1ccvRZzt1e6Z7z9nl00mm5lY+PnwZ47tnSOV6Psc0/us9/D49ZsdcctiKjLYAAAAAKACBoVBNdQFE0KaATS6AQXynkFkFAQFBAAAAAAAAAABQAADReyp4BABD8AAeEDyBQAEVFACgUEQO4CoJ5WlFQAQFQFRdAE35DwAJVQAp4ANIoCXon2XSa/ABA8KILooIAABYAeQA8AAIvcA8F7dAA0i/1AQNij2CpY5NJ9xbCCG1lNGt9gDwAGk1VNggbAWGgn3UEXYCCmhUDQgC6QRjLrerNq3vUUanZCKoxkx7pG8uzhn0/KxHX3uXPek+7ncrWLnbOrUg5593NvO7c66xBKVGkXwmyioaIRZAXShO6K5cndmNZ92YrNaipGoLBU8L4RVipGvAopv4PCKlABKxW6xVZqIqKyGgBNKAJoNqogAgAAukWdkVVRRQABuMxYitac+Ts6OfIQrEaZjelZg1GWojTph3ezD+O3jw7vZhN4yxzyajaoeHNoWM9V32BQPIhpU2sBX0fpHXlzl+Hzn0fpN1z5NRjPp9jFjPu1Kzl3beZgi6J3BHbHs5WdXbGdIIqpF0DFnVdN6QGFa0aAikmlEQku2tAJUU0oihoAAAAAADRoXYghQBKvdAEaXQMLprSQBm9K0a3BWdrKWaSRBrabLDQLs6TsmlgKAogGgCd1QF7oaADQoIqKACaAAAAAAAF0aACTSghpQEFATQu0BUAAIoJoADaLo0CCgImmgVnR7VAZ9sT2OgDn7D210AcdX4HbSXGIriOntiXAGBr200CCeVBEaARYHYDdamTFAdRnG7jSolZbrMnRBNdEmMnhr2roUTKbxsAHLW71amPVrQqDUZX3a7gzy3WPRz/AFNR1tlYywls0Kn6jWOe2Lx3ZeOxFdPdDfVwzmXTRLYDuOU5LHTG7EXSaZzz9ndqZbm1E0mlqWxFTXQNm0DSWbjSUHL9Pz5a00zRWOWb48t/D42U/dX2OTfsyn2fIy6WsZO3jY0CMOoEABFADYAABsAFSymzYLoABAQURQAAAKCf0UFCgAgogigB0AAAUFBATSoAi0VE8AAAUEFQEFQADQIoAgoogFBPKpoEU8hoAVEDRoABBQPtABNH4FBPyAAi9/wAh1BRBQEtAAAADwAigAHkAEX4BL3Rego93YJfsb+Y5NGg3F6CJpdL0proCaNNa6GgZ0ljetJoGdJprQDOhrQDPca1/RNdRUF0mlDYuk0gGvuaBHPLuy1UUWLUnZb2UYvlxzk/q7Xs5ZXVWI52OOc1ez0XTjytwefJi928mbHWIyL+UVEFTQCxFBqHkUVy5O7DfIyrFGokUF0oI0sUBWiptUVBUArnW/6MZd1ZqAKgioIFAEU0gKbEAAEFiLBWtADQAiDUSNQWK58nZ0c8+wViNM4tRWYvlqMtRGnTF7OK/tsePB6+Ls55NR1kTr8NRI5tF7GigJ5+5pYtEJNFVNgvj4fQ+lzXPcu+o+fI+l9Jn97l5WMZ9PrTsxl3dZOjGc6tvMwRrWkig649nLTtj2AUqKiqzsBoQlEaVldgohAFQBRFAQUEAANKAigIJVUVIaUBKkapIImkrSa6gklVWaKoKgz5XQAAKAigigAQPICKAiooAAAiyAaBANCgIoAKAAAAKCAoIKgAAGgAQXQAioAKAhpQVBUEDQCqAAioAaFBnRYoDOvse2NAMexLg6CDn7U06aNQHEas6oKuPdtzx7uqohOyswC2Sq5Z2+/t2P1LtFdajn+ptZnPIN6NJ7oS7ENJljvu2KONw69CzJ20mgcfdlL1X3/LppLjFGPdKvQuEZvGKvsiya7Me2+KbyhoXk4/euM1JPhicl8xqckqC1x5b1mu7t3YuMtRUw3cerSzp0RBnLLSceW8eq5YyufHj338g6ppTQMZzcv4fF5OmeU+K+5Z1fG5pP1L+WMnbxuPdGrEYdkCgB2N9UAUQFBAF2igCKC+DyioAAIKKACAAAAAAAogAKAIoIqAAAAABQVBAAAAAAQQA2tQAAADSiC1ARRREFQBUVAABBRRkVPwCKIC2IvZL3AKAIvgFET/AGa/KaBBdAIbD+oAdgAAEUP6AAgAvhLueFHu7Hfquk05KgqaAXqmlAlsa910mgF9y+7fdgBq5RejB/3Bu6TTO6S6v2BrRpJlV9wpYlX3EynwCaNNftOgMpZ8NaSz4Ecb0y0i5T91T4+yjcnRNLOx5BjKOHJ8PRk5ZyWtQeeyxjLfl39u3Dlmt9OjcRwy7s1qs11iIioqAIAsRQagRfIrnyObry3o5KxWo0zFgKdYKirGkUaNLARRKqAMZN3sxViVkBWRPKoIIoAigIqAAUAjUZUGgioogCjUSVYDTGfZpnPsFcp3dI5493SKzBqMtRGnTCdXs4de2PHjXs4eznk1HUiK5NHhUUEBRE3shVUWTT6f0jpyXp36Pm4vpfStfqXfwsYz6fXjGdm29uefdt5kvVNhFFdsfDi649gWoVGkXQAAAigAbJUUGhIsQCCyAAAgADSAKgCKICqIoCoAaNKgIa2oABoEUARU0AaBQAACJtYBpGkBBUBFNAGlAENKAgoCKAIpIACgAICiKAAAigILUADwAAAAoIKmhQABFBDQAoAAACACEAFAAAAc8u9Zay71lFWd46uM7uwiaZmurVcsp1oN2Rz9nWpbfkmVndFJgezXYmbU5MfIOdl3dxZt090vk1AY9+W+nZ1xu2dRZ0VGhFUQAAAE9rNxjQDGonsjZoGNDaIrA0zlEEqSdGtdE0Km6m2rGdAl6vkeo/bzZPrvker/AOZyZydfH24oDm7oACCoAAAqAKIoCKUEWIA0hFQRUFFQEFAADRr7gigCgAAAgoCUAAAABRFQAFiCAAB4AECgCKAgKCCgICyAgIB4URUX8oAKUEAQULNppQE/BQBKKAgeQAAE8r8CKKimkE10SxT8KJ8AAAAigAGygVFTyD6HlFHNpmighrqqNAgujQImloCaRrxNAMjRoGTqpoDSaUFQUBNltNdSiOWU67RqsqNzsqeFoMZMzD3XU7tVyz6asvVqI1lxZS9nl59y6vd2nqM8b3/2cebO8l3ejUHly7sN5d2XaIidlvdFQRUEFgCtRUWCscnZyduT+LisZrUrXliNwRViKjSgIqqi9KKIvZAGMujbGSxms3ulUVlBUAAAAAAARQBYy1AUBGg2oAuKLAaY5Ozbnn2CueLpHONxWYrUZjURpvGf7vZw3pHkx7vTwueTUd52XaSLpyaA0aA2FPIg0knlVCPo/SJf1M/MfOj6P0jKe/OfCxjPp9iMZfybxrnn3dHmRdIoGnXHs5OuPYCo1UVEiieVF2AIbVAAAGoqRUFAAAAABUUABNgug2ACKAGwAXSAUO6ggoCRQAABBddQBFANAoMi2AMi6AAAAQVRF2Ai7BEXQABFAgAGgAAAABQFBBUoCIuwA2bEFNgIoCggAqALoABFAZUAQUEQVAABQFByz7sN592UUjr4cnadgqVyz7uzjn3EjKVdm4jSOVnuzynbo6sduTL7orOF1dVu3XljKdcb915MfdNA3MrF/UcPdrUrc5Meuw07fqRZyS+XC5wlli7TT0+7Zt55+Wt3xV2mnYcpnYv6htNOgzM4u5Q0omwAAESql7CiKiCJYoDNnV8n1s/4jLq+tXy/XSTm/MZrr4+3ju0a6Iw9CAIIqAAoCBQA0GwUN9AAAEVF0BQ0QAUBBRAXwigIoCKigIoAIAIqAAfgARVBUBAFBAAIEAEVANiRQAAAAAASgKHZPCoIBeiAom1BUADYgABQAAQqoAa0TR1ACAAqAHgATQrPdQFAQNeAAO4CAdlH0Tup/wBnJWaTyp5AkWQXQGk00AzpG9JoEndGtJrqCGlEE0mmtGlGddEaAQ0uk0AlnRpmiuVTy1WfKo1F6kn5XX2BjJyyn9Xaxyz7LBwsu+3Rxz87ei93n5JN3p1dIjjkw3l5+WHWIiKKiVFBEihBWoEUVnPs4+XfPs4eVjOSxuMxoRVRYjUUgqKsXSQFAARnJpnJWawKioIqCAAAAAAIKgKsRYCgDQKiCxYz1agNMcnatsZ9grlG4xO7cVmL2ajKxGo6Y16eGvLi9fp50vyxk1Hoi2pKri0CQBTohsFVFVB9H6RJ+rlJ5j50fR+k/wCLkuLGfT7GtMZzdbnZnPu6PMxNqADrj2cnSdgW1NmkvdUXe16MwEaGZV2Cod1BFiNRRY0ztdoAogAKAAKbEAsPCkgIKgCmgBZABKCgGgoAigAAogAHdQAAEAAABF0AiiICKCoiqCaAVDSqCooAACAAoACiKAgoId1qAaNKAzo00AzoqgM76rs1s0BsNGgBDrsGtKkUEFARFAQWoIIoAAKigDnn3Zaz7sIo6zs5Os7AM66tM/5hD2zzGbxx0AcbxufJhrd32el5+TdzvwlWVymPus+zrd+WZdTcd8dXCWou3nuMt6xj9OberGTOXUT9ObXRt57h8M+3KX7PTcPuzcKLtw3W+PO5Xq1cb5iSau9aQ20sTaqgigJ1+VmViANfqX4Wck8sAadfdPlLqzu5U+DY66NE7QERmtJQSvmfUJ/eY9n0q+d9S65Y6/1SumHbwVKtRyekRQEVOyzVAFQAoAdgARdAAXrFSxA0KgBDS6gCgAAACAKAAAAACKAiLQERTsoSAABQAAQC+UBQAEodQEU8AgqAdhUAIAHcABNqnlRC/K6KIz/RT/utAQAVPgAO/UEBTsVAUPBoEAATapQUQ86BU2KokoACLo2CL5QAKqAaSxSqPpDft8xLjtyVnSa6t+ylwBNLISfZZL8Aa6CyGgZ0aaFRnRrqvk0gnlGgGUb0aFY1DUa0aBjRprRpRnSZN6Zy/ig4VPMa0knWKNjULAc65ZO2XRyzWDlY83L3eqvNy963ijz5fhit5ddsWO0REtBUABAiKK1FSNfArOX8bXC93ov8b+HC91jORG2J3bEixUWI3FioqKsVFBKACM1pMlSsd0KKyaAEQUBAAKQAAAFiNQUFRFAAI1GW4CsZ9mmc+wVynd0jlO7rFZgsFRpvF6eDo8s8PRw3rqsZNR651ViS6Xq5NL2E6rsDwvlNmwUIog+j9I1+pk+fH0fo/XkzjUYz6fYjnl3bjGXdt5mRUgK6yaxca7TsIM7WoobIAgKAGxANteGfKguyVAGvce5kBv3L7mAHTaxz2uwbGZTYNKzs2C0Tay9AUADad1ANAAAAaPJslAU8pvqCgAAAVAkuwU0IBoUQRUBRFQQRoFQUUZVUEUICgbT3AoAAoCCoAKgCgCCgAAFBQRFATRpQAAENKAAACoAlKCIKAmlAEFQFRQVz5GG+SMVFHTHs5umPYFSzq0ze6oaFATTjy4W5XKO7nzZzCTaUjz9JOk6u2GN/Tnu7s43He7HbwivPcsscbMfC452ybdbjLCYYyKOdzm198/1W8csYy4t62g3br8JLKmeNuGp3Y1Zewrr7ZWf05e16se6rjnZsRr2X5Z9tanLL4axymc6A5XcR30ntlNG3IdLhEvGaXbCNXCpZUG8eys49MWlSlZ00mgZseD6lLfbfEfRrxfUZ/cy+Ilbw7fKqaao5PSxRrQKz+Ua0mgA0Aii6FRUBBUUABAAA0obACoC7+RAFEWAAABtAUTyAAAIooIvkBAABUAA1BAACoqAeAUEC/AAAAACCoACggqKCXqoImgATYKCASAB2ARQAAAABBT/cES/6LekAPPRPKptQoAKhroAaTTXg8gmg8nYETsoqPq+37lx+6q5Kz7cpe5PdPDcWWqbZmV8xqZ9euN3+GpWpfmLpNs7xprG3u644Y29np4fR4c1knTbUx2m3h9kPZ93uv0zVslv+rnyeg5MOuy4WHKPJeOlwvw7foZzt1rP6fLO+F2mjbjcamvs7X3TvjU92/wDKml25aLHTeJrDzdJpduSO3sl8peP7mjblodP073T20GNM5/xjp7axnOgPNu7XCfuOt31/oYd9iuiVrSfgGbHHPu71yz867qOF7vNzfyr1V5OZvFHny7stVnw7REqLUVBNqCBEXyK1GmY0ip46uGXd6L2rz5d1jORG4xG4qRogbRtVSKgsVFFEqpQRMl0lEYqaW0aZQCghsBDaoAAAIoCNRFgsWKVEUAAaiLAaYy7VtjPsFcZ3dXKd3SKzGorKxGnTHq9HF3efF6OJjJqPVBJ2a05NCa3Vggmvumuqqomuu1RRFl6vofSLrnvxp859H6Rd816LGM+n2sXPL+Tp2c8u7o8yWkZ7LvQK6zs5OuPYEqLWVQ2qKILEUAAEWI0CAoIoAAAogCibXYC7QBTYAbqysloN7NskBra7Y2QG/AyS0GxnZ7gbGJV3AUNw8goGwUEBKKgCooqCs1BUABUUARVBFADa6QBPbtVBBQAQBRLQFRQAABUUA0AGgAQAAAE0KgAqAps0AAACAKgAACIKIqKCjGfZzdc+kc6io649nNvDsDTN7tM1WVFARx557vZPu7McmPunTuK5Z8V9t6unH148fwzblrs3x4+3jiDnOS7u5qOnujllhbb06M6svXuK71HG2zG3e6fqWa35DTump8Oc5evWNYZzLeqIvtnwzeOV0A25Ti0vHj7XRAFRQQUBKw3WbBUS0TKdNiNbHk4vV45Z3Hr31HqvSileT6hr9Gfnu9by+um+Gs1rHt8qyMreqOT1IAKGxIgB3XYIbVBQICCKgAukBRFAVAAEUUQBTaKgbAA2iooogCgAaTqoCKhsA/ob2AAAKmtAB+AEUDyCAAIoCC+AEF0gAqAAAIpYAlVAEXQomhTqImhQERfgFTuAIB5AAAAQDp8AVRN6XuAIpoARTQCKAlAA7p10p06g+tFIsjKIqzG10/SsNJtiRrHHbUxduPi23MUtZwx0+j6DpyT8uOHpsul10e/0nBqS3w64TTFr1+3HfaOHqrj7Nam3pc+Tixzl3Ordm2Xx5jvPs9n9n93Dua2zlwXHPT3cWHtw1YzMV2+VeKZZ9ZP9HHm4scbek+z7WXFhJbp8rn/lWcppZXjvFhf5Y/6MZ8GHi13zst7OWUc2tuf6O+1a/svJq3Gz8N4/l7/Te2792lk2bfLvp+WWdN/hn25/F2+xzYYy9O1efLj67jFmqTJ86249Li58tlxs1rVfoPT8OGfHlM8d67Pmev4cfZZMdVLNNTJ8iw45Pdfs1lPLrwcUz913r8kjTOuvQ063hsnSn6WWuk2ujbz5Tu5Z4/Hd6c8bLqzq53DK9celnZNG3kzlx7415OXvdPrZetuGPt5/T6+bro+bz6uVuG/bW56HjymmK6Zz9zn8u0RE8qKiBQEWBoGoqRUVb2cMu9d3HP8AlViZMxuMRuKzGhFRtVRUIqxlqDQKiCVmtVnLssSsXuFRpg8hABFQAAQAAoICrEWBGk0ojQIArUZjUBWM+zo559qLXGd3XFy8ukqsRpZ3SLEabx7vRxPPi7YXWmK09mPZWcb+1XKtRQEAF2CaWQXQGn0PpHXmyeB9H6Rj/e5a7aajnn0+tpjP+TpIxn3dHmYU6gI7Y9nLTpL0BKi2ptUUAQVCAoHcAAFEUAAAE0CggKigJtU1tZjrzsFDRoBdAAKgCoAWkqoAbDQCxFBTaKBcj3CUF9zW3M2De1257AdNm3Payg3tGPcu0FVIKKAgoAobO5pQ2ulnQ2ImoKCpoozZQU0YxQRQANAAAAu0AAAFQBQAEUBBUAAABQEVAEUERQBFAVL0jHuaznRy3pB1l2rljf3adQTPs5V1z7OYqN4dmG8OwNJk0zVQNqaBDWyw0IaNACaTXVd6Nis3CfDP6WNvV02IbefLjv6mvDfHx3C34rppdAiKKiItSyoG1jIK0iKAlVAZ11SzpWp3S9YD5fpeO3myzm9TLo+npmccxsuM00KPP6uf3Gf4d7XD1PXgz130izt8fx0Zpen3Ryr1RRBGlQAFQQKaBVOwCICoAaXyAmhU0ACKAAAHQANwAh5ADYJ8Au1QBQQFRUA7goJoUBFIAIoB+ABBFTQAaNAaNgAHc0AACCgIAB5UT/sAAChQEsRrSAiVU6KIoAiooiU6Ve6ClPNPJr4EIHgBDSgJ2FAQVNKH2KGwRU60AvUXugAf06APs+y3V7LqvXcJ+nNT8uWWHlbixtOK6/D13PHLCTU38/Lx6srpjuUlSu045lk9fp/T/ukefhluU2+vwcepMnfGMWuuOGOOMmp0XWp0UbRxyzuN1b1buVx4/d3TLjmWW63ZvHSDjx2cuW74dnHjw9mVvZnk58sbqTRvQ36iW8dsr5eeO71fUwzx5cLLZHnnp/dldTbNmx8+8du3LPHT609LZO23j9Rw2Xo55Y6aleOR6fT99Of6VvaLjLjWZdLX0/7L78N7/Ecf0MscusvV29JzWz2ZPXqO2pWHm4LOP3TJ4fqGGGXBbO++r6fLxTPrO75Xr8Lhhrr3c84s7fFzw1et3t39NxXLiuc7MZ/uy7Pf6DGfoWTzfKYzcdLXku59nTDKTbtzcPXcc/0jWk24ck91cZJeTGS6u3o5MLHHLj93SWTLfRnVXb9Rj6fi5ODHDl48M/2yXc7vx31jgw4Ofkw4sZ7ZbH1/Uc/rccMbnx5TDXSzrHy/VZfqy3K/uN5dWJHwM51ts052PVz4e23x1eW9HWNM0VGgRQBCrAWVUjURRy5Ne51cuTusSsRuMRuKkagKjSgRFWNMxpASgKjNaZqpWKi1GmFRQEAANACACAACzokagoqKioACxYjUBWM50bZz7C1w8umPZzvd0x7K5xpYm1iNt4umF6uUdcO7Naevj7NscfZtxqwAiKKgCqyuwaj6P0jLXNevh819H6Rd55X/AGrUc8+n2pXPK7rTOXd0eZBIbBa1JuMeHSfxgMmlvdFRdJabZuhGpWsWZPlqToBaCghpNrsBWdrsFQAUTayfIBpQAAAUAEAUAAFBFRQAoAJsBSighsAAJQEVAEUABABTYBsQFlq7RQX3L7mFFa2b692UnQHTaua70DYzs9wjadGfcuxWkNmwAAABAAUAADQAAAACiQoKgAAICoqiKIAioCopoABEHPLDd26ArGOOml0Azl1jDplOjnYCNYMtYCtplOipeyoeEl2t7ONtnRB2HP32H6nkHREmcXcvaqGjQCJo0ugE6o0Azsa0mgQXSaFSxNLYlBCCbQaElNgnldHlQZs6MOjNiK526efn5JMcpb1s6PVrq8XLjL6yb7WA+NeSY5a7X4Pe9fr/AE+M9TeknTw8d4PisV6cb6amW2tuN4eSdr0Ztzx8X8pprb0Srt5/1dd4s5ZU0u3c05zkxvlqZz5NLtoTcNoKG+qoIKAAAAmwDsm02opb0GbKBsNVZAQlaSwDYi6AXaLoEoujWgTa92VlqjSG1QQgCKBoBFBQAADuIAbBFAEUQBQBBU/oAKAhpUARfsUEBQBN6NgUNooIu0BUVEQRpPCgAAioAa6mgDzCgCKJAVFSgAAAUE8lioob6Hg8AP1PFyY/p6vX7ulmGUmv9Hhxuq78Wf7p1rpK5WN3h3b7YTisvZ6+HWWNnlv9O76Rvgztz9Px/ukfVxkxmo8XBw3e/h7Z2biKAoAA8/NlZldOHJ16vblhMu8ceXg3j+2OeUo8P6lxvR7/AEucz4/u8mfDZ103x548c6VmXSvc45Y4cuWrOrhPVXfdMssp+/GNcto6foY8eXWbjzZcX7+kdc+e2Td2vDlu3bll/wDFd+Pix9vbq6YZbmr3jON1px5c7jnvG601jlqD09fd17PH9UwmXBL5ld+PmmU693D6lnP0J171q5Swj89zS45b+73egy/udWTe3j9R1er0k/uJWcfTdenlss3HKM5Z1i51OSOueEuLwc+Pt69rOr1/q9OvRx5NZdO7U99D6/pPqXBn6fGZ325Sasr839W6+oyvFr9PfTp4fS5vpFx9HPUceVlk91x+z4/PyWzWff52ZS9Uj5nNbd7/AN3lyern6y+7rp5cljTKLUaUABKsRQWNJFRVcuTq6uXJ2WFc5G4xG4rEWNMxpGxpn7LEVY0y1KggqUVEq1KqMVlqo0yJpQRAAAPICKAgAgsRYLGgEURb2QFWI1AaYy7NM5dha4Xu6Ts53u6Y9lc4sUEbajtj4ccXbD7s1Y9fH/Ftz4v46dI41qKgqKioAKngVGo+j9H/AMTOa8PnR9D6RP7/AC69bFjGfT7MYy7tzsxl3beZmh5FB1x/jHN1x/iDNTcXKbTQylpCrFFW1AF2MqAsiEoKd1iwGRrSAixQAFBAICgAaAABQRQANCggpoEF0ASBE2Aa6pLtQSmqulBmi6QAAAAEFARYAKIoqCmgRdEUDQAJaKAgGhFNpoFa2e5kBv3J7mVBrZtkEbGN1d0VoZ2bEaE2bBRF2KomzYKIAAICoqgigJRUQFRVBFAQUERQFTLs5OuXZyQGsWG8BW0s6KXsqIzcdtRUHO8c2zePpp1A24XC7idq7p7ZvfkNs8W+u3TRIqjIugRE8qAgoCGlQE0mmqmhWLEuLeksBjRprQgnlUvdQQsAGbi8vLjJz43zp668nqMpjz4Y+b2RXl+pYTLm3d9Z0eC4Wdn0/qGv1Z86eX27Zrvh08usp8Hu+Z/V67xfZm8TLbzbwy74sXh4sp+26+z0Xi+zneG7Nq819L1/bkx+nzY9pt6vZlOm6mUykXY83v5Me+NX9fXSz/R6PdvpYmsL3xQc5zStfqT5Lw4a6bjN4Pi/6mh0ma+6OF48526s28mPfGml29UyXbyzlvxpqcsqaNu+01tynJL5bmcNG2tCe49wq6qkpv4QNGligyuoujQM6NNIAzpoAEBCpYqqMnXw0AgaNIC+GVBQBQF8ghFTQgGlBBQEFAQU0CCgIGgBFADSAGgARGkBP6CoqCLQAgeAAgAioAAACgyKgB4D+gCeVgCFNAG+nYQ0AtiKCH9QUfe1pvHfjoeXTix3WsXN6/TZdZNPo42SV5fT8U1LNPTnjqdHojnW+LWujs5cE/a6qAAAAAAMZYTLvHDP03uvZ6kvas2QfK5J+ndVqc393YvPP39Xmz7uN9VW5Zb1ej0+OWrfDxbd+D1HtuvCxXs92ulefmym7JXXmyx9ssvd4ssv3MZEX9W43e3H1PqLljrxt1mPvmvLxerxuNjG1kcOS77dXu9H/gz7vmXLq9vpuS48OO/h1xrVnp6eTHVefOabz5fdI421ipEt6sZXU7bMqxauN1V0/R+lzx5/puNl3+zVfkvX8Mw5MrjOzv8Arcvp+OcnFnlreso4c3POae67u3XK7ZfI5r11t57Or188lvV5MulWNRlKqKpCiWAEFBqKzGt9EUrnn2dGOSdFhXKNxiNYqxGlIqNqumWoiqqTqvhARUvbYqJWmaqVi90WorIlUVEAARUBQQFQBCNTszGoKKioqCgEaxZagNOeXl0YyItcL3dMezne7ph2VzjRBUbajri5R1x+Ga1Hq4uzq4cNdnGtAdxAPIgKqKA+l9Il/WtfOj6H0nf6uXVqOefT7MYy7t4s5923mYVFUK64/wAXLTrP4wEyZtq5HhWUkVLV0CiTo1ICa2WdWkBNJrTRQZ3VlNGtQFlVnWmoBpQBFAA0AFFARFTGfINSaEAVOygAqA0ggLs2zsBpMu1TekuQrh6H+PJvxXp3J1ryehtn60v/AFPVUK58PJlnllvtL0dXPDGY9I4Z+pyvJcMJbYo9Y83H6iyzHlmre1ds+ScePuy7BprRpj9bGdcrpvHL3TcDRQNiHgc+e2cOWWPeQ4M7ycOOV8iuioCCgKCKAAAACiGxFRQEAARSAimgUUAAQADQC7QBdrtFA2u2QGtm2QGlZNg1tWNrsGis+42ChsQFQUVBQRQERQFTLs5OtnRy8oDWHdkx7iuoTZRCdggo4fra5rhZ08OuV/bdJ+lj7/d5XKftqDyzkyl7114eS5XVcOsy7N8X8506o1p6rdEu3Pknb7MY52b32VNPQjnORZnuiabE3KvRQNAgigolid2kBNJpoBjSab0mgYvhSxQZoujSDNj5/q8pPqPFjvr7X0a+N6zc+t8WVvS46Kr0fUf5YX5jyR7fqU/w79nijFd8OnbGyzrVsjhvWW25nL8udbauEZuC+7/1QmVRXO8bN4pe8dvdPMN41djy5cM+Gbw/Z7LjNJ7DY8N4svEtT9Oztt7rx7YvHLV2PH+6Xrtfd9v9nqvGxeL7Gx57Mcu8ZvDxXtuX8u94UvFpR5r6ffas/o8mM6dY9NwynmpdzxabHm/fO+N0Tl+Xp306xdY5d5JPwbHnnJN92pyR0y4ePK/Dnl6bc/bloGpyNe9yvDyY9rv8M33y9YaXb0bXbz+/Xfo1OSXsmh2/A5zPbUsNCib+FA/ooAbDQipsXwggbNCheoACiAu1TexBVQFVFBE8C6NIGg7JuAtRNm1FTZsAVCApoASyzwmmkBBUAQPChEFAD7giKCKeUXsgApAQW9kARaioAAgoCa2CABUgAuk0oKIAAg/QTu7cH8nOyRvjy1W4519X02Wo9GeXuuo+dx8smOvL18F92W69Eu3OvVx4+2fltnG+FuUl1uKKAAnZQGfdFl3Nw1E1ce3YGkvYVKPLnxXPfR5OX0+WPeV9TSZYzKarHBXxbx5Twz7bK+1+jhrXtebl9JN9OsOBt4bllZJvpGL1r6ePo8fbZl8PNz+ky4+s6z5Z4Lty4cblejn9U4tezp1093o+Ld38OP1jGX2a7sZ4etrL7fn8+l29HHv9ObceaXd09Ov24/hj8bZ3T3GqzZpBbWfMqW6PdFl1R9v6b6bi5fp+U5eOaz3vb8t6/H9HkuOM3jH6n0WVy+kZY3p0slfm/XY7y/drbrfJMrqMPkcuTz5PRz4/urzVqNRnyCVpQPAAIQGmkioqsZtscnYhXFvHpGG40xGoqRZ1RsaRYirOioqKIoCM1qpVSudRckVkNAqCAAUAEVBCgARpmNCqAiooARqRI1BVYz7NsZkK4Xu6Y9nO963j2VzjaoI21HXFyjpjUrUenivWO7z8Pd3lccligMqAKCggsfQ+j2T1GUvmdHzo+h9In/FW7ajnn0+3J1Yzn7m/LGd6ujzM0nZAGm8f4ubrjOgjNNNZRJFRJGtJ5XyCa2s7J5UCKeUoAEBTSwBNLrQoIAAGgCqAAAAKCAdgA2AKhsC1LV7pkCd2okAUkiX5TqDyejzn63NjlZLvo9e5vvK4X0mGWVy7ZXzF4/S/p5++Z278Irvro83otX9X/qleqR5uThzw5bycPnvBY16vGZenyt6XHrK58mXv+nzK99Jyfrc2H6dx1j5rpzYzH0twnXUFTg9Px5cGNz67jPprcObPg3uTrjXX0/8Ay/HvxHGdPX3X/SG1z5MuXmvHhda7pyXl9PxW2+6fKcOWPF63kmfT3dq7+ps/s2e70sBMsvf6O5ebivpL/wAJhWMOvoJ94zxW4/TcrO82hp0y9ThLrdv4dMc8c8ZlL0eL0/Ljhxfv47d+W/TZb9RlhJfZlN6NmnTD1EvPcOmtd3oleD+z4/264dZNb292GPsxk7qliicmUwwuV8PNOXmy/dMP2hp6hjj5JyYe6eO7H9px35Xaadl7uefNjjx+6/Cem5pyccts2GnVFc9Z/q957dA6AgNbGZtQUTYCoLANAgKBANClBFEoKhOqggqALIAAu0AAAAoIogLs2IC7X3MqDWzbIDW12wboN3s5VvbneoouPdFx7oOgAiRUiqiLezz8mWU55I77/aiuWWPHb17nHhjMtxw1fdvy3x2zKSeUa09GWMrN4p+Gs8vb3WWVUc/0tdkvHZuzy7AbebWWM6k91116O+WPumiYySTXYNsZWy7T9S7063GXwz+nAYvL106Y3eMrF4uu28Z7ZoFRddUVAVAEAEoUATSiKzXy/qkx/tPpr2u31K+d9Vwl/Q5O3tzKNfUd3h4793he71kl4MPPXo8TFdsOmckayZZdEtqe77lvRxuerpND0TOr75e8eeZy+V95o27+6fdqZffu88yJmmlen3VffPLzzLXlZnflND0blNSuM5PtFmcB09sT2JMvusztBm8bP6fy6zOeYu55Njz3i2zeL7PVqbPbKux47x2J7L3ey4M/p/JseT93xDevH+z03j34S8X2XY82sb3xT9Ljv2ei8W2bxmx58vTyW+zKz81m8XJO1d7hZ1XVXavNffh1uNPfe9xr0e6/B+294bHGckWZzTp7MMuzOXBje1sBJlPlrccr6fKfxy3IzceXCdtpo277HCZ5zvjpf1pJ1NG3WjE5cbOlamUvlRdHZehbEE0L/U7AixAGljJsGtdTsz7i5X4QavQ2zu0BazYoCaNNAMjWkAKaUGZWtogKqbIAlaZoIaNEACLrSiIuk0gbIlJVFAAFRBU0KCIqaEAFAAERQEDyAlUTyoEN6qAol6LAfo9XZJY9WHHLl2avHj7tOnFy24Yb33fU9Jhv/wCXgmMmVnTo+n6T+NdMWa73H46OF4M/dbt6RtGcJZjq3daAAAAAAAAAAABLNzV7K5cnN+nlq49L5SjjxX9Lky/6Xk+q8mOVx1d9Hoy5sdZT5fL9XlvJzyvpqPDyybenDD3Y4yfDzZXq+nw4YzDHLfXTMx9NV5LjZdVMsY9HNOu3G9Y5ZRZXmzjna75xwzZae/0v1HHi9Blw59+sxr4/qs7l1t2zz2yWeHmvLddUxw1dxNOHL13p5s51d+TL4ee97t6oM1KtRoASgEVAanZqd2Z2aRYrOetNJn2ItedrFm92sWnONxUio2rUZixFUFRQAESqlVHO90ayZVkAVEAAAAABBUEGozGoLFARUUAWNRmNQVWM23PLrArjl3bw7MZd28Oyuc7bVFRtY6YucbxStR6eLu76efh7vQ5ZKqAwoCgAKivofSN3nvw+fH0Po/8AzGUWMZ9PtxjO/ubjnn3dHmQgbBXTD+LnHXD+IKaBUSxPa15XQjnMbtrTQDNTTel0DmsauMPboEg17UuNBIL7U1QBdACVfwAIALsQBRmb+F1QWFQBQgBtU8gL2idBNUA+66PaCS7iyLqE0AigqL4NFBLNpcf6tAMe3ppjLjx98y11+XRN7ugc+XinLrxlO1cefhuHBn7899Ho5eLLLVwurP8Adwy9Nyct9vLl+3bKytcEt9HJ8zo1wcd/sl4s+9dZhMZMce0XSm3j4uS+nx/T5MN4ztXbh5cOXLeOHt15dbJe8JjJek0aNvNnZh6+ZZdJce71Sy9rtjl4seWayjWOPsx9sCuPrZb6e6Y4pzzix9tlmnpym8bje1ebHj5uKXHC7gsq+m4s8f1Jn09zPHZxbw5MPPd34vfMb77uuefNcsLjlxbuuiDrnx45cF6bmujh6Lhw/SmcnXem+CZT01xyl3U9Hnjjx3C3rL2Uelwudnqph4sdd3bhnf8AjcPwVIvLz/p8vs13T+02WTOWS+U5v+cw3HT1U93BldToiutykm70jE58LlqVMLP7Lhc70scOW8H6eXtnWTwpp65f9Gtz5efj5rPSTO+J0Zw4eXkw99z17uxtNPTlZMd3sY5TLHePZw5uPP8AQs93adU9JeT2SXXs8GzTrx55ZW7mtMcnP7cvbjPdfOmuPl91z1OuLzcPPP7Tn7se4ae2dZKsJdyVVRFAENKASaAAEAUQBRABQAABAAAAFRQAAQUBEqoioTuLO4OkCKIzGkiqJcZbvRZ0UQePLCzLyYb987vRnn+6yRMLN6s1UaXk/i5S2Xe3o0ntnwqOM5Kv6lmWq6XjlnZm8coJOX5anJi5Xi9stnVmYWyUHpuWpsmcrlnL7ZrbGspZrsD07Rzzyss1WJy5dQ07rpx/UanJAbsQmUy7KIlRRRmql7IDSBrYqV8r63zTj/s/HL1uW31bPh8P69hnlz8GeM6Y90pHt9VLfTY5fd4Xu577vRY35eFiu2CVmtXsyy6M5dngkueeXXtXuznSvH6fX6+c+6wP0uSXpqxLc8Z1le6TS62bHgnLZ321Ofx1j13jxviMZenwvg3BxnNPlv8AUnjTOXpJ3xumL6bPHtdnodvftr3vLePkx6dT3Zy9ZTQ9fu+6zOvHOa/Df60+U4m3q99a97yzmlrUzl8pxNvTM41M/ivNMovu+5xHqmd+zXv+Y8kzamd+U0r0zLG+eq/teeZr74mh39sS4bc5nu9NtTP7gl44fpte/rF90oON49VP0479F1KbHk/T1eh7a9Xsiexdjy6yhuzxt6bxxm8ajz2y9LIzePC9LjHovGzeO+FHnvp8N9NsX0+XjJ6f075qas2bHmuHJilyynd6p90urZuGx5f1uuq1OSO148b4iXgxvboDnM5Vl6rfTZeMun3YvFySzU2DY5X34+N/J+ps0OpHOZte6U0NrtzmSy9U0rasb0uwaVnfRUChsARagG0PwaBKLpNAbXe00A1raaJWu4MydVa10QVNGmrE0iM2MSa7u2oXWtLsctDVmkBNqz120AnRdGgEUAqaNn5BBNm1QQ30Te6Cm2TaigbA0ioAAD9fhzSRnPk242XfROrXKuTeOXV9D0nNq6fNxvV6uDplNt45JX2JdzcZ5MvbjtOHLfHF5Mfdjp2Zc+PkuWWrdu7nx8Ux6+XQAAAAAAAAAYz5Jh3ScuFlvu7A6OHqOLLkm8fHh1xzxy/jdtA+PySzKyvB6u9Z+H3/AFHppyzc6ZPi+u48sMtZTWnLKaaj5uWV32fT485eOWXx1fLz7/PV6cLZjGJfTdjvnlu93O5JvoxazSRcuscc8e9buTGeXRlp4fU9q8Gd1O76Hqe10+fnWsRxyrnWsujNdYjNRUaAAAAFkan4SNRGhMuy+Uy7A4Za9yxMp1axaY/WlRpGhYioqqkVFCnhaDKVSqOWSNZMxWKAKIAIAAAAIAirEaFgAigALGozGoiqxk3WM1hXCt4MXu1h2VznboIqNtR0jni6Y1K1Hfi7x6Hm4u70zxtyyUVBhVAA8iiose76Rderv3jwvd9K/wCaxWMZ9Pt66sZ93TtXPk7x0eZlYiwB1x7OVrpx/wAZQbipFEDyiiKrMqg0JKu9qJVieWtAIAAAGk00AmkuO1AZuJ7W4gMaXTVNAyjej2gwN+1PaDItlPaCG10SABqmgAKCKbANCoKWougEKrN7qirJIkVAvVNKgq9GWk0CKACbUgIGlBCxQDbH6WHu92urYA5Z8UvNjn5jqA5cnHcufDkmui82Pu4spOu3QTS7ebk48r6PCeZ3ifqceXFcZx/ukerSezHfaGjby8OFz9BZrrNu3p+TG8OM7WdHXDGYzUmo55+nwytvYXa8vXhz18J6PrwYt4ccx47jPhz4ePPiy17v2/AJ6W/3nJ+WOLGf2rkmpW+Ljyx5c7e1phjcfU5WTpZ3B37QBWRUAUEBUFBAAVFgDKw0AoigAAgKCAoAIAoAAAM1pKioTuE7wHWBARI0nlVEFQHD2+7ky6lwuOeF33asuOVynXabyzyx3NSIrpll7Ykzl8rnPdHK8dnWA6e+ba6V57MtVZcsZOtDTsakjjOTLqe65dw069F1K8+WVx7V2wu8Z8gtxl7xP0sb9mwTbleKS9Kn6ddQXbnjhZdumlFREVKCWJIpEDRpQVmvL6/U9Lnlnrtqbeuvj/8AiPK4+k45jdS5dQdr+76fj+Hj8Pbxz3fTJ98Xi7MOuCZdmPLdZrLo55eXj9N/zPJHsvd4+Hp63NR7yBWVVBQQs+FEE18M3GXvJWxRyy4ML3xc8vTYX7PUml2PHfS6n7b0Yvp+THrL0e/Se2Gx8/28uPWy2HvyneV9C4xm8eN/yxdo8U5a3OXdd8vT4W9I530st6dIehP1J4rUzc76XKdsmf0eSfK6g9EyaleT+8xvan6lk3Tiu3rmdl1tuZvFOabk6uk5Z5TibeqcjUz+7yTklamUTibeuZ/dZyfLyzNbyanSmh6vfF3K8s5L/Rqcm6zoeiyFxcZm1OT+oN3Bm4TrddV/U+S8k+BXOcZeN1lx13XUB5rxp+nXquKe2G0eX25TvtLLHpuKXBdjzX7xLjhemo9FwnmMXi+IbHC8OF+zF9Pdftr0/ps3HKeV2PLeLOdrGdZy9uj2as76S9usi7V5ZnfMP1HpuOOWpZpi8WF+wOczny17kvppv9tS8Oc7XZobmXw1Mp5cLM8e8p77LqxNG3fexxmbX6hob0rPvi+7aaVfAdKoMpppEBqVmaUGhJWkVABFSgCXqzpqnkE1NJovcgIbVFBLQoJ3LFATRr4Wpb0VGL3ZW1FD8AKGxFQLQ8G1BU2IP1up5a5McNzXwzle7lbdrHJfb1duGW1yl+Xf091k3jPZX1PT4+3Dd8t3funwcfXCNu7ACAoAAAAACWyTdVjLD3970Bw5b+plNdvCX0t9u5lrL4emYzHtGgfK9+fHlvdlj18Hq5nfbn0vy5es4tcly8V4t2XoxvSvtvl/Vvbn7ZO87tcXqOT263vTyeq5Lbd/CZUj5fJjccuz044S4xz5Otn5euYySa0xpvbz3Gz5ZuNeuSaLjilht4MpY5Zfd7OTj1vTy8ksc7Go8XqL3fP5O76HqOkeDkaxVwy+/hjo1l30y7QZRaioKgACgsajE+7fhFIXsF7CuF7mJn/IxaY/XSLWYqNKsSeVRWhFiKugARKqUHPJlrJlpimxdIoIqCCKAAAgALFSNQABFNkJ2AWNRmNRFWsZN1jIhXDLu1gzl3awac526AI21G54YjcqVp34/wCUemdo8vH3eqdo5ZLBZAjCgbFAAFe76XjcvUfePDHv+k/83q3wsYz6fb8s5922OTu6PIwooqOmE/ax8uuH8RCXS7Jju9VmIILMerWpREkUXQGjQKAaJAWIqIAEBQFAACAIAoqgCAAIHQANQBRNQ1BUE9qe3TQoz7U7NmhXM03o0DmN+2bTKagOdy1SdeqzDfVbjoQCY1dAimkBRAUAAAANIoCoAAAAAKIC0AFAAQAE8tAIACmgAQAFgAAgKABoADQAAAICgigAIQFAAAAS91S9wQncPKK6zsqRREndUndVQKArhnnZnqGPJ7cpL12tkvLdpnhjJLJ12iuyJl/HccZyXd+Ad9J7Z8Od5pr7umOcymwS8cZ/Smuizl3tceSUHPLi6fdvCajfdBCAKCoAogAibEAnYIKoIBXzvrXFOT0eV7+2bfRcPVyX0nLub/ao8nov3/TOuv49HjnZ7Pp3X6bfxXjn27MV0wKxW6xWHZjWtvFx9PW17q8M3/br+Fg+hA8jImuqnkAA0ABoBUUEUAAPIBoUGdGmgGLjNdWbw4XvHXQux5svS4W70xfS/FezRqLtHgvp88e3WM3DPHW5X0LEuMvddj5/uynfafqbvl77x43ppm8GPwu4PJ+t4jePJ93TL0uO9zpWMvTXxT0NfqTxeqzO67uN4eSeP9Gf34+E1B6vf0anI8fvyl6ytfrddbOJt65yNTkeT9X7tfqJxXb1zk15anJ+HjnIfrTek4m3tmcq+6PHOWfLU5dpxHr3E1L+HCZtTkvyaHT2yp7GffWpyAzeNm8f2dLnNLuA4Xj+3Rj2eXoys1WOP926DjcbOyar03DqnsXY89tvebZsxt6x6bgzcPsbHm/TxZvDN9LXovH06M3jsNjz3jynbqn753j0WVOvwquPvsvZZyOnTruMXDC67gv6k13PcxeGd5azePOdk0bdtrtx/fj9z33erE0O+NaYw3cdt9mVCrtBRKuksAgIIlgqUBF0igioAACM5XpWnLly1FiJvom+rl7/ALnu6N6R12bc/f1ml933XQ2Ofua925f+6aGtnXTOz3Q0NjOzaK/eZ+mnt3Hm/Rm9PRfVftsrh+rt1unGbd8PSYXjmr1c/wBK4ZdmuLm8PR7pljvyiOvpcv2ar0PNw9NvRjdxvHLfpFAbAAAAAAAGcrqWguWUxm7dQxymU3Lt4ubluV14Y4+XLjvSpKPT6qbwj53Jj1e72cnN1vZjl9LlJuXbNivJw7mccPqOMw5dT429MxuOTyfUM/fyTx0c8qseDLL92t66vRMr5ebLvPy7xlt2metbpcvhzkaNiZ3u8+c3HappJN1Xy/VamNteDk8/D9Z6j6dxc30fHm9uuSdb9+r8v6jH2Zak6abuPGku3iy147st5zWmPDUVGVvkaRNCoAACxvwzGoiwKFFcc+6ReTukaYbjUZiosVYkWRGmtgIoonkEK1tmg55MtZd2WmaqVUqolFSiAAAACKgKsZjYACKWE7hAWNRluIpWK3WMlK4Xu1h3TLuuHdXOdugCNtRuMRuJVduN68e0eTjeqdnLJqNCDCgKoihoDT3fS/8Ampd9dPD3r3fTJv1M+ZFjGfT7srGfdu92eTvHR5GFiKKadsJJi5OmH8RG12gC7XsysqouxAFAAt6LKzVx7AqAgAbBRFUBQAAAKIoAAAICoAAogoggAKIooVBRL0O7QIJpakA0aWCCaNKAmk9rWiwVj2mmlUc9HVsBzG/aaBjR2b9qaBkW409tgILoBA0AKigAAbCKCCgIKgKgznl7YDQ81566Yc0yuja6dVRRBFNIAAAACoqglVAAAAoBoqgIKgAoCJWmaCCiK6TsqTsoieVTyKio58+dww90Xjz9+MqKmc31nSsTG5WbvQ5LvPXgwvtyvwK7a6Of6UdJeiTKXsDleLrbFwxynd1A243e706M55Teuz0aS4Y3wG0wsuM00TGTsCIVUUQ1VANCoCVFRFCKkBQFErz+u/5Hn6/5XorwfV+TLD6fnMJ1vcHL6Rlv6Zr7d3mvw7/Qbv6fZ+XHL+VnxWK6YM1mt1isOzNeDLp67Dxt768HPuerwWI+hj1DHtFZVFACCLAA2oIaaNAiNAM6GhRBdGhEFBUFKABoEUBDQAJosUBn2pcd9LOjYDjeLH4YvBhfD0ppdjyZemni6YvBnO3V7rNpcV5D52fHySdJWJjlL13t9O47S4S+IvIeCZe1qcnh6v0sb46s30+N+xuI5Tlm2v1Evpr/AJbP6s/o5b6bX0rrM1mbz3DOeKm8omober3nveaZ0nJ904m3fLK6qcfLcK5Tknmr7pTS7evHmmX2a98eOabmXTqzYPV7p/UrzyzX3amaaHaybZuLH6mlnJ060FuLFwb98X3RPY43jnlm8fw9G5UuJsea8d8M2ZT5er2pcYbHl6rLL3jvcOm2Lj17LtUxiw7KiiKiKB5BENACAAFEoJe1+UUUQKlBm3by8+VtuvD053UfP5OT91dMIza1vp1NuPvJldOumdu2+pLezl7rCZmjbtvrF3pxmazNNLt1mS7cvftZmaNunua9zj7undfcmjb9peXdJk4b23hkztnT2+nx92UfU4uGTDrOtfK9NlvJ9jjtuE27STTFSYTGdGsWk0nH3tFAbAAAAAABnk/hWkym8bEHzc+7XHjcspPLp7PdZPL0cXDjh1/zJIOkmpoUaHKcOMyt10+Hyvq3D7eT3SdLH2nh+pYe7DGsZT0sr87Z+6O8x6JyY65Jqd69nFxy9I5zFu158cLejpOLUeqcOq6eyfC8U2+dlhfhz6Te+j6WfFLHi5sPbvozrjVle/PeP0THz0/+X5T1nHvK2Pq31+fF6PL0+XXDfS/D5PNlLvVat3SenzOSav2cq9PNJuvNVjSIqVoEXaAKIDUjTLSLAVKK48k6pGuTszGmK3FTFpFgsRYjTRs8CKbWngBEqpQYyYbyYaZqh4FREqpRAVAVABBUBWozGhQBANigRqMtRFVjLs2xl2pCuOXcw7mXcw7tuX66wFZdFblc25+Equ/F3eufxePj8PXjf2uWTUWobVlQTagoAE7vf9J/5z+jwR7vpN16zaxjPp96MZ92mM+7o8iACq3x/wAXN1w/iI0qRVQWAAAAqAKb1pC63oFElAUAFA2CmwAEICgAAIAGwAFAKAihQE6rpdIIaVACGgUCAgACKAACgCIqoCioKCCgJtU0SddgqaNmwEUBE00mkE0aakNVRnR7WtKDGkbQGVXRoERvSe0GXD1Fsemxx5uO5YpVjx7XG2WVLjVxnVl0e3ju8Ja3GOLHWMbjTnSgCAQAVAFAUAAAAAAAARQBBQEKqUEARXTHsrOPZoRny0nkUTPCZ46qY4+2ajWxBx5Jcbb8sWzXV3z1r9zlPZbO4rWE/Yksxm/Lrroz7IDnOSr+p16tfpTwn6QH6kndvHOW6crw7svwuOFmWwdgFRBUBDS6AQVAE0sASpGqzoVQQCvN63Ccnp8sLO8ehnL4sB8r6FjePh5OO95aznNZ5fl6fQ4+31XNjPnbz8vTlynxWa3h251iulc65u6V4PVbnqeOz5e+vB6z/G4/jaxHvx6yKnH1wn4aRUFEEWQaxm/uDPtq6r63F6GZ8OOWt7TP6f8AZNj5Wl09+XoMp2nRzy9HnFHk0O99PnP8rF47L1lVHPQ1cdFgJpNNaFGdGmgGdGlATQ1o0DIujQIjWk0AGjQILo0gieV0KAAIaFBNGlAZs2nt6NAMWM3jjqGxwvDje8Yy9PL2emobHkvp732xeHOW9q92k19l2PBZnNSynuyle64S7Y/Slv8AGGx5f1L91nL93e8GOnO+n+DcEnI172P0LO3VzuGWJoej3/dfft5p7tdj35T7Gh6pn4WZ3p17PLOT/Vf1GbFeuZ35a97zY59XTfT8podPdKzWePer8bWoqVFQUF0iKiiCCKAlqL4QBFFEDRQRm9mmaI5cm/b3fNzvW/l9LOb6bfN5emeX2rvgxkw1L1Zand0ZauN+EuN+Hq48JcJfLV45fDHJrTwq9f6OPxEvBF5Jp5dnudrwp+j9l3BzmWj31vLirF47rfg3B+yalYWWPO09fBnqx9j0vNM8NeXwcMtdnt9P6i42OuOTNj7Q58XJOTHcdHZzAAAAAAAABnLG2zrpZ0BnHCTK1sSAoADyev8A4Y/mvW8fr/4Ypl0Pj5YS8knbq9WP7Lp5OW6zn5dJlu7vdzae2ZytbefCu07LtGr1jy+pk9l29Lh6iftoPF9Q+nTL0HH6jjz6X+UfnuS6vw/T+p5OTj+m8fFlhqW7l8WPznqcZ7qxe248XJd+Hny3b1/0d+SOGXfs1GkqaXY0MioAKgNRdo1EWG1BFcuRzjpn2c41Gb26YtMytbFFiKitRUIiqeAQQoVRzzYbyZajNQVFQBBAAFQAQKAsajMaFAEAAGo1GY0ilYy8t1jIhXHIw7mXcw/k25frqAy6LG8WI3ilWOuD1YfxeXHe3r4/4ueTUaA7OamgFDYLqgR7fpn/ADcrxx7fpc/4r+ixjPp95zznWOnbsxm6PKzoAB14/wCLk68f8VRtUAVAEFAFAASYze1AKFAFQAUABFgKzjvd328KsQAAF0gCpoAJBRRBYoInVTQAoggqAAAhVQDQqaAAATyuliiAIoGgA0ChoAEhVTygkl8l2oonXyoAAIEaZNgoChoBAXSGwDQoJo1NaFByz4cbezOHDJesdl0aXbMxX26UEZ0aaQGdGm9GgZ0aa0AwN6T2gyN6T2qMjWk6gigACAaFQAABKqZCoBpBvHsqY9lETyqXuqgADlzfu1J8s3HL29m852qXknt1UVvC/tm190Y4+mEYz92+gO+58jzzc8n6lnbqGnew05TktslXk5NdIGnRXKZ+2brUzlDTSs+6U3AXYk1V2qAbATQqAIqbFEVARm9W6xf2y34iDx+ms/8AMeaSvP6j/mM/y4/Rua8v1DnuV75O/qv+Yz/KVvDtxrGTo55Obs52vH66fuws+XqysleT13bDKfLUHv4+uGP4a8McX+Hj+HRmqAukDTeGLMj0cGO8pruutpa+p6f1OeHDjP0c7jP80nR2x9ZxZd9437x7uPGYceOM8TS5YY5fyxl/MdvixY5PJjy8WfbLFr2YZdtV0y9JwZ9+PH+nRzvoOP8AyZ54X7VPhn5TkzfTYXw55ejxvw6f2Xnx/hz7/wDdE9vq8PGGc+zPxVeTz5+gxvhwz+nbvSPf+ty4/wCJwZ/0myer4+2UuN+LGeGUXb5eXoMo5Zejyn3fbx5uHLtlG/bhl8Hs2/OZenzl7MXjyneV+kvp8MvEc8vR4XwbH564VLH3M/QS+HHP6f8AY2r5OjT6GXoMvDll6PKeF2PJpOz0Zenzl7MXjyneA5Gm7jZ4TVBnRpVsBjQ0mkE0NIozrqaaQGdEa0IMmmtJoEFsTQILoBEUBEVEFQBUTTSAzr4S4y92gRj2Rm8Uvh10htXC8GN3qaZvp/8A8r06Sz+psebHiyxst8fDtj1l+FsO0Aw86WphvdWxBkUZaiaRraCoingEAEQVAQRVEUTewRmtVmrEcsnzufpyXrt9HKbeD1U/vHXBjJxjePdhvHs61mPbw9cfs66cvT39ldo4Xt0jPtLGu2038JtWdJ7W00u0Y9qeyf0dDRsfoCAyNY10wunONQR7eHnywu5a+jwesxzkmfSvjSu/HbLNO2NrNj7ku5uK8XBnnlJJ/V7Jdx1c1Es3HHeWGetg7iTsoAAAAAAAADyev/hj+XreL6hl0kZy6Hxeb+U/LW05uuaWuVbj0cfJrpXecuo8MvVv3dCU09szmU6OfNd41w4s+uttcuf7bpqZJp7vWccz+l4S+Mcdf6Px/qsPbb+X6nl9XhfpfHLf3Xpq/Z+b9V1tt+UuUyvpY+VyOGT08s+HnyI2wip5bEqiAAA1FSNIsVF8J4Rpzz7Vzjrn2co1GK6RYzGoEVYio00sZaiKoioJpKqVRzyZbyYaZqCoqCLsEQoAAAIoBI0kUUAQFiANNRlqIpWMnSueRCuOXdMf5LkmPdty/XYRWXRY6SOcdMUqx0x8fD1cX8Xlxeni7OeTTpFBzUAADQouL3fSuvrJ948Ph7fpn/OYLGM+n3mM2/LGfd0eRjqoCjtx9nJ0w7A2qKqAKIgKAAAAAAAqAKioCgsA0qCAolUECVBRQBFFAPKgCLAAAEVEEFQAq+U11BU2oCHlUUUABFEUQ2AAqiCp3QDR2AQU0CbO7SKIKIJ5UADaLAAUA0igCgJo0oCKgCooCCmgIAABoAAFRYAi6EBdJpQE0mlFE0mmhBj2mq2AxpK6M5iuaiCt49mkw7KrKUWgCaUBjOzGbrl7peunTmm8dMfp2462iukssXTnxTWJcrsHT2z4T2QnJNdWplKDH6c3tM+P3a10dNmwcs+O3HXw5+yy6elOgbefV10Wyx31DUF288yyxJyZV3uMrP6cDbE5FnJ101eOH6cEa3sq6RRnaba0muoCrEBHLnsx4srfh2c88ZlNVB+f+iW4/UeWZdN17vVzXqMvu7foYcfqseTDH2293P1s/v8AaVrDt5655eXRzyYd3l58vbXm9Xlvil35dPV3V76eXkzmXHqtyektfV9P/hY11cPR5TLgnzHojnViNRFiKuL1+ln75+Xmxer0vTOfLUZr9Lj1xl+ys4fwx/EaeqOQAAAAzcZe8l/LQDjl6bhy78eP+mnO+h4u+Puxv2r1AbeS+k5Mf4c9/GUZuHqsf+jP+untE1L+Lt4v1ebH+XBlfx1WeqwnTPHLH8x7Esl7s3DE2885+HP/ADz+q+zjy7areXBxZd+PG/0c76Li3vH3Y/jJn44uy+mws7OWXosK6f2Xkx/hz5T89U9nqsf82GSfHV28+f0+WdI4Z/T/AIj6H6nPj/Lh395Wb6nGdM8M8fzGbhkbfLy9BfDjl6TKPtT1HFl/mk/LX93l5iasa2/P30+c7xi8eU8Xq/Q3gwviMZekwtTY/P3G/CWX4fcz9Dje0cc/p/xF2Pk6pp9DL0FnZxy9HlL0B5DTvl6fPHxWLxZTvActDdws8JcaDGjXVrQKxpGiwGUaEGUaQERpKgiKAiKgCWqiKJsANM1pm9wZ47++6dL1c8JrOuiDNTasyau0ajSM3e/suwBNgqosSiCfdUtArLSVRPuKgIzerVZqo55PD6qWZbe/L7vF6zHtf+zrh2zXlbxYajrWHt9Nf23x8PQ8vpr0eqdnDLt0jOXY7Saas3Ge7KpaQ11NVUXfU2z3P6g/QxYnlYgrXlmNwiN4R6eObrhxx7/ScXuyjvhGbXu9Nh7OPs63vsk1NRXRzZyzmOtlkyhnjM5qrjj7cdAYzU0oAAAAAAADN3toB8/6l3x/D6DwfUfH4Zo+Py9c4WaXKS8uMvy7cvFrw52NvPWp2Jjuus4uk+WVc2OTksxdrjY8vNe6X0PR6vPg5PpfDnx5ScmPSzy+Bzcls7PRz8uWOPSvDyZbST2sjjyXdtrz115LtyrpFYvdF7o0CbBRUAGp2ajMaiNL0BEGeRxnd2z7OMajNbjTMaCKsRYjSxqJFRVEi+EESqijnmy3mw1GagqKioAJRUogACKICzu1tIqKAAKgDUajManZFWsZdmqxkQrjkmPdckndty/XaCTsrLpFjpi5x0iVY3j0erh7PLi9PDXPJp1VBzVRFAEVRdvb9K6+rnV4dvb9Lv8AxknzFjGfT7971jk7xrs553rHR5BUiijrx39ri68f8RHQQUUAQUAAAAAEVQQVAFNKCKAAqApoQAk1pQEFpoANAKIAoCAigCLUAIUgAAFrMu99GgAEBQFBAFVFARQBAUBNKgKaPIgJ3UBNHRazrqCmxKBViaWAGlAXQgClAE0qgIaXSACgIKgKIoAAAAAAAKCCoACAoAIqKCM5xpMuwrmAK1j2bZxaVlKQpAVFAYzx90Y91k7OyWA58csx6pnhb2dNCK4fp2eE/di9Ce0NvP7rvue/O7d/ZNnsiG2ZlfZvyzjleu3T2TWkmEm1GZyydCcsq/p92LxUV0981smcrnlx3RhhrKXyI7AKAAGkVL3ARUtArhy80wzmMn5dtvHyW5Z5dKlWN82W7h968/runNPwnNnZhx2TpMuq+s/dcL9mWsZ7eWsZOlc82XZ836hfbJZJXzbnbX0fqH8Ldb+z5tm3XHpivo/Scr+tl37PqvkfSdT1GuvZ9eVzy7ahI1IixhprF6vTd9vNi9PB0yajNfo+P/Dx/Ebc+G74cPw6PTHIAUAAAAAAAAAAAAAAE0oDGXFx5fywxv8ARxvouG3cln4r0gPJfR2fw5cp+eqfoepx7cmOX5mnsE1F3Xi36jGfu4pfxUvPlj/Pizn9HuGeGNXbxT1HFelur92vdx5eca9OXHhl/LGX8xyy9Jw5f5Nfjonxw5OV4ePL4Yy9LhfDrfRYyfszzx/rtn+zc+P8eaX8xn46vJ58vQ434ccvQfEe24epx/y45fip+ty4/wA+HKfibThku3zcvQa3pxy9HnPG31/7Txf5un5jUz4svMZssXb4OXpsp3x0xeLKeK/QXj47PDGXpsLrpKmx+fuNnis2Xb72Xosb4cM/QSJtXx2a+pn9P+J0cMvQ5S+TY8SPTl6TP4crw5TfS7hsc0bywyl7VnX5BEXSIp0SiXqAaVKBpm92qlBmdK1WZ0zbqDCLe6I1ACgiWKCs6vybUETrSfdTuCdWd1pAQVLFESqlEYrx+rl1MtvZl3eX1U3hdumHbNeHy1OjLWL0MPV6fu9c7PH6e/ue2To8+fbpDuAwqaF0lBNGlFH3VgsGVjUZk6umM6rB0451j63osNTb5vDju6j7Hp8fbxzb0Y9Oddkt1Nq5c3aNMt45TKbjTnxY6x38ugAAAAAAAAAMzL5nUHHPm1n9nl+ocksws+Or0cnHlbuTo+f9Rlx1Plzyqx4ffP1cenl7eXKX+j53u/vJv5evK9XO5NMXvuOvFlem3K1rDLokqut08nqJ+26drk4c2U0lo8PrOKTgwy7W9/u+RyXr936H6twYY+k4OXC7mU667Pz/AC99mLThk5+HTK9nO3q6wZRaiiUUUQFgLGozGojSgIMZ9q4u2XZx8tRmt4tMxoINb6JFRVbnZhqI0p/QEBmtVLFHPNhvNzrTNVDaqiAgiiAAACKAsVIqKIqUFiosBY1GY1OyKXsxk6VzyIVxyTyuTLbl+u07Kk7RWXSLG4xK3EV0xenh615sej0cPfbGTTsLUclAAAIqK9n0zU9Zh93jj1/Ttf2zBYzl0/QZd3PPxXXLvWM/Do8jJtAVXXi/i4uvH/GCOghFRe8UAUAAAAAFBQQUAAAAABQRRAVBQQUAAAVIoBsEAVAEVADQoIoAgAAqAAKCKIoAAgsUAUGdKpoEgKCVJVEBNKoIze7aaA0KAJVARYGgNCgIoAAKACAaAAUBAAAABQEFQAAAEUBQA2AImXZpnLsiuaoCtYtsYNqiU0VRE0aUBE6rQE2u1AZFNAgaNAKmqnUF0HUQNJpRVA2AiwAGcmqzvYHdGkoM1mYSXrGhB5efhllm+9cPV8fs9nXvHu5JqPL63rhgzW8b7eJzzdGM+zLs+d66S4WWPldfL6/rf8O/D5Nv7q7Y9MV6/plk9TjH2pOr4n0+/wDFcf8Ao+59nPPtrFViaWMNN4vR6f8Ak88d+Hu1Ga/Remu/T4fh1cfS/wDL4fh2eidOQAoAAAAAAAAAAAAAAAAAAAAAAAAAAAAzcccu8l/Mc8vS8OXfjx/p0dgHmvouL/Lc8fxkxfR5z+HNf/3R7E2i7rw3h9Vj29uf9dOXJ6jk4Jvm47jN99bj6XunzHk+pXH+y3er16MXHBqWvNj6/ive/wCrc9Rw5+Z/q+P/AHe+snX7Ht4723HmuLb7Xt4st9YzeDDL4fGnuxv7eTL/AFdMeb1Mv7M/dfhnVH0cvRYXxK45/T55jj/bPVY692Pu/DeP1LPr7+PJN1XPP6f38OOfoMtV7cfqfFe81/R0vqJljvGd4cqPh83BeKdXGTU7vb6zK557vh47Gwh8BVErNaZoJv8AdJ8t1yv+Jj8utQYrF7ulc73FU3tIs0igUFQv2ARFKgKlVARPDWigwjVidlGMuzzc8/u7XprjzT9mX4bx7Zr5pC9x6HN6OHL92Nr3x87iuspp9GWWdHHPt0gvg8kc1Qpe6ACoo++eRYMrHXCdWI64Tq3jEr1emxvunl9fHpjPDxehw67vh7nojnRjPG3TYIzhemmgAS3U2rOc3jQc/wBXd6dnZ4ctyvVxZe7Hr4B0AABnLsDQ45clx8OmFtx3U2NPm/VsdzC6e3k5Zh08vm+v5bnMfwxnfxY+RZrkl+K9HurlrfJJ5tdMsdOVjZvqsyc+sNsWK3lk4ct6N5Xo48l6aRXk9TyWYY473j8Pn8uW3t9VdY4vncnfu3irlmxW7WK6wZvcEVBFqKKRPwsBViNRGlAQYy7OPl3ycL/KtRmtxpmNBFVFiNLFiKiqqLpAqUp3Uc8nOumcc61GaAKgioIAAFAEpABqKmKooHkAWIoNRpmNI0MZdmmMuxErjky1l3Zbcq7Y9lTHsrLcWN4sxqI1G8e708LzYvTxd2K1HYU05KB5ANdCLtAHr+m/85jOjyPV9N1/beNqMZdP0Pes8nhr26tTPtHR5WN9QATTpx9mG+PsDaooiqkVQVARQUAABUAUAFRQBFARQAFQAAA0oCGl0AngNmwC3VWKCItRAEUBUAIUABQEAFANAAABoUFQAFQFBAVBQRQRAAUNKgAAKaIACGwUCApoTYAAAiqACBtUAUTagAAgAKhtFFAARQENqAAAM59mmcuwrmAitYOjnheraoVN9FvZNdBGJ81ffC4J+nRT39W5lKx7EwwsyB1DYIIVYBpnXw0AguoagILr4AQNgM00oKaRpASsrnLcdTua1jAVL3XwaBmx5+XK/qal8PS55ccuW0WPLycmeOEvS9WPU5bwxd+Xh/bqXy8/qOO48cy+7NbnbzOeUdGMmXV4fWT+7v8A2fHve/l9v1c3x18W/wAr+XbHpjJ39Df+Iw/L70fA9J058L8V+gc/J21isWJGow0sd+L+UcY7cXeNRmvv+iu/T4vQ83of+Xn5el6J05ACgAAAAAAAAAAAAAAAAAAAAAAAAAAAAACXs8HLz5ebp76+Ly5W5XaZdNYu/Fy33d2fW5/8PbfFefjy1lGvV5+702X2eG/Z1fM3uzXnxGc942zy1L7M5ZPPZnO3LPLK+bvo6DFt27+lytz61wsdPT9Mp+Wb0PpSuvDjjcr7pL0+HGR34emX205Y32Pgety9vrcsZL1vaPqY3eM+8j5f1P8AZ6/fzH08P8PD8OucR5fUTva8l7vb6h473IrNFRRGcm2bEGbOsvltPhoHO92L3dMu7nl3FgbZ6/IitiRRUFTWhCooCKgACAVmtaSgxXHlm8a71yy8t4s18vL+VSNcnTO6ZemObrhZHt4+TWM7vn435evD+O9sZRqV395+pHJIxxXbt74vujjdpe6aXb0bnU3HCWabxyTRt+kisxqCN4x345uxxx8PTwzdmnXBmvq+lx9vFv5d3PhmuLGOjq5gAAAAAOGfDbenZrD+7x1k6uPPhcpuIOuOUym4ry+nz9uXtvl3zzmJsbEl3NxVE1PheyW6YvLjLpNjHqOO5TePd8v1uNxwlfa7vF9S4peDc+ezGc/Vj4ON1z4W/L2Z4XObjye2f2nGXtt77jlhPdjd4szpp5MsLIxXfOxxrnWoxXLlt07Vx5e1YV4PVyyY78vn8nd9H1nWY/h87kk30bxVxrNayZrrEZqXsv8A3RQRRRFRQVYjURpZAEGcnHL+TvXDL+TUSrj0bYjQkaVFRpYrLSKsaZxvXTSCVFrKjOTnXTJzajNRUFQRQRDsAAAIQUFipFRQABYig1GmY0jRXPJ0rnkRK43yy1ky25OuHZpMOypW4sjcYjcZrTePd6eLu82Hd6OG9e7Faei9Ki0clABQAQ09foOnq+L8vLHq9B/zeDUZy6fo7/KufJ4dL3Y5PDo8jCaUBHTjnSst8c6UGhrSaERRVQBQFAAAFEUCKigAAAAAAqCwAAAAANgJ5XR5SgoggAAigAAAqaAVAARQUFFEovcABUEF0mlANAAKCCgCKIAABoAEUAAURTQAqKgMtIAKAgKCAAAAAAAAAAIoAAoAAAAAAJl2EyvQHM0bVGlx7tsY921QIUgiggKhbpx99yvfUFdhzwz/AHatdOwhoNqCCoAFAFQA1EuM8VQE1okUFEqoCFC9gEVANGljly5ask8oqZWXcjh6rr6f8Vccvb77k8+Wfu4r83szWpPbzJk0zWXZ5PWf4dr4eU61+g58d8eXXtHwMprKy+K64VnJ19Lf77H8v0M8PznB05Mb936Odda7aZz7XFViRY5tNR24u8co68feNRmvu/T7/c6+71PH9Ov91l+Xsd8enOgDSAAAAAAAAAAAAAAAAAAAAAAAAAAAAAAJXwuX+Vn3r7tfA9Rf7zOfel+tbxZxvU58t8OX4Y8nJf2Xbx2e3SPFb8oVFCuvF/KObfH3jN6H0servw/4kcOPtHo4v5xynZX5/wCrz/jJ94+jxXfFh+I8P1ua5+O/Z7PT3fp8Lrw75/iOfqOzxV7vUdnhvdmCAKqM1qpUErXhm9mp2BmsVus0ajGk03pNIqdg0sARUEBUBOwqXsCCpQXwyd1sBisZfDdYyaiV8vmn95k5u3qZrkyri9U6cq1Or18V3hOjyR6eL+LOSx02bWTqm2FXwl7rOtLNQVGsbrpWdp5iUfqdNSJGozB0wnV7fScXuzn5eTjj6vocdTbvgxXrxmpJPCg2wAAAAAAAA8nJ+3Nzy5La9XNx+6bndx4uKZZ7vhjQ9HF0441tKmtnIZ5L0cPZll2en2b7tSSdiSjz8dz4s/blv21PqH+B/V35JLhdvN6vd9HfsZdK+Jf8bD8vTlfh5r/jY/l15JlMnPfppzy71nS27SOdajGUcOXs9WU6PNyzuyrw+s64Trdx87k7vo+q6zT52fTbeCuNYbyYdoiAAiLUUFRYCrEVGmggglcMu7vezjn/ACWJSNxiNxUiqhEaaixIsRVVF/7ICLUoM5dnK93XLs5VqM1FQVAoKIKCIACAA1FSdlRUUAFia6rAajTMaRpK55dnSsZESuOTLWTLbk64dm2MOzSVuK3iw3GWm8Xo4+8efF346xWnpCfxg5KKiwUAEWPV9Om/Wcc33eWPV6DU9Zx37qzl0/RaY5HS3rWOTtHV5HNQAb4u1Yb4+1B0EUQkWxIqhpUBAACKnZdgAAqpFAAAAAABRFAAAAAAAABAUEUqIFAAFQFRUABQTSgqgoBAEAAAAAAABQUARREAUARQEAABVEVDYCoAqKIACgACCgIAgBoUARBQgoAAAAAAAoIAAmXZUvYHIXyI0uM6ts4tqiEKQRQ0gJe1c8cJe7q55TXaixPbMc5pvk6xnDHrut2biDnM7i1OT7JeP4P0xV/U6te+MXjvdz/Tyk6hp23PlXnmOV7bby93tmu4adtxLXHH3ea1lbsTTobcP1LMtLMrsNO2xznJPdp0igAAl7KXsDKkUEc+TD3dZ3dBFeb9Dplvy8ufHceLLpdR9HLs8/LP7jNLFlfMqN1liu8c8sdy9ur5mf0+7uUvWvrac8uspLosfJ9PwzLnmGv43r0fak108Pnem6eszj6UXIirEWMjUdePu5R1w7tRK+z9Nv8Ad5T8Pc8H029Mo97vj050AaQAAAAAAAAAAAAAAAAAAAAAAAAAAAAABK+D6rpz8v8A7q+++L6vHXPyfk/K1i8cTO3TpqM5SV5bPbo8OXeo7ZcfWs/pgxHXhx3yYz7s/p3xHXhws5Mb93PJXvwjth0sZmNk6zTtxcVyzxl7eXOdlfB+vTXNxX8vR6T/AJbA/wDEfDl0yk/bjU9F19LhfD0Z9RmHqJvHperw5d3v5v4vBlOtYisipRUSqlURqdmWp2iDNZrdjNRYgA0zSdl0gHcVAAn5ARKpQROi1KIdEtDW1GbXPJ1sc8t6WJXz/VTXJvw871+snZ5Xpx6c6R34r4cI68fcpHoxu7os1Wcb17t5dnNolLeiSs5Xr3Bdk7s7J1smgfrZ3bnVI3hj1Zg7cWO7H1fTYXHC35eH0uG831pNTUeiTUc7SKCsghuTvQUZ90vloAAAABJJOygM5LFYvRi+rsbGMcttrMtjly5dNRx9V/ymTfLjffvw83rOT2+n9u+t/wCzjnasfHy6csd7dzq4Se7mwn3em8d3fBjuxpxsTq7Tj+WcsNJcVccnHk8/Ltk459nOxqPm+ou7Y+fyd+j38/8AKvDn026Yq4XTNay7suqJUWsgqVUUAUFisqitTorKyIq3s8+f8neuOf8AJYlMW2I2qRVQRpWpEk6tIG1RddOiKXsioDOU6OVdsnG92ozUAaQAoggAAgAANzsEEUCgDURZ3FWNJGoyM1jLs6Vzy7LCuOSLWW3GuuHZtjj7NJXSdNRYjUZadMXbDo4Yu2LFaen/ACRZ2STeE21HKqACioCNPR6Gf8Xx/nbzx6fp/wDznH0WM5dP0Vn7qzm1e7Oc6OryMUQBVxy1GQHX3xZnPlyBHaZRfc4KDtuLtx3TdUdhy91PffhB12rnM196o6Dn7198BsZ90WWAqs7XYKCbBRAFVAAAFAAAACoBOqooACAAoAAAaAA0igACoKKAAAgogAAoAAogCoqIKigJFQAFRQAAFQAFA0AAAAKgAAACAiiiAIKigIAAoKCaUARQEFARL2aSyaByUqIrU7tuePd00oEAQRQE8OFtuT0VympeosZxz1lp1t1NsZa3NLn/ABQalljTzzK4xZnlYGndLNzTl77pJnZetB1mMkXUYnJF98BdQslT3w902Cfp4p7I6IDnOPWW3Q2KKgbASzosvUBIVdIACW6As6OOf+Hn+HXe3O9cc59gfKs8JY3Wa5V6Yxpiz7ujOXaor5/D09dnH0o+bjuev/o+n2WoLBUGo6Yd3OdXTBqJX1vpl65T7Povm/Tb++/ePpO+PTnQBpAAAAAAAAAAAAAAAAAAAAAAAAAAAAAAB8f10/4jOPsPkfUOnqcvxF/KseTfVzyv7nRy5OleWujnn3PBSTqg6cWEzymNuo3xzXJOnTbnj0rrx9LGKr6Nm7Ho4ZqvPhZZNfD08feMTsvTyfX8Jl9N5LqdLHyPp/X0k/L7X1ub+mc39HxPpuv7Lr7u/k6ZxdeadHgzn7q+hzfxeDk/k5xtjSKAiXqqAzY1OyVcewFYreTN7I1GQBUS9WqgJO5pddRBkWooVNrUECADNFqKJaxl1jdZy7CPF6z+Ev3eN7vWTfHlqvDXpw6c8iOvFeunKOnH3jVSO2+redY9l8R0uO45NsY/1TJdfCZboF7JPkv3izGd9KP2GMduOdY5Y93o44YxK9/osOu3uef0mOuN6HZzoAIM5YzKdWgHLHisvd1AAAAAAAErNw35bEsGLhqbhhnMonLnccXk993uXqx1fSvdZK+X9UxuPt+K+heT2Se7u8P1Hkxzww6dNs56I+Twz/iuOfd9T2S3ffdfMw/b6rjv3fQx5dXV+Vx6arXJhqb/ANnkytte3Plxznbq8+cl8dVvtHkyxc88f238PZlhNV5eaal6uVjcr5HqO7wcs6voeq/lXh5Ospi08uTLWWma6wRFRUEoAKigoiorSobRSuPJ/J2rjyd1iUxbYxbipFioqNDUZjW0VVRUDZaICVxvd1yc61EqCKrKAVUQAAAEWADUCdhFDwAKsZjUFajTMaZVK55OjGSxK45MN5d2G3KunH2bY4+zolbhG4zGoy03i7YuOLtgxVenD+LTHH/FrbnWoqCxFCHYgjUer6f/AM7w/l5Y9PoP+d4vysZy6for3LNwv8qrq8bjZqo63GZOdlnTQqKaAA0oBoABQQ0KgLAADuAAooRdoAvup7qgg17l97CqN+9ZlHMB190PdHIB13F3HFeoOvdXKbh7qDornMqe8HQY/U+xMxG1ZmcWZQBWfM12a2BpPKpe10AJhdyb7tConlRAIQBQAAVRBdoAKgAKCCgIqCAKloAAKIAppFURQAAAAQAUEFARQUQFARUAAAAQAAAFAQ2CiACoAoigIqA50KgqzvHRznd0gFRUEUTa7A0zcJWtmwZnHJdrZtdmxWbxxPZPDYDE45EvHvs6Abcpx68pcK7CG3nmFaxn7nbRoNuOW5usTLKvTZGfbPgXbjMrFwzuV6uvtiTCTsIbU0KGjwAEVIAOfJ2bTKSg5408ZfeNe2bZx378p40D5eU1bIlbz/nWK5V6IyzWkvZGnzb0+oR9OR83m6euxvzH0p2WoqxFiK1G8WI6YtRK+n9O/wAWfh9R8r6df76fivqu2HTlQBtAAAAAAAAAAAAAAAAAAAAAAAAAAAAAAB8n6jP+I/8A2vrPmfUv8bH/ANv/AMqseBjN0rGUea9tuft3CYtb1NRMZvaKa6umM6pMdd3TGdnOq9vBP2SvVxzrHn4f4R6cPDE7SvP9Xm/Q80/9L4X0v/BznxX3/qd16Tlsm77H576Tv9PPb0Z/VMXr5Z+18/k/lX0OT+Lwcv8AKuLbn0RUUQoUEMQxAvZm9mqzeyLGRRGkF0dgZJ1KAiLRRAAP6JQBNooIzf8Admt1iqjz+pk/Ty6vnV9PnkuFfMs1dR6MOnPInd34P5y6cJ3d+KyZTw1eiPfjjNdj2xcP4y/Zp57XRyywxiezFvKbSTWzaM/pzXbaXjjoi7H6fHu9PDN1wxnV7PS425OuDFfT457cJG0nSJctOlunNoZxymTSgAAAAAAAAAADnnnrt3BOebweLKWbsejPO5Tq53LUvTvHOjheTLWrXl9XldR7ccPdl9k9f6fGel908VitR8aZ65Mb429WfLLejxWWcn9Xa9WdtOuPLry1+tt5xdmnqnLLNWaebmyll0z7q58mVu4zbtZHz/Vd68HK9/q7vLf2fP5FxaefLv0ZrV87ZrrERFRQRUABZ3BRFRVikVFSxy5Jqu3muPJ3WJUjcYjc7KkU0KjSrEWIrQkVBWWkBm9q43u7Xs5Zd2olRFRWQBUQUBAQAgQGwgigEAaiRYitSNJFRUrGTVZyWJXHLuy1WW3Kt8fd0cuPu66St4kbjMWMtOmLrg5R142Kr0cfatxniac61FEiooooix6PQdfV8f5eaR6vp3/O8X5WM5dP0V7ot70dXjIa2AJcInsjSgx+mn6d06AOfsp7a6w0Dl7aavw66UHGxHfSe2A5Dr7YntlUcx0/TP0wc/A6fp/dPZQZGvZfg9tBkauN+EkqCKAGgNKAKCKACiAqAAACgAvZN35AF91PdUASXKZ7nbTfvZAa96++MCK3M417o5AOu13HHqA7bNuUtX3UHRXL3099EdRzmdX3g2Me+HugNbGZZVBo8JsABZARTSaBUNKACAKnkUUAA0KgAAAAAKAAAAIKgAICgAIUAABBUoCoQFABQQGMmVvcFSd3RiOkASKCAly1dKAABpNKAgKKnU6qoiG1TQJtdgCKaNAioCiHVAXYnUBYJFAYz6RtMpuaBx97OPJ++7+DLjy/U6XppicOX6t6+AePP/Eu2K3yzXLkzXOvROmErTNZafO9R09XhX0se0fO9X09Rx/l9HHrJfs1UVqIsZVqN4ucdMGolfQ9Bf77F9d8f0P+Nh+X2HbDpyoA2gAAAAAAAAAAAAAAAAAAAAAAAAAAAAAA+Z9S/wAbH/2vpvm/UrLy4z4gseFnka3pjkvR5r22xeyYWY5bqe7ok7xKrvc/dfifDc6dXKOkvTTFV7vT3eF+z1YdHj9J129uLnO0rj9Rnu9JyY/OFfm/pP8A+pPL9P6yb9Pl/wC2vy/0vpy8k/3enP6pHv5P4vn8utvo5/xfP5v5OLTkioKAWKMmIY96gtYvZus3yLGYpIlndGhFARCoAGxQE2AVFQEL+AEZZutt2MWblUcuT+N/D5mUu6+pdPmcnTkyn3d/G55Mx14/5T4cm8G6kfUx/jFtc+P+GP4beeuh4S62qVACij9Txzdj6fosHg451j6vpcPbhu+Xpxnpytd72cMs/D0Od4pct3sWbrCcMura6pJqdFaAGblJ3BoSXagAAAAAAM3CZd2gGP0sXn5+P2dZ2r1ufNN4dmbB4sbqset5rOC495W8pqvJ6zd493rHDKVY+byWfqR18OWX83WwdEqKukE1tyzx069mM78pVfO9VOkr5/Jrq+l6rs+ZyxcVee99d2dNZd6w7RAqChUUBFRewKEEVWmY1EUrlyOrnydlhWMW2MW4rMFRUVY1GWojStMrEFSqgqVxy712vZxz7tRmsgrTKBoEBACpVqALO6LAaARQAFjUZjURWlSKipWMmqxViVyvdlqs1tyrWHd1ccP5OyVvFYsZajLTeLrg5x1x7M1p6OLvHXy48fh2rlVgAiigCvT6D/neL8vNHo9D/wA3x/arGMun6O96Jf5LHV41AUAAAUBU0oIooiKQAJFQFCAAACoopo1ABNRPbPhoEZuMSYytmgY/TT9N1BXL2U9tdUBz1fhNX4dgHGxNOyaByHX2w9kBzVv2HsBzqSdnT2fcuFBkW409tQZFuNTVFAARYAqgAACAICoqAKAAIDW78m6yoL7qe6iA1M6vvZgDfvPfGAHT3Q3HNAdNza7cmtg6Ixupug6q5e6r7wdBzma+8RsZ9x7oDQzuLuAomzaiibAUSKCAAAbAA2BpLFATRpQGakW9VkA2Je6gJVSg529TZe6CrO7pOznHSAoJ5EZz6Me6uupe57YK5zKnurp7U9kBj9S7amWz2fBMNQE91t+yzKHsZ/Tu0G/fF98Y9jPsoO0sNuOrtctxR02rjurMqDshOwIAgBoBRKqUEipO6oDOV1Gkym4o43O+O7E5P7yN5cdryYZ+71v6faYzr9xXP1H+Ll+XO9nX1E1y5OTnXfHplmtVm92Wnz/W/wCNx37vocf8MdPB6+ay478V7+Lrx4/hqo2qKyNRvFzjpisHt9HdcuHxK+0+H6X+eP5fcdsHOgDoyAAAAAAAAAAAAAAAAAAAAAAAAAAJ5UAAAfN+qX93H86r6T5v1Xp+n0+eosfOt2zyfxarGXXo81dHOLJ1jOrMtNTvEV3x48rLnrpO9bk6E57/AGfLik73uY9mKPT6a66Pdh228Hp9TN78L005/qVfUf4N+8v/AGflPpvT1XJPy/V8/wDhPyXoen1Dkn3r05fVmPpZ9q8HNOr6GXZ4OearjG3AoKqFBBEx7qY/yArLeTHkWJ/UoI0iKAzo1tpkEF/IDIqUBNKKjIqaBErVZqjlnPh8znmubKPq5Pnesmub89Xbx1zycG8WG461I9/BZ7I6xy9N1w1/q7SPPe24huM8naVjqSDpbKSxzZ2ujb9vwzdj6/HNYSPmemx3lJH1J0j0TpxqgKgAA48u9uzOU3Eo5cWVl1XaXbz9Zk7YXc2xLdjYDoAAAAAACWbnVQGP0sNdcY8/q/T4X0uUk6zq9bOWMyxuN8zSWD8tyYa5dXzXpuEml9Vxe3lx+JXXLj3XLTe3l9vVfa65Ya8dU9rNhtyuDlnj0+z2Y4fZcuHePZLF2+F6req+Xy3u+z67D22yvjc3epi28+ffoxfw6Zd3O93aIiKKJAUARQXyRFiKsak6IqKvhy5HWuXL0iwrEajEbVmKqNI0RQQVqJFRVRfCAlcc51dq5ZtRKwKjTIigiAAIqALO6LAaARQAFixGoitRUioqVzrpWMliVyyYreXdituVXDu7OOH8nZK1iNRlqMtt4uuPVyxdMWa09HH/ACjve7hx9473w5VYAIqmwBY9PoP+c4/u80en6fr+3cX5WMZdP0XlUvejq8agKAKAACgAKAhAAUIAAAAAoACKAAALEUAAAQBQABUABQAAAAAEURVUZ9sT2xvSIM+yM+yOlQVn2J7W6mgZ9lT210URy9tTVdQVy1TTqnQHJXT2w9sBy0sb9p7AYVr2HsoMjXtqe2gguqmqCbVZjqAIaAE8qigACgKCKAAAiGlARd1AD3VfdWQG/ce9kDTfvX3MIGnTcNxziqN3VJpg2De1czdDTojO6boaaGZV9wM5zLXTuzx+/X7u7p7jexFVJpdwVzynVjVdL3TQqOkcurrOwgKggKgCb0rly42zpQddyjjjuOvjaKqMTPd7dGvdAaElUBLNqKJqHtigAAIACHUEFBaoz5DyqCGV1FZym4Dn+p9nzuHK36rnvpNdHvuNnh47jr6jhbNbiqer/wAauD0esmuWuDnXfHpzrF7t5OOWWqkV5fX/AMcbry93Bd8WLw+uu+Kfavb6a74sbpb0OqwVkWN4sRvHosHq9P8Ayn5fcj4Xp/5R9zG7xl+ztg51oB0ZAAAAAAAAAAAAAAAAAAAAAAAAAS3U3QUZ9+Ot76Eyl7A0AA8H1XHfHhfive8H1TKThwx83LYsfKypx9bsyOOW9nmronNqacno9ThccZvu4aQdMPDvK44uuPfTFV39P/Obe/B8/h/nH0cHL9KvN14n5P0/7fqmcvm2afrs+vG/J5T2/Ws//dXqv0Yj6GXavDzzq9+Tw8/euMbedFqCoKCs6J/Jak/kItY8t1i9xYlA8I0IqICL0RRCgAioCAKIilBmo0lnRUc7JXg9bP3S/Z9DLp1eD1s6yumHbGTytYMtYu7Ee70t6V6PDy+ku9vU8+XbpHPm/jvcjE5Md9dt81/u68t7dFxSvR+pjJfO/LN1eu3Dsz1nlvSP6d6Pi1jt62cMfbhI07OQAAAAADHs/dtqTSiaABQAAAAAAAAAB8j12M/Vv2rvePWM113HH1d3y2z5evGyzcnhJB57wyTd8sTh3103eT9/XtG8eTHK29mbJRznEtwmno1Kznjo0bfnPqWOs8506Phc869H6D6lP7zPWrPD4PqJve3Gdus6eTNzv3dM+7FnV1isgKAAAigKioqxqMtaRTbHJ2bc+TssK54ukc8XSKzFWMtSo0qpF/KCxZEioqlAVmuWXd1rln3ajNZRUVkDQqIKmwQVKILO6LBWgEUABWoy1EVqKkVFSueVdK55LErnWK1Wa3HKrj/KOzjj/KOyVrEjUZajLbeLpHPGOkZrTvx949GXaPPh0eiXeMc6sTssNKyodw7Ar0+g6es4r93l7vV6C/8AGccWMZdP0d738he9HWPGKCiKACgACwAgoIKCAAAqAAoAAAAAACgACggoCCqCCgIKAAAIoCdxUAABQQAAUAAABCKICaXQCUVNKLFTSgAIAAGgATR7YoCe2J7Y0Ax7IexsBzuH3PZXQBz9tT211NCuekddJoHNHXR7YDkrfth7QYRv2L7Acxv2HtBjQ17antoCGqCqAAgAohsFE2uwBKoAIC7EWACgI3GY3OyorLSUQABEyxtjRbpFee45Osl9vVZlLeiiuNxsTVl3dvRqHtgbee2xd12uEp7YG3GZWNTkvw37IeyAzc9QnJu9lvHMiccgGWcmj3xMuPafpgvvi+6OeXFbT2XQadPCbjOr7WOoad5Rwly27Y3c6gKnlVQS1UvYVzuby8tx/tPHl93bLG7eT1HTk4/yDXrOvLuPO7+p/lHBzrtj055vH6jP2PZk8HrbqbMWq5c/J7+Hw9/or/cY/Z8e8u8bj5r6X07nxz4/bPDWU9MyvcsSK5trG4xO7cVHo4O77vH/AAx/EfC4e77nF/hY/iO2Dnk2A6MgAAAAAAAAAAAAAAAAAAAAAAAAAM3GXvIY4zGajQDnx5ZZe7t0uo3L03VYt3nrxO6Dy8/qtTWHffV8/wBTzXl63vvb08vDy582ft47q9Z+Hm5vScvFw/qZzU3rTFlWdvPerpw61fs53pDj37+jlW3f1nXHC77x5fDtzY2ybu3LSK3h2dMO9Tjm5pr2+3KzbNV14b++PpYvmYXWT6WF240rpl/h5Pynqv2/W8unl+rv+Hk/LfVOn1mXrJudnqn0Yj3ZeXi9R3e3Lu8fqPLjG48tRqsjQFAZqf5o1erPX3TQNsXu3Wb3QjAXuqNIKAmksaQGdC1NKIjSAiKAgIBpmtVKqMV4/WT9m/ivZY8vq+vHenR0w7Zr57WPdn/suPd6HN6/S3Wet93seH09s5Z1e7bhn26RjObleXXWvXn/ABry5dzFKzYhbWe7oj+sjxcfr5ZPfP8AR2x9VxX/ADOm456dxmZ43tZWlQEtk71e4DOc3OjSWpboY4899K6OWOpm6kuwAURQAAAAAAAS3Ut+FZz/AIZfgHx/UXrXt47+zf8A6Xz/AFN1a99v91hJO8IPLy3u54W+56PUcWtOGMstZ17Hv4rvHbWfZjg/jGuS6a/EfnvqH8s9Ty+D6jrX3vXXeee/L4PPf3V5/wBdp08ee2LHTPq5ukVEPIoVDagigAqLEVZ3ajMaiKMcro58vZYVzjU/DGPd0isxYBEVViRYitQnlIsiK0UQBx5O7tXLknVYVgBphKAIhFRRBUEFxRrEWKAihA7ArcZjSVWoJFRUrnk6VirErlWK3kxW3KmPeO0cZ3jslaxVqMtRltueHWOeLW2a07Y16cf4zbx43rHsx64RzpFBWWgCAr0/T+vrOLXfbzR6vps/47iuvKxjLp+iC/yo6vGEFigABFABUUADYAAigAAAAAKIAoAAoAoCKAAACgAAAAAoAgqAgqAAAqKCoAgAKgAgAoqKiqAAIsFQQAAUAABFRQQAAAAFBAAAAAAAUEFAEVAEUBNGoKCaiajQDPtT2RsFY9h7GwNuf6Z7LHUBy9tPbXQBz0mnXRoHPSOujQOaOnthoExxaBQSqggKAjGfw2WbFc5JI3jdxzuOVup2dcZqIrHuu2vfGMsbvaey0HT3T5JlK5+2w9tDTrtK5XcOs6hp1NuXvyPfQ07bHL3rMraGnQYuclWZShpbJU1C54y6S5wF1FYmca90AE2oglVKKxlY8PrOTGcnFj5terLe6+b673Zeo4rJdS9wen1cm8dfDz1357uY37OFc67Y9OeT5n1Dfs3H08nzfqP+HfhrHta+W9/0myeos8WPn6e/6Zdeomr4dMumY+0qeVjg6NRqMxqKjvxd33PT9eHD8PhcXd9z03/L4fh0wc8nUB2ZAAAAAAAAAAAAAAAAAAAAAAAAAAAAAAHn9djMvS8kvxt6HL1E3wck/wDTSEfAyn2Tj6cjWTHHL+q4ZzVdHbK7cs465dnLK9WFaxvR0w6xynZ048tVmq6Y/wAn0+PtPw+a+lxfxn4cqV1n8K/MfW/2/VMLOnSP0+PavzH/AIgmvqPFZrrI9OP1Yj13tPw8vqI9Uu8cb9nm9T2unCNvHUWiqyKgqVPhagNXsze7bF7oM3ueF8iNIACWC+UBBTQJpNNdkBLPhGmVEqaaT8gzrqjVSxUYs6PPz47469NcOf8Aw8tfDePbNfK0s7lhO8elzd+G/vlr3zrHzuK/vnXT6OPaOObcL2eTl/l0euxxz491MateUbz4rL9mNarptl+2xunScl10cJWpXOU09WPNZO7rj6jKdsq8UrUyXlWdPdObK3rdt4+pyx7dY8MzsWZ1eVNPp4epmV1Zo5eX2ZfZ86clheW3vWbbU09uXNuyx34+fHLHrdV83HkaufXuuOWjT6d5cZ5allnR8q59GsPUZY9JlY6zPaafUHhw9Zl51XSesnnFrZp6hwnqcL33G5zYX/NDaOgzMpe1jSgAAAD4XrJrLL4e7H93Dhft0eT6hP35/mt+lyvsxlvSQg+hlj7tfhwz4Ou474ZbxlXuqOfHjYueMsu2/LOfWUqPzXrp+/N8Hm6Xvuvv+u1OTPb4PPvd+a8367zp5M3Lbrn30510ip4QFAEAUAUNiKrUZWaRWmOT+Lfhjk/iQrli3OzEajTMVYQiK0RFFa+yyMxqIqngEVK5cjrXLkixK5ijTAioogqCCKgDWLLU7BFARQCA1G2J3biVRUk20is1zydK51Ylc6xW6xW3Kk7u07OLt4StYrGozGoy26RWY1Garph3j14fweTjevj/AIsZLGgGGhSALjJvb1/Tv+cw+128j1/TOvrsJasZy6fob/Khe9HV4lAUAAFQQVUiqAKIAAAoIqFAVNKAAAAApFgACAAoKigigCKAAigAAAAAAigCAIoAAqAgKgKICqAoAAAoIKIAACKAAAIqAAKgKIoigIKAgAKAAAAiiiAAAIAaUEAAVBRQAAoAioKoAIKggAAipQUABnK6jTHJ4RWZcrd+HTG7jO57dVcaK10o55Wyk5NA66iajn+osy+Qb1E9sPfE98oh7IfpxfdF3AYvHF9kjaBtzyw3VmGm0F24/p33LePo6mg28/spMbt3NBty6zKOiWKACAzY8/qcMbh27V6XLmm8Qeb1Ek48ejzXs9fqP8KfZ5PDnXXHpzyeD10/u8n0Mnh9b/h1ce2q+M9XoP2+qw66vy8t738vR6K69Ri7ZdMR+h11DyPO6tRYzG4I68d/c+36S74Mfs+Hher6/wBPz93Hcfjq6YX2xk9gDuwAAAAAAAAAAAAAAAAAAAAAAAAAAAAAAOfNdcWdv/TXRjkw/U48sb5mgfAvdz7csdM5q2fDn5cPJ26x1zvtnVwt3WOTLLerdrtzV0x7OmHeOXFd7dMO7NHonZ7+C7448Nklxsu9zq9vB/hxzo9OL8x/4js/tvF9sX6bC9X5f/xJ/wA3xX/0vTh9WJ29nH148P8A2xw9RHbhu+Hjv2c/UdnBt4P/ALi3vUqqgJoVKlarN7IN+Ga1OzOQMgI0gqIIoKFTaoBUobASr0RRNGlSwGalasQGLNOXJN438O1c8506N4s18jPXvrMdOaa5cujEeqdObph1sfRwvuxlfNx8Po8W/ZHLNqNp7WlcmnHPC23r08OOXDb949dSxqZJp+glalYandEbajEalVGo0ztdgCbNqjcal6MS9F2g1cro2yLEamTXuc1a2Okza/Uvy47NmzTvOW/Lpjz5Tta8u1mS8jT1z1Of/U1PV5fMeP3J7l5Jp9Ces+zX9sw11j5vuZ5OSzDLXwcjTPqueclyy+b2OPkk48dd9PncnJfnbtx5bwx18JMl4vrcXqZOjrPUT5fInJry1+rWuacX1v7RPlbzSyzcfI/Wu+7N9Rfk5nFw9XlvPO18L1H8q+tzcnd8fmvWuc7dJNPLn3Yredt7sV0giUFECgKnkUBUIitRYy0Ku2eT+NaTL+NQcI3GG40zGhI0ikUEVY1GWoKoCKl7OXJ4dq5cixK5oDTAAqCFAEAQanZlqdhYobEUVFBY1GY3EqrFIMqzXPJ0rnk1ErnWK3WK250do4O8SrirUZajLbcaZjcZqt4PXxfx/o8mPePXxdmMlbEVzaANKLHs+mf8/wAbydo9X02W+t48virGMun6HzRbP3UdXjAFAAAUQNKCgqKIAIKhFUCoAoACpFAAAUEAAABQVAFABFAAAAVAAAAEUBKCggKgAAAAKAKggoCLAVAFFAAAEAAAAEAAABUUURREFABAAUAAAAAAAAAAAAAEUgAAAAAAoAAigAACAUAIAJlNtOeeWkWM/p3fd0xwmMc5nW8M9ircNsXjdLVgjl+nVuFdAXbhcKe2u6Btx1Vksrro0GydlBUQAAQQQWxALAASw0pQZY5J+1us59hXm5pvh28de3m/wa8dYsdcHPLs8PrJ/dZPdk8frP8ADy/Bj23Xw8v5V29L058b93HL+VdPT/4mN+7tenOP0kaZx6yX7NPO6kajMaBvG9X1Ppl/dn+I+Vj3e30Oft58asuqxX2KTszcpda8tR3l3XNQGwAAAAAAAAAAAAAAAAAAAAAAAABx5ufHi6d78A7D5+XNyZ3vevw9Xp5n7P3s8t0dkqjQ+D6if3mWvlx8u/qenPyf+6uPlx8vbrHn5v59Vn8Yeo/lPwmH8HJW+N0xvVywdJ3ZqvTvc6Pd6W/3b5+HWPb6O9Mo51Hs4+78z/4ln/Ecd/L9Lx/yfA/8T4TXFlf+qvR4vqx+r6a79Nx37Jz9j0d36Ti/C80/bXH9beC96y1l/JlVEVBUy7OXNbMejrWM506QHTD+EZyanaJkgzUURpCAigCiVKtAZFqCJ5F8gICVQqFAZsYs69HS1zu/6tRK+T6ma5surlHb1c1zOL1Tpyrph3e/09vsj58e/wBNv2MZrHeKk/KuLaI0gPvStRiNDLUalYjUVG5TaCiiSrN7EanRUktXWgUSLZ0URds2mwaNs7Ng3s2xtYDQkqUFcubKziv3auTlyXfFevRFeDk1enh6eO/3eP4ebN24v8OWiuqbEoFvRzttatc7dptXn5b0r5XLet/L6fN/HKf7vlctXEccmG8mK7REBFFKiggAKQVFGoysBpM/41YmXZFcY1GI3GmVWJFRVUBVi+EjURRUVFTTnydnRz5OyxK5KI0wAKieQAQAQanZlqdhYoCKKQBY3GVkSq3AgyrNYybrFaiVzyYreTFac6y7ztHF2nYq4q1GG4y21HSMRqM1XXHu9PE82L0cN7MVXSxTyObROixFiivX9N/53CPJHs+mdfXcaxjLp+gt3aHkdXjAFAFBFBAVFUFQRFVAFBFFBNgoACwkAAAUBAAUAADYAKAEAABQEFBCqgACAAKAigAgAAqKKAAgCgigAAKCAKAgAAAAgACoogAAgooAACAoAAAAAAAAAAAAAoIogCAoICgACKAAAAohVSoAKCMZzdbTKbFY1jrumF69C44+a3jjJ2FYy6VP1LvUjrcZe6XjgOfvyta/U0v6cP04BOQ/UPYl4/gF/Ui++Oc47svHdg63KSEylc8sazMcthp32m45ZbjO7sNPRs28+8tr7soGndHH35bX3UNOonhQQVASsZ9q3WcuwOGc/ucnhr35f4WTwVnJ0wYyeX1U/u8tPXlHDnm8LGZ26PzuX8q3wXXLj+WeWa5ct/K8Ns5ZPmu16Y17fpcb+3H8NMcd3x4/ht53QaiRQWd3q9J/j4PLO71ejm/Ucf5KzX2J1yn2dIxj3dHbxdOdAHZAAAAAAAAAAAAAAAAAAAAAABLZJu9kzymGO7dR5OTnvJ26T4S3Q65eonumOP8Aq6ZcWHJNZYyvD7M8dXVsezg5PfjrzGJlLUc56e8eW8L7p8V6ZNRRuSKAKPhesmvUcn/utcI9Xr8deqz/AKV5XHy9ukcfU950TC/sa9R2lYw/jXFprj3t2xmq48d9uUvw7y9Wartx5e29Xr9Le7xeNvX6Lrbv4Yo92Hd8T/xPP7jG/GT7eHd8j/xFh7/T5fayu/i6c/15fQdfR4OnN/Fx+l3fo5+XfmnRy/W3z8+7Lef8qwrSVFEEYs3K6MXtQax64xMjj/j9lyBjt9golagioigACL0FGRUEQABAUSpVqUGbuueTrWMuzUSvmesn75Xmez101cXjenHpyrWL3+lz1hZ5eCPX6S63Ll37Jn0setpmK4Nqggr7zUiRqDCyNRIsBQiqiNS6EUduLWVdObh9mMu51cOO/wCrWedZZc25dxhqXUaVnIi5dUgKgALEWKoADN8uWf8Ag38O2V1Hnzz/ALneu6UeLkd+H+EefL4j0cP8IK6MWtVmgzWK3kxezNV5ua/tyfK5Ou/y+pz3WGT5fJ3t21grjl1jDV38s12RARUFAAQBVTyqKLAgNQy/jQvZFefy3OzHluNMrGmV7IqqQRVWJFgrSpFRUc+Ts6OfJOixK4grTCCoqIACBQQajLc7CwRRFIqKCxuMRvGJWmigyM3sxk6VzyaiVzyYrWTNbc6jtO0cHfH+KVcVajLWLLbcajManRmtOkenh7PNi9HExR2vcMu4w0KmlBY9f0y69fxvJI9X03r63j+1WMZ9P0XmiXvVdXjBUBQFAFQRUUDwqLAFQEAKAigLFSKoBFAgCACggqKAAKAAAAKAAAAAIKgIAAAqCoCgAigAAoCggAAigAAAAAigACgAAIAoAAIAAAAAAAKCAKAogJoNgAAAAACgAgCggqAAAIGgFNACKaASqAAKIzndRtjOIrlpvG6TSSbvQV093VrblluJvIHc247yh7soGnYcffkfqUTTqOX6i3kF06DnOT5X9SA17ZT2w90iXOfIL7Ymoe6L7oCeyHth7ptrYIFAQVAGcuyl7A4ZTeGX4eCvo3+OX4fPy7s5N4OeTnljuOtZrm7Pn8vosMvdZ/KvL6Xgl9T7cn1s5uV4ODp62/huX0mn0pNdPhpJ2VhVipFBY9XpMvbz4X76eWPZ6DCZeowl/JJus19fta1jdxjk6ZT7tYuuNsy05tgO6AAAAAAAigAAAAAAAAAAAmwVjk5MePHeVM85hN3/AEfP5s8+TLeX9NeGbloXl5bzZzr+ImOGWN/dOl8/DHFx3k5JjjdX5fQ4ePPGWcll+K45TLJFxnSeSYzHK2TVbmMnZMp03DjcYp+pjuS2bvht4cc7lyzK+LdPXjltcPLu6o2A7j4v1H/ms/6f9nkj0esy36nk/LhHDy326Ry9Rf2xz47+2uvqJ+xx4/Lk01j/ACenHs8s/lHoxrFV2x7PV6G65LL8PJi9HpP8aMUfSx7vn/XcZ/YuS+dPoY9Xg+u/8lyfh6PDfTn+vlfSLv0l69JXp5Z0eT6Lf+Hzn3ezk7Od7bj53J/KsOnLP3Vz0NCKiB4Z+WmaC8f8Szp2OPtYtBzqbWzokRqAIKWptazYC7XbIC7OhCCCKgCKlgIWKn9AZs6OeTrXOzztqJXi9d/CX+jwdn0PXTeH9Xgr04dOeS49nf0+WstOGLWOVxrVmyPfM+rczjwTm15X9euXBdvdck9zx/r1ZznCrt+uixFc0anfSosBYqRVRQQHf0+Myzm70a58JL0efC3F0yzuXdmxGO0NlRoXYiqAAoAoKggljj6jH+7d3Ln/AMLJKPm5fd34v4Rxz/2duH+E2qtstVLEGb2c8uzpeznl2StPL6j+NfL5PPV9Tn/w8r9nyuTztrAcsqxWqldmUKIoAAKAACKrUZWdxWiw8F7IPPe9bjN7tRplViNRFXoRFGlipFZGoEoAxn2brOU6UhXCoo2xUAVEABABCd2mY2LABFFiNQFjeLEbjNaUIXoglc8m7WK1ErnWK3WK3HOo649o4u2H8YlMWmoy1GXRuNRmNxmq3i78W444uvGxVeih4gw0oANR6/pf/PY/h449v0nr6/H8VYxn0+/Z1Cd1dY8aKCgAAoIIoAKigACEEigoaFBSAKIoAoggAKgKAKAAAAAACgAigAlVEBQBABQABFAAAAVQAQAAAFQAAEUAFBAAAAABQBAAARQABUABQAFQAAAAEAAAVAAAABQUEBAAABQBBQEFARF0WAQIAIqW6Bm4zysknZjVvVrG67jS2bJjpLnomctEa9sT2w90+TcBPZD2RqVQc7xp+m67BduX6Z+m6bgG3PKMfp3bt0XQbcbjZE1XfRqBtwksWZWO2onsgu3G5Zbdcex7Z8LIIIoCJl2aZs6A5XtlHgynWvfO+UeDP+eSZN4MVit1jJydmL2fPx6eufQvV4L09fNTusH04qYqgLEagLHs9DnMPUYW+ejxx6/R4e/mw/K49s19jOdIYteGZNZO9n9bcmwHQAAAAAARUigAAAAAAAAAAl7dHPk5MeDj3et8T5a5OTHjx92T5+eV5Lc87r7fDOV0Od5cuTP3ZXVdeHmk5J79WeOi8PFjjyzLk17fv2ds/R4ctueOWt9tOUly9o6Y4YXKZ4amW+ru4/p+ySy9Z3+648+GWNu9a8V0x9dq6oS7iS7ti2wcMuLXLLOzvJpbJVYx8cmVoAOo+J9Q45x+ourv3T3PNjXt+qYWeomXi4vDj3cPLPbrGeebwcOO949HNP2X7PLw3q5K3/mdsXG93bHsxVd+PrHo9N/i4/l5uO9Hp4J/eY37s0fRxry/WMfd6Lk/9r1Yuf1CS+jz/Dt4XO9vzn0a/s5Mfh7+SftfO+jd+WafSz/izl9m3zub+Tm68s/dXKo0iKIIzWk86BOP8eWskw8rQc7eliRaiNQNAiiaUoM6NKlUEWoIohsFRU7AM+FS0ErGTVvRmtQeX1M3xXpvXV82932M8PdLHD+y473MXbHLTFj5+MveL7X0P7LPnR/Zp4a5xNPne01X0L6aa7J/ZZs5w0+fqmrp9D+yzXXX9EvpYc4afp40zGo4jSstCKqRVAFgLrUTZb0ZEa3tDG9GlEkUBQAAEBSiAlrny39ljdc+a647rulHz+S9Hfi/w8fw4Zx34f8ADiq3UKbRWcnPJ1ycsolV5ef/AA8r9nyuXvvw+p6i/wB3k+Xyd2sBxqVay7RBAVAAA2AKICtLJ1SNIqxfBCoPPe640y17ljTKrEjURoVAFaZaRWhIqBWcuzVZpBwvdFvdG2KAioIqAACDTLYsRQRVipFBW4xG8Wa0pVSoM1mt1i1YOWTFbyYrccqy7Yfxji7YfxKYtNRlrFl0bjUZjUZqumLtherji6Y9+jNV6v8ALDZj/GK5tACCx7fpW/7fhY8ce36TN+tn4ajGfT73mhvrR1eNVQiikAAAAUAAEEUABUARVFEUFAQAAAAVAAUFAkAFRUAAABQEVEFAABAABQAAAAABUAURQAQFAUABAAAAABAAUAAFQRQBQAAAAABUAATSgAAAIAAAAAAoAIKiioAIAAKigACggIFCikVIoiJlNxpLdA56ynYmOVvUvJrs1jlsaYzxtYuF076XQbeaSxd2O+oagbcd5HuydLhtqYyBty92Um1mVuPV09sPbAcsbZVubdx2z+nATHK2uu2ZhI0IAAAAlSNVIKAgIXsqUHC/yrxck/ffy99/lXh5f8TJL03h251jJus2OVdnOzo+fy9PWy/L6WT5vqOnq8Fg+lj2jTOH8Z+GmQaiLFGo93oOnNi8Mez0V1zYflrHtmvsgPU5AAAAAACVUvdKCgoAACbImxRj9Se+476sXk/vvZPE2zc5B2Ty5/qX3zH23Wu7fvnyvKUaY5OTHjwuWV1DPKYY3LK6kj5nNz/2jLe+k7QuUkDn9ReW76/aOPvtnXsviz58tY+nzyxtwm3G5bR7suXi5scMOPKat6/Z6cNTGSdo+JccuLLWU9tr2cPqcsZrGb+1amc/R9DKbmnm9R6fG4+/Cayjnh6rkz5px2SXz9m8uTPHLK5Zbw8TRl5IrWPL1mGE3ZN1qZe3dqcXF7Mre9rfLxXPjuON1a5THLL2OmN90lis4Y+zCY/C2yPVPU9iiRVHzPqvfD8Pmzu+n9X6Ycf5r5k7uHldcek5v8O/DycN/fr4evk/jdvFx39/9XFp18u2N6Rxvd1x7M1XfB6OK6yxv3ebDs78V7MVH1ca5+u6+kyn2rWNX1M3wX8V28N7c72/K/R7rm5Y+pn/ABfK+lX2+s5J+X1suxn9m4+fzd3Gu/POrgw0VFASs1pKCYfyrVZw/lWr2BzZaZqNQEjURTQICUXQCIqKJYjVNCJsqaTuBtL9hL2URGtFijNhYugGdEjQCaiWdFBGZOiroUfaixmNxphViLBFVBRYsqQBbUFxnUQxirrRQBFFAANoJsF31KigmnPnn93XVy9T/hW7Sj52fTy7cN/ZHHK7rtw/4cFbqFQUrnk6VzyRXk9T/h18vk719P1P+HXzOTy1gONZarLtEQBUKigEAAXSKKqxFiK0qCDjlP3UlM/5jTLSxlpGlABWoyqK1F2mxBrwzVS9gefLuLlP3VluMUAVEKIACCLO7bEbFgBEVYvhF0CxvHsxG8Wa00lVKgyzWqzksHLJit5MVuOVR1w/jHJ14/4lMWmoy0y6NRqMxuJVdMezpj3co64+GKr1Y9eOX7qmH+GOdah5VBBp7/o//O/0rwR7/o0n9tnzqtRjPp9z5Uo6vGKiqCwQFBUABQBREFAJBQE0KAKICiKgqAAAAKKIqKAAAAAACooAB4ARRArNUAAFVAAAAAAFQAAFEUARVAAQAAAAAQAAAAAFUAAAAAAAAFAQVAAEAgAAAAACoACggAoKAgoCKigIoAgAFCgkVFEEy7Kl7Ax7dmM1TevBju0aXPKzsTNcsdudwuwdPfF90cfbSY34DTt7p8kyl7OXsvw1J7Q01ckmc2xZVxw69QdYJIogKAgqAAAJpQVJDSgIlVAcr/N4eef3mT3X+bxeo/xal6aw7cay3Wa5V3YyfN9X09Rx/l9Ovmet6c3HfuQfR4+uEdHPi/hNOgCoqDWL0+ny1njZ4ryx248tLKlffVnju8Mb8wyy9uvvXr36cVVw487+pccr1td0l2ADQAAM+VvZmd2Mr7GxBoIVjG5W5SzWr0bkSXYk7Fuqunn5OS/qZYyTpjaxlbIE6558mv2yXr8pw45e39TKdcmscc/7JMZP3adMJlcMfdNXScFc7nl7/bMfzXSTVuV7NzGR5uXOc/J+jjlrGd791mGkeX1fNlz56x3OOf7vJZXvy9Lycc6a5Mf9KzfTzLVw7/FcvJcpfaV5uDLHHlxy5N+3Gvo8dx98k78k9zw3i9u8r8uvBZxzHPOXr1lZ3CO/1DCX01y11lnVwnpuXUy4tX+r2c0nNwZSdsp0c/T88nBJreWPSxcrjv30unDHDPPOe2ay3+568vTzPOZW9J4a4cenu11vd0reOEs2EiorvAc8p16d3RPKZTYSaig0PnfVp/d8d/8AU+VO76/1bX6GH/ufI3u7jz+Xt1x6Xkn7a8OP+J/V7suuLwb1yf1co072dW52jGVrWLFV3wd+LplHnwrthesZH1ePpI3zdeCxji/jjfs3y9eKuni7c72/Keins+qZ4/evq5b6vm69n1rKdur6eXlrP7NR4PUTq4V6fUTu8zDSC1ARlpKCY/z/AKN5Mz+bWSDn5c46Xuxrrdq1AhoRVAQQAE0KAgIBpNLsUZ0mmtIIzoVNKIigMm1NKILpdAa6dkka0A+tGozGo25tLEWCLFRVFAAIlIDcqWolojQkUUAAZrTFA21GPLcgiufqJviroxyz+7pVfMy7u3Dd4T4cc7+509P/AIevuiutZWoKjGbdjGXZB4/Vfwr5fJ3r6nqf8O18vk7t4K5Vlqs3s6ogCoAAAAokVFVYiwVqH+pFRXDPpndkXk7pGmVVI0gpoWCizsjURT8LBYgJWtJYDhn/ACrDfJ/JhuMURUqoIqURAAWNsTu0LFAiKqosQWNxmNRGmkUqKzWK3WMliVzzc66ZMVuOVZdeP+Lk68f8Vpi01GY1GHRqNRmNRFbjtg4412x8MVXq47vCmk4v43fw051qIqLoFj6H0f8A5zt2j580+l9G6+qz/wDas7Yz6fZUHV41AAIoAAAqKoCoIqs7UBUUBUUBFQABBQAAAFDyoAAIoAqAAoAAAAgFAAAAoCooAgACooAACKKIKAippRAFBBQEUQABANigIbAAAAFUAEAUUBAUAEUQAVEAAAVAAAAAAABQARRQAAAAAEUARKpQSNMgigAaXURRQ0GwTRoNgqaUBNGjagAgKIbBQAABUAAABEVAcsv5vH6n/Er2Zz9zyepn70vTWHbhWa1WXGu7NfN9dP34W/L6dfN+oSftqxXu4P8ADjq5en/wsXVKgqANR0wt30c41hdUH6Hi/wAPH8R58ea8nqrjOuOLjweo5MvT3Cdc+0r1en4ZxYa75XvXbnymo4vNOX2+ovJlOm9dPD342ZSWdq+dyZ7z5Jr/ADV6/SZ+7ik8zonjy9o7gPQAAJeyYrb4OzH6KA2AADnhx6uVy63K/wCzd7CaBRz5eWcWFyv9Io5+q5v0+P24/wAsnh4v5y6t1etc+Xkyzztveu/oc5+pcMusvZyytt9I+jjZlNzrKtxl7wkk7K6K8PquCYemvfplt14+GZemwxy/6Y7cmE5MLje1TO3Dj/ZN2TpHO+OWjnxY3Di9lu7GJxe3KWfx8tyZ44ZXk1u/HhvDWWP2efPx7uqqcHJhy424Xcl07PN6T094Mct98rtZ6rG+ovFJbry9OPrH2O+jcTGzKbnZ4PVeoy/UuOE6TptbdI+iPD6b1WVyx48semulerm5P0uO52b0sy3AyzszmMn5ro8n9p47nJMnql3JWMM+VV5/V4ceWGOXNZMMbvq+Jz5Y58+d49ezfTT2fU+a58lw3+3G9vu+f5c/Lfbpj034eDP/ABv6vf4eHkn97/VyjTtY1imXafhcUquuPd2x7uGPd3xc6Pq8H+Fi6cnXhycvT3+6jtl/hZfh08Xbnk/K8t//AK3vxt9XLvXyOf8Ab9Zlv/U+vW8+2o8XqHlev1E7vLWGkRfAgjNaSqJJ+6NZMzvG72Qc73Y81useRqAqaRRWfKgItQBF3fsAiVUoIu0FFQAQqpQTW+qWNEiox/RVATQABRdA+pO7cZjUdHNpYzGoISqixRVSKCVJ0rS4wQrFdKzYCRpNKAAKJYqeQSxYLBBMuuNk8xWcolV8zl72NcF/bd9055rLKednB/GwiuokUBzy7Vu9nPPslV5PU3+7t7R8vk/L6fqf8PKPl8nfq3grlUarLqiUDaogqAoALBIqKNYstQGg2I05cndI1y92Y0ysaZWIKqKKqoqKqpGogHypUHDk7ubpyTrHN0jNEqorJpFQBFBCNszuoqgIqxUiorWLcYjcSqqVpmorNrNa2zasSueTFbyYrcc6y68f8XJ14/4lTFpqMtRl0ajU7sxYiumLti44OsYqvTwtuXDd5T4dfLnVigRFJH0/ov8AzWf/ALXzX0fos/4u/hqOef1fZi9k2sdXkUBQWIoAACgABoBQRAAFVNiioqICooAAAACoAogooACodwFRYAAACoIAAFAAQVQAAAAAAAAFAFERQAAFAAEFEAEUQAAAAFAABUUAAAAAARFBFEVAAAAAAAAAFAAAAAUAAAAABBTQIVUoJFQ2DQz7l90BVTZsF0ioCaXQAAAmjTSAml0AJo0oCCgCKCoRUBUAEqNVkHLPu8vqv5SvTyX9zz+q7xK1j289ZarNca7s1876jP2z5lfRr5/1Kf3e1ivX6a/3WLs8/o9fo43b0JUAEVY1j3ZWCPrfTsJ+llfNr3XWMeD6Xf59Xo9byXDhsx37suk03hZMLk5Xt4fdvPO/OT0eiz1zXH5jx6yk6d3fDHLj5cbelx7ueN1dsvqCS7ivdABKoxP5VcvB2u0tlrhvUV0HP36sbdMcpl0igNgACXpNvmeq9R+pnrH+M6fl6vW83sw9mN/dXzMujGVHp9HjhnyZ45y25To9XL6Pj9vuwnts69HzuHlvHlMp4fU4efDnxsxvXXWJjZoa4OScnHL5dXLhxmOOpNa6OfLlyZ52YXUw8rymtj0sTL92vCceVsky61bNXacuXuByYe/jyx7bjHBh7eOS93Vxy5MseX2Y47mt9zLW91XaOOfFLyTLCayveuky3NxM8/ZO278LLLBOSZ+z28d1fl8rDHlz5bxzrlL5fVxtxxnu7ufp8cJnnnjO97udu7oPT8GWGeWecxls1JPDvljMpqzcaHXXpHx/U4+zny1NfD6fp8vdw4299NZ8WHJNZ4yuXBfZwZXxLbPwzMdXavB9R48f3ZzXfVfO8vq309y9Hy5cl1bLlHyZ/q45y726Yuk7PFzTXJ16PdOzx899vJuxzjTf+WLiY9cJ+Fw71KrpO8d8Y4TvHbFzo+p6a74o9H/6eX4eX0n+F/V6seuNjfi7c8n5T6jj7PqvHl26x9W//D5X1fp9S45+H1fE/Dr5O2o8vqI8de31E6V4q5tRAARK0lBnzG2G6g55d2b3bynVi9xqENeQRTSKAIoDNRagBSoAigCKigml0gAKDIqAmhdwVEC9jsD60jcYjcdHJQ8qAqKosXujWHdEa9l1us7063L9rjakC1JUI0NCKKpeiFES2kqANKkUUSqlSjweqmuSufD0l/Lp6uX9Ry4N6y2RXZDYA559m655+UqvJ6npxV8vk7vqep/wsny8+7eA5WJVqOogaFQRUAUIBpQFGpWViDYRUacuXtGI6c3aMRqMqsFQI0zF31FVYgitRYk61qIAqCuXL005OvLOzk1HOiKjSFRUAQBGoqYqKoCKsWJGoLGmozGozVVKqVFYStM1Urnl3YreTFbjnWa6cf8AFzdOPstSNtRlqMOjSxFiK6YOscsXSMVXbh/nHo8vNxa90em92KsCIsZVX0/ourz8l+I+a+n9E/x+X/2tRjP6vq6UkOzq8aqkVQBQAUCAAKigACACCgAAoERQAUUQi6AAAATaAqKoAoBQAAAAQBUoAgKqACoqAoKogAAAgoCgAACAAoAAAICKgAAACgaAAVBAUAAFAARQABEAAAFBAAFRQAAABRRAAUEVFARQEUQRUAURSgjN6NRdA5WU1XUFctVvDbWoogigAAAAAAAAAaNAgLoUTSmwRGkAABEq1AceSau3n9T2j08k3Y8/qp+2Jemse3lrLTLlXdK8H1CT9GvfXi9d/hUit+h/wI9Tx+gu+J7IlABBSd0Wd0Ht9BeT9eTC6nn8O3qvVcmHP7csNST9tT6ZqXO2zbP1LLWfHleniOP/AMcsk4/dMff53t7OHjvN+/PtXk4+TH2dez6HpuTHPjnt6a8PR4sd32y7SaUHsRHP1GVx4+ne10ry+ry3njj47sZ3WKu864OeHXJeDd4+rPDd55/a6eTLduI3yY3w3Muy+HLPeNmvy7X+PcHcZlmt76M5c3Hjj7rlNfl33EdEvbo558+GPHM+8vbTM9TjeG8mM3rwlzxn6OWXpMs7bnydb8R0z9Hw54ye3Vnmd3nvrs8v444yfd6PTcuXLv3Xsks2Of8A5fxTHKY5ZS2eWuD0c4b7sc7brTz8ufJOTKXky1Pu9EueXpZrKzL27255ZyVXfDH2TW9/djk47ccpMtb7vBh6nl90lztamXLnL+/K/ZnLOWD2cPTGbu663s8/Djlhbbelc+T1eeHLlh7cenZPHnJjoeydGbZOSTzY8k9ZlZ/COuHqPdljvHW/LVzmvY58XJyfqcmFsxxx7TTXqubLhxwk/dd/uvw48+ry5aurvdaxz1wZY98sr5SZf4PZlZZL4XGTw8/HeS5zDl678x6ccfbOjeP9XY0A7oznlMMble0eflzmHot/M0nr+T28Ptl615c7nz+m4+Pjlsx/k5eTOYrGvVerxy9Fljh/L26s+HycenR688P7nO/Z43lmdy7dMXWPJ6n+cerHs83qZJl7rfHZY01xz+7jWHdniy3xTt0XHulV17uuLl2dcOumKPp+j/wv6vXi8for/dX8vZh3a8fbnk/KfXJZ6/DJ9PH+GG/+mPn/APiGa9Rx3+j6HF14eO/+mOvk7WOHqJ0eKvfzzo8F71zbRFKgiVUqiVvwxW/CDnl3ZvdrLp3+Wcu5WoQDaKl7gUDsFARFAZ0nlrwmgQVNKIulQBFQAAEqKaBKBVQS9QB9WNyucajo5OgzDYN7NsxVRprG9XONTog65dnOlqGgWIqiqyoKlCgy1pIoCpO6qACK8PrJ/eX404cG+u3q9b11Z2vd5OHvRXZFASueXZ0vZzzZqvJzS/pZbvh8vP4/3fU55vjyfL5O/wBvhvBXLJFqV1ZRBVAAAABUXQDUZWIrcVJBFZ5ezk68s/a5RYlaWJFgNCKKRUVBqLGY1EVTayIKxy9o4O/LP2uDUYogNMiAIioA1i0zi0KARFaixlqIrUajOPduJVEq1Kiss1q1m9lRzyYrpk51uOdZdOPs5unH2q1I21GY1GHRpZ3RqIrbeLnG8Warvj3eiXpHnxeifxjnVixYgyqvqfROnPyffF8t9T6J/i534axc/J9X1lIrq8hpUFBUAVUAFRQUAQAAFEAABUFFVFAAAAAVACo0gIoAAAoAAKCAIKioCCgqKaBBF0KAAoAIoigAIoAAAAAAAAIAqKgAKAIKCoAACKgoAAoAIACoqCAAAACCgAKAAAAKAAKAIogKIoAAiCoAAKAAbHLk3vo3jv29QYz55heqYeoxyvRbx45XrD9LHG9JoV1l3FY3qM/qBp1HPHk26QRQARdAAigICioAAVABFQFABEUBz5Lp5/Vf4crtzOXqP8JPxce3jrFaZrjXoiV5PWzfDXsryet/wciKx9N/wnteH6df7t7oUSxQZFJ3Cdwer0mcmW7N1PV8XLzZ+69Z4jnxZ+zKV9LDkxz1cbL8/Zwy3jduWXb53Fx8uWGWsbfZ309HBnZjdXT1fTuXC/qY9Jlcrfy1z+l/dlyceu38dPXjj/PKMO3pub9XDr/Kd3Z8r0uWXvutyzvH1McpljLK7YZ8vSr5ePLHLm5srNSY3W69luo8fDzzGZTKeb1ieXrRHo457Zpx4bNcmXee615Of1WWedmFuOPbp5er0+Fw9PJfPV5M8taitcPqbyb3jrU2Xlmdy69ujlw4ZcePJln066xjhhyTDjzyve1jyZ5X0N8mWVw1Mrr42445X9DLc6e51x/djEywmPBlrrd7dbbYjpwfv9NMdd7WfS5deXj8Nemm/SSzvLW/RSX39OtcpLbYPN7PblZ8O/p/femF17r1TKa5M8cu/dfTck4+P33xerrjbuSh6nj9uUlv8ukerWprx2cfU548mHFnj1xuU6u2XYz+10Pme3XNJ8SvTwd8vw45z/i89TtHq9Jx7meV7dozJcpqDrh1tjzeo47lzWzvJ1emX25LJu59O5jNyT9Hl4cJ7bLOrfFuz90ssXgm85fl25Jvkn2icbZaPH6nH+9xv/VE4ZvOY/O3X1U/fxX71wwz9nJvW7rUSZamlev09903euuz0+HHhw9mOOPxHZ6/BvXtKqXpFcOfmnH01u13t0jw+oyvJy3L/R39JnhhxWXLGZb67efDC55TGeb3dPqPpePD0vuxx/dje+3msyz9xpw9RZnjljhOm72fOl32fS4M5ycHJMZqzF8ydHDCamm8XTCOHq51xejBw9V0x392p20nD/h38tT+TPp/4VqX9xVdHbCdI5R1xc6Po+h/jY9mHd4fQdfc92Hdrx/Zzyfmv/EnTlwv3ez0136biv8A6Xn/APE2OvZlrf7nb0V36Pi/Dt5PxYc/Z4Mulr6HPOjwZfyrm0yy0iKhVSqMtzsw3j2QYyYydMnOjUQgrKmuhoUGRbEARUA0ipVEAUQ2GgAQAEoCKgKgKIKCPqSKK6OSqgo1F0kagJpdKoiaNCwEqbarNBVIoJo0oKgrIixplNqNCbNoPN6yfsx8dXk4Z+7J7fWdOKb814uL+dRp1AUSuWfZ0rnn2rNV5uWf3eT5XJet+H1eXd48vw+VyeW8FrlWWqjsygAAigCKAsRYA0z5WfKNNRplrwgxy/wco7cn8L9nGLErUVFiixUEVViKgsajLURWoIvVFc+X+O3B35N/pvO3GMlQGmUFQRAAajUZjQoCopGoixFajcYjcSqM1qpUVms1qs1qMsZOdbyrFajFZdOLzHNvi8rUnbo1GWsWXRpqMqyrcax7sNY90qvRhXpn8MXkwevH+McqsUBlVj6v0Odeax8ry+t9E6Xm/DWLn5Pq+rFZiuryKRFUFRQAUDQKAAIi1FAigAAAqACiwAAAAAAAAAAACIKAAqQBTaALtNgAAKACBsACoAKACoqgAgACgAAAAgAKgAACooIoAioqiCoAqKIAAACiKIIAAAAAACA0IoAAAAoAAqAKgAugAAAAAEUBIqKCai66ADnZZ2T91dQXbOujFwdQNuWOF26ooiiKAIoCKAACoKgAAJUVAFEATapbpBx57qOfN/hMeo5puY105Ovp4v4Tt4ma0zXCvTEry+rm+O/h6nn9TN4WCvP9M/hZP6voR836b5m30igijIHkAaWZ5TGzG62mJrX4S6/XLLt19Ly3i5ccp4r7uGczm52fn8JZej6/pvU4ezHHV3ejXjzkvvpl6MeHjwyuWOM3e7HJz8XDj1s/EbmXvlmtPh8m76mzd1bp6LlJNwfYy5bfSXkvex4Z0w/o9Xqp7PS4YT5kZ9LhMsssrq66OXku7Ir516vbwc+V5Jjn2uM083qJ7ebOSXW+jtxZTk58Pb2xmq8/k2PR67O4Y4X/AC9Y+f7b+hln4xyj3fUJ7/T4yd/fHl5J7PScmHn3GVlqt8dtw6fDOO8vdN93Phzv6V18NyezU82bbxRr0/JlxS8d/j1rtwZfo+347VxnXrp2y7bLNZbRv1clymUveOXFP7rL8mV3GuO9LFy7F5f2el4vmZR6rd4y/Ljy4e7Piw++3ozn7Uxx3LR4uWe3mv8A6o7+mys4bddLejnzT+8l+z0enn9zjL918MttGM8tarpxXe6zzTtG+Kax6tYYWZjlx9Mo76ndj2/v6N5dJ0b8c1KPN6nt+Hl9JJl6jHfaTb6GeM/Tyt69Hz+LH25anXLs5/Hq7qvpYTy2zjPbjJ8NPZjNRlnLKY423tHzbleTO5ZXdez1mWuKzetvDOjl5stTSx6vSyfqfiO/PxY8/FePLtfh4uHluPJ06b7vbx5/qbuOUsh4svWh8n0GsPU58eV8Wfl4+XjvHnd9r2ezn9Pyek5sea9Zle88Ofq7OTDDPH8M3DW2sXnw7ufqZvH+rrxs8uXs1n7d6u9OM7dHHhxuPvxymr91/wA6cfJeTl5M8u+Xj4X/ADLe1do64dnKdnXDw50e70F/dZ9nvx7vn+jlnL/R78e64dsZPif+Jp/cy/GSfTbv0PG7f+JMd+kt+8eb6Tfd6HH8u/l6hHfm/i8Gfd9Dl/i+fydK5NRhFEVEUBlrH+LLePYVjJjLw6ZdnLLwLE8gMqoACLU19wAAQBRKnZQEAARUBBRRkqlBEUBL3CgPqtMRqOzipAgNxYzGuwiwrPual2BFABna2oBtqMtQFAFQqpRBKsAQCA8vrcuuOO+zycP8svv2en18/fL9nm4P8S/gjTv1S91QErnnelbrGf8AG6SrHm5P8PL8Plcj6nJ/DLpvo+Xm1gOVRb5ZrqgAoAAigAqKA1GYqNNRqdmZ3aiCZ/xrhHfLs4LEqtRmNRRQEUVFgNNRiNxlVF2IrGf8a8705dnmrcYyQBpkQBEABudggKoKiqsRYitRuMRuMqVlqpYKzWatZrUZrFYrdYrUYrPlvj71jy1x91SduqxPLUZdGpFiRWRrbWLEWd0V3wr14X9rx4vZx/wc8moqwGGlnd9b6JOnLfNj5MfY+h/4fLb8tY9uXk+r6UUiuryAKoiooCpFAVAFEUQABQAAAFRQAAURQAANkNJOlBQAAVBKIoAAGwUEVFUAEAAAAAAAAUAUABFEBVAQAARRAFQAABRFAABBQABQAAAAAQAFAABFEEBQQVADQoIoAACgAAAAAAAAKAAAAAioAqKAAAoigAgAACgIoAAgKIbFAQFABBUoAAIl7KiD5/qsZjlLp3vX08T1eG8fus/5Zfw/XiStM1wr0xHDnn7K7uPP/Corw/TunJlK+nHy/QbnPn+X1J2WgAyAAOnDjMs5LdR1x5cbhlx3HrvpXDD+Tr7Ns5e455N4ce3bCXHlwx7S1PTcWWWOW+knl6fScXvz9+f+Xs5YTndMul5MuGW+22PnY4/qeqw15yfZzwmeNxvavJ6b00w58revtvR6p48sLJ+IvrLvkwx+Jt29Nh7ePfz1cuXH3+qk8a1XrxmpJG8ceWdHzfW8d/tGN8ZO2XpePGcmeO5ddNO3qeP34S+Zds5cmNnNjubk/wDhjLCbso836s5vTZWfyx6uPBhl6jG76bu2/QyezOfMd5l+nycfFP4+zbw9Wt183hnt5Lx26ky09nqpLz9J2mmJwyevsna9XWyXn5LevXTpjl7Zcsek6u8/hHnt1l+a68XJL0rv2jfDjM+WS9pWrhJ6i2fOk4bqZ5/F/wDhuTfLcvGtmWUHXpeWfaV017o8fHzfqe6y6uV/b+HtwmsZK6eL36HLnx/ZPnbfF045trPHc/CYdnWY8c/Qmc6tyajHNl7MLlra8dtwlvcmplRLuZdm2c8rMbqW1xwnNcbMulX6jXqebHi47vrfEeb0WG8vdfyvLw8uXWy5W16PTYXDG7x1TVtHZx/tGM9R+le9nR2fE9dyZY+rzuN1cb0reV1B7PV/41t7dJHDtLXt45h6v02GWXXp/u8msc8/bL+2Xq8Pl3btWeLH3ZWPf6TWPHcN9Zez52HJOPn3v9u+r0ep9ZjjnLx7vTXud/FqRK9Xq5jl6bkmfb218HDL9mWN8Xcd/Uer5eS5Y3K/p9tfLy71ydulayz21i7enx3ba5epmscvw6cGftzvxYnrJPbfjTi6PF6bplfw6eXL091n/TTrlNZM1XadnXi7uOPZ249eWKPd6X/Ele6d3z/S5b5MfHV9CdzHtjJ8z/xD/wAjyfbVeL6Nf+C1930Pr836Dk/D5n0O79Ll131enydGPT3cv8Xzub+T6XJ/F87m/k4tRyAqKgqUVFx7IuPkEyc8uzrk5ZToixlU8KigACKgKmygCABUVKCBRQSqgCAoFNgILNfgBBUB9ONOcy/Dcrs4rVndNm6I6RqYe5yldsM5IDWXDqbjn2ay5Ns2kFNs7TajVoxtraIrUrG2tiqrO12oIu0tQFiKBYnZdpQeT1uv237PJwdM69nrJvDH/d4+L/EpFj0VmralFSufJ2bu3PO9EWOGf8Mvw+Vn5fUy/jXy+X+VaxHLK9WWrErqiGgUAAAAFiLBRU8NTogsaZanZFS9nHy73s4XvVhSNRmNRUUERVWJFBd/LcYaxSq0AyJl2rzXpXpefLvW4lZKI0wI0giAA3OwTsCqrLURVajKxFbjUrMakZVWa0lorFZrVZvZqI51it5MVqOdZrXH3rNa4+9VmdusajLUZrq1KbRYyNRqMxvHsixvHw9nF1weKaezh/w2Mmo2EHNpqPsfRP8AB5vzHx52fZ+if4PL97Gse3Ly/V9OdgHV5BUFAAFABRFAVAFAQURQAFRRJVAAAVm1YCgAGgAAQAARQBUAUUBAABFRQVBBQFABAABUVFAFFQBAABRAFQAAAAAUAEBQAAAFAFARRBAUEAUARBUABQBBQEFBQAAAAAAAAFBAAAANggKrKwFABFRQAAAAA2KAKggqAqAAAAACCgEAFEsVKAAioFKDjzTeLE/wa6cv8WMOvFVT9eFmtXvUrhXpjLlzT9tdXLl/jWVfP9F09TnPu+pOz5Xpenq8n1Z2WgKiAKINcf8AJ68enePLhfblLprLm5M+fHGy4xzyYye3Dn9u8JJdvV6Pjzxlyz89o83HOKTHkl38vocfXGXxXT/j4f1titJ7ZLbJ1rSXs97LzSb5rfu9LjxY9d13cfFO6tZzsmFt7SPney8nLnnj2y6vb6rL2+nz/Dzemxy/s2d7bl0x5ftNEY9HcZOSbm/cvJZ/buOfODn6Djs4csrOuWTXLuev4L/6dPnX3bG0xty9dnJ/ll6/0ddY4+nx5P8ANk8n6l4/V89+dyO3p8vd6SzL/LejthJpHntv6uEvmVq9Mt+Wcr/xWP2xXO/vrrEezhyxy4L49u7XS45Z8FynT3YvDjlqfbb6HNy448UkvXKdI1MYjzY6nt1O3Z9GXcfMu5ej2+m5Pfhq9LOjr47qjsSaUehGcpLOpJIZz3YWfMeX0vLlbccrbrsxlZjd1XrHl9T6nLiuMnlnD1Wf6kmWtWbT5IPYPNjy5ZWbuo9GN3NrjnLdBnl7cMsviPgWy8vuyvS3dr6/rs/Zwan+Z8fKdU8l/B9L6fn7fSb8XOyOFmPFxcmUu/3ajnu4fTOOTf7s3jzzzy/bb+3e5Hny96HfG7u66ZYZcswxxlvVz4pt9L0WMxzu9dui4d6GMvpvu5ZvLWE66eH6h6e8PPOsuNm4+8+T9Yx3zcer19r03GaXHt8+dzmty48vwvaM8n8LHkrq8nBf713z/k48U1nPy9GUKreHZvDuxj2dMZ0c6PT6W/3uL6k7vlenv95j+X1YmPbOTx/Wv+R5P/a+N9C/weSdOlfc+qYzL0mW+2q+D9Cv+LHq8n1THp9TP+L53P8AyfRz/jXz+efucWo4otEVCgKyuIYiGTnl2rpY53tUajEUgigACKAgACKgBoKDIUUEVASotIBpUNKAaAQq1LAfQ01ILHZxXSyCwQ012SNAyqigz5aSiIsRYCgqKGiKomhTQEAQXRoAeP1n8Y8nDZ+p28PX67/J8V4+H/F14IruloAzXPOdHWuWV7o1HG3pfw+Vzdbfy+pevSPl8v8AOzp3ax7HKpSjqiAKAdwBUAUiLEVViArTUZjURRwvevRHDL+VIlRqMtRpFQWIoqKCxqMRtKrUA8oJXnz7vS8/J0yqxKwA2wJQEQAGp2UgKNTsioqtRnbURWo1GY3GVRmt3sxRWUvZUrSOeTFbyYrUc6ze7XH/ACZa4+6szt1jUZjUZrrGpFIVlVjc7MxUVrHrXt4OvHXiw7vXwXuxksdYIObTU7Pt/RP8DPT4ke70HrsfS8eWOUvWtY3Tn5JuPvG3zJ9W499q1PqnH5jpuPLxr6Q+d/5pxeWv/M+HxV3DjXvHhn1LhvlZ9Q4vlNpxr2q8ePr+GzrlGv7dw7/kuzVeoeaes4r/AJl/tfFv+UNw1XpHCeq4v+qLPU8X/XDaadxynPx/9UP1uP8A64bNOquc5cP+qL+rj8w2abSp+ph4yh7sf+qGxZWnPcnmNTKXtYDQz7p8r/oBViUgNCbNgohsANgKGwGcstddLLubKa0CiKCiAKAIAAgoKACACqECAAAAAAIAAAAAAAAAAKgAAAoCgAAAAAgAAAAAAigKAAACAAoAAAACAAAoACKgKbQAAAVFgKACKigAAAAAAogCou0AAAAFRUUAQBUUBAZtRWhIoICA58v8XLhu+Kt+ousK5elvu4qI82X8qzWs/wCdZrjXpjNc+Tem7kzydmWny+D9vrcvu+tOz5OE/wCO3a+tFqKAigCDeF1Zfh05s/19WT22OMbx37teKzXPJnHmvDPbfl9n0fqseXCY9sp0c+H0HFZl757rZP6Pn4W+n58pjdSXUd8ZcPbD77Od1ja83p/V/q6xyn7nbmupJ813uUuO4jWE6LllpMei9Ldpj9fQ5cnH+pj+/t8L7LeP2T9uOtdHVNs/HJdjzcHDeDG4W769Hl5pnyeo906TC9Huz5MZcrubxnZ87D1V5OS439tv+zw+STfpqJZc982c1J0/Nb3PZjjh5sjfqpMPRyTtuM45YXhwuutzmmMcvSsXj/v8tdbj0t+yc+WGGdxnW/Lpy+/h/Vys1M8u9ePku8pXab/Udp1iy9mcMv2Vca6ypXfG7krvwZazmnl473jthddZ3jU7ZfQVjjznJhMp2rb1QR4uHeHq8sfvXsy92v26393z8eTkx9Vd4zLLfXTHknpYn1D/ABMZ9nXD02VyxuV6e13vBjyZTPOdfh1ysxxt+Ixjh+0eD1f9zZJbqx7PT3+5x6+Hy/U5cvNnjncb7YTmy4bjbcpN9Zvw55eSYZK7+uyyz5PbO2Lw543q+jc+P1PJhMM5evWxw+oY48fNhjxY9bOsZ5XPeQxyavo+DGXrJbXg5f5Y6d+TLPGTF57f3y2b0z2j1cGNun0/S8VuUyy7R8vgzy90fc4prjx/Dfjm8gywuWcvusk8Pm/VOPL9bHPf7bNR9Z4fqk/uMbO8y/8Ah7NbXHt8zLCZccyniuOc/bXo4NXGy+XPkx9tseTKOkfPxv8AeT8vTa8n/wCp9tvVZ+5itNcfZ3xrjhNxvH+TnVerhv78b931Me0fJ4r++fl9bHrjGZ2xk5fUMfd6TL8Pzv0P/G5Z26P0frZ/wef4fmfoup6zln2evP6s49Ps5dq+f6ju+jl2eD1EcG48wpRWQKCLj3Tys7imTle1dr2crrekI5xSKjSAAIoCdgAEXRoEF6JQSxGksUTaACUUARaigi+KAl7AA+lFjMvRZXdxajTKxEaioKNCKAlVKCNMtTsIoQFIqAKIA1q2I6Y2arnl3ZRfCVZ2KK8Prb+6fh5ePryaer138/6PLxf4kixXaouTO1FvZxz7Ovhx5Eqxy8Pl8vXJ9S3WN/D5efdcVcrGWqzXVABQNCgIqAKCKoig1F6pOyxFanRwz/k7uHJ/P+hCoqRWmVNgiqIorUWWsxuIqxQQNuHL/J3cOXvFiVz0BW2ERSiIADYAqrEWIqxqJFiNN4tSMRudmVSs1qs0ErNaZqo55MV0ycm451K1x92a1x96rM7dG8WI1j3ZrrHSCzsjKtRUVFaxduK6yjji6YXqzVj10jMu5GnJpQAWVdsmxGpfsu1w4s8/442xrD0/LnbJjZq6q+09Oa7+z04eg5cr2eTt08xekllXfTS7Z2JtdNXrO9i72zQ2aa3fm/6r7sp2yrG1x63Qmo1M8tfzq/qZ/wDVU9tjG9wNR1/W5P8Arqzm5Z/nv+rjtdmzjHb+0cvjNf7Ty/8AXduGzZs4x6P7Vzf9bU9Zz/8AU82038LtOEeueu55e6/2/n31yjyeF2bpwj2T6hz/AC1PqfO8OzZtPjxe+fU+b/8AK1PqnL3uP+75+zZunx4voz6ty+cVn1bk84vmrqnJPjxfTn1bK5Se2t/+b3evbXyp0tTfU5U+PF9afV+n8av/AJvNdr/o+Ts2cqfFi+xPq2Hez/Zf/N+O94+NvoHKnxR9qfVOO1qfVOJ8Rccbl/GbXdZvjkfc/wDM+L7L/wCZcPa18T9PLzjWddTdh8eL78+ocN/zRZ67i/6o/P7h00cj4o/Rz1nFZ/KL/auL/qj89jdRd1eSfE/Qf2njv+aL/aOP/qfn/dZ2tJctb91XafE/Q/r4f9S/rYf9Ufnvdl061ffl391TknxP0P6uH/VD9XDXePz05M/+qply5/8AXTkvxV+i/Vx+V/Ux/wCqPzX63JNfuqzn5NfzpzPhr9J78fmEyl8vzn9o5f8Ara/tPN/1HM+Gv0XunzDc+X52eq5p/nanrOb/AKoc4fFX6Df3Nvgf23mnlf7dzfK84nxV97Zt8L+38yz6hy/Bzh8WT7g+J/5jy/H+6z6jyfBzh8WT7Wzb40+p8nw1/wCZ5+Yconx5Pr7HyZ9Tuv41f/NP/TTlD48n1VfKn1TfitT6nPinKJ8eT6Y+bPqePws+pYfByhwyfRHz/wDzLDy1PqXH8ryhwr3jwz6jx1f7fxfJyicK9o8c9fxfK/27i+TcONeseX+28V8xZ6zj+TcONekcP7Xx/wDUf2ri/wCo3E1XccP7Tx/K/wBow/6obNV2HL9fD/qh+th/1Q2arqjH6uH/AFQ/Vx/6obNNqx+pj8w9+PzDZpsY9+PzF90+Q00M+6fMX3T5BRNw3FFE2bQXYhsFQ2KCoAqCgigAIoIKiAsTZAaAUZtNlYu9ordy0z+pGcuzmbXTt74v6kcA2unf3xffHnWU2ad/fD3x59mzZp6PfD3x5yGzi9Huh7o4G6bOLvuHucPdTZs09EptxwttdBNNbGTYNbGdgLtKmV0ky2DUVjae5F06bS1xueqTO02aZ9TdYWuPoct8WX5b9Tf7quP06748vysRnk/nWMnTl/xK51wyejHpy8mXSNe3ymfZGnyv4+tfWx7PkZzXrZX18P4y/MWiioyAGgWOu45xqY3fVmsZPb6THkzz9uOeUx73q9XqPS8d4v24yWdrI8/07k/vPZq70+lp6fHN4uTlwcOPFhNTr5q8knuxt8OkmpqOWV/vPxG8/WA6Y9YsmuxOyuknpEeb1nqsfTY4zvlk9Ovl8T6jyzl9Te9mPRnO6g7ZZTkzuW/5Xq8nNPby42eK45245ftysdeHC8np+Xkzy37LNPHcdK9/qs98WOP/AFTbXoOOXHC3rqPLcvd1vw9HDy/2Xi4/dLblN37Rzwx1fbUZ+p55ZcmPDMb1ss+7x58Ocxy7fs7vs/3fqcceTHW51l+Hjw47ycXqMeTeOe3fP3djw8WW8O7eGe3H25cOVxymprp9z0/JLkxsr04cmsur0Y3q8dmrfy78OfaN7ZfU9Pr9KSeHV4+Dlx47+66mXl6MebDPK445S2PVjlLEOXK44zV1bdM8XD7M8s8uttTLLkvqccZh/dzvkvJ6jj4rrK3f2i3X6rqzy4zLCy3U8vNl9R4Z291/oxl9Qwz48pjjlLrvWbnj/o4+o9VbyXDDDH2TtXm9ZyS2dPDrycfTj5NamXTq8/Phlf3a/bLrbxZbuTThLdbluP4duPmuEu95ZXzXFuTsqNXK29WbOrrOPeNvwmOPVpDjntsvw+t6LPPPDeU1j4cPT+i/UwmWV1PEj6GGMwxmOM1I6+LG27Gnj+py30254y29jz+t47y+mzxx793phO3x+K9NLzzUmXlxxz1t1yvu468uV9ur5WUk5L+Xpyva+Xm5enJfy9OXafhzrTphZ021P5bcuP7uk7udV6uGb5MZfl9ePj8P+Jh+X12J2xkx6vr6TP8AD8v9JuvqWc+z9V6ib9LnPs/J/T77fq2U/L133izi+9Z0rweofQrw+qmnJt5ErSMqiKKM+VncpO8RVvZy8uuTne4OYeaI0CoAEAAAQPICAKIAgWbRRRmi6TwAlFBAFDSUKD6EajEqyu7i2sYla2DpKM7XYjQz7jYNJTZaom2ow0DUVnZ7gVU2bBRNm0G8eyXuzs2mkalWsbXYrxeu1+pJ8R5eO/3sd/V/4nTtp5+P/FWK72oJ2UN9HLk7Otrll5Zqxxyn7b+Hy+Sat79H1b5+75fJP3X8tYq4o1WXRAU0oiooCKCopoQFiLAWNRIsRWnDk/m7OXL/ACIVlYzGo0yoCKoiwVpqMtRFVUVAcebw7OXN2WJXGhUbcxKqAE7izuo0qCKqxFiK01GViNN4tsRqMqVmtM0GalarNVHLJh0yc63HOs1rj71mtcfeqzO3SN4sTu3Ga6x0RTsyqxUiorUbwYjpizVj0YfxjSYdlc60oioCzp1RfAj7v0/Lhx9JjuddunpuTCc3qe2tzTP0/i48vSY3z3T0fFhnyc+/FdI82Xb03nwmOXWTo/M56nJnr/qr9JyenxnFnddJH5vL+eV/9VTJvx9oqDDsoh5BXo45MOC8nnennnV6+PHHj4LhyXe+s+ypXHHnsyls3L4PUYTDk6drNxZhhj3u9Mcufvyn40DAKiggDt6fGZ8sxvau/wDZcd3rHH0suWftnexbwcm71v8AqrNb5+GY8fFjNXeX+rHqOK8XJ7bNbdeSZcXFw+7+Xu2x63nvNz+7LHWoEcEBGlIiivV6HjnJ6iY2bfTvpuPUntj5v0zp6n8Pr3KTverjlyuXpyzy1Xly9Bx5deyf+XY3G6y6vX78flrGyzZrOdsTN8Dkw9udx+Lph19R/jZ/lydY7wqxBVd/T8N5uTW9YzvX0cMcOOaxkeP0d1x5a+XXPOYY216/HhOO3l8m7dPTNXxLHD1HBjnhcselZ9N6i553CzXR3l/dpw82UkcLywr5dmqjfNr9TKTttzcpdvfj7jpj2XbMXu1CvTwcFz/dl2erHiwmMmp0c8bZhMZ0MuaYa3XrmEkebLla3lw4ZdNPJy8V47rw9kzmWO458/7uO2+Hl8lm2MM7MtV4qzWqxl2ZeyM2r4TvS1Gli7ZNg0bRKDWzaALtds7Ng1s2yoLKu2QGtm2VgNbWMqg1tBDZpdrtkNjUptnZs2aa3tdsbXZs00u+ndnabXaab2b+9/1Y2uzZpr3Wdrf9T3X5v+rOw2ajfvvi1fflvplWA2ajp+pn/wBVP1Mv+quamzjHX9XP/qT9fPxlXPYmzjHX9bk/6q1PUcn/AFOGxdpxjvPU8nyv9q5flw2bN04x6P7VyfKz1fJ8vNs2bqcI9U9ZyL/beT/8ry7NnKnCPX/buQ/t2bx7Xa8qcI9n9uznhf7fn8PFtdnKp8cez/zDL4a/t+Xw8G12cqfHHv8A7ffhf/MPs+epyp8cfQ/8wnws9fL4r52zZzqfHH0Z67FZ67F80XnT44+n/bsF/tuD5mzac6nxR9T+2YE9Zh8vl7Xa86fFH1f7Zh8r/asPl8nZs5p8UfV/tWHyf2jD5fL2bOa/HH07z4XzGf1cfl873fdPdfmnM+N9L9TH5izPH5fNmV+V99+TmcH0ffj8nvny+d+pflffTmcH0fdPk92Py+f778p78vk5nB9GWfJufL53vy+V/Uy+aczhX0d/cfO/Vz+T9XP5OZwfRP6vnzlz+V/Wy+TmnCvo4XTpuPlzmz+V/Xz+V5p8dfT3Db5k9Rn5q/2jP5XnD46+jtdvm/2nM/tOZzh8dfQy6xJNPBPVZr/asonOHCvf3TTw/wBqy+F/tWXk5Q4V6Mu5Hn/tNvg/tOvByONdPVT3cVn2cfpl1hZe7HP6v+7u44/TvVYy59PKzJLjXq5p/eVirnl78rWa511nSMZNsZ9kV8rm6erwfV4/4R8r1XT1WH5fV4v4Qo0oIAAOvDx3l5McJ03X1uT0mGXB7McZ7pOl8vk8HJ+nnjlJuy7fc4s/fhL5dfHxvqueb4vBzZ+m5/3Y9Z0sfY4eb9XD3e24/l4fqPD7eWcuul6XTrw+omHFJcbbO33TlfHdMdvc4X+eX5dOPk9/FM9aZ457utdPJeWpEdceyg7yaiI819LxTK24zrd9XpvZ4fV8+XFhhhZcs7lveujGeMynsfI9fx5cXrc8J0l6z8PZlx4cH0/K43fvsleLn5M/U8+fJlrcuujpOS8/Fjx9scctvLlqK78WNz49ztO7tw2ZesuGd3Jjrqxx45cfDZO2V25YYZ8vLcp011t+HGVt7rcPT809uVk8yJyZYeoxyyxusvjy+bMreTK3K5W3vXXjz9ucs1tudG3u9R6fH1Xpscp05MJ/+R8fiwy47Nzq+jy+sy9PvD2yZZWd/DxZ5+zlxyvZMqO1lpjfbWv1Mcr07XqlxMck07y7kl7V29Fj/wATnbOuMmvs8/FvXXw758ufDjllxY49dW2u3jy9svT6v1M9Nxy692VupHyOX1XNjyX9Xj6W/wBXq9PhzcvL+vy47+Lk8/rsfdOXkuc3M5Jp0zy5K49cpll93q9Lx/rcuON/j3ryY5WSzHeV31078fPycHLjqas77cP32Pf9Qxn6eFni6kej0/F+nwY43r8vn58vL6jlxxympudH0eHK5Y23Xfo6Y545eTQ+b630P6dvLx69m+uOuzyyPueokvp85e1j4cxuM1WvLJKivZ6T005Jcs967TTySdXt4csuDhmeV/blezhPd0r6GGMxxknaNOXDy/qy/tuOvl0e6eoyrz+u5Lx+l5Mse+tPQ8n1OW+iz140qzt8Ps3vWN05S7dPDxZX27Pnc+v1K9E/jHD1E1y/iPRh14p+C9K1hXTHu5Yd3WVzqvTxT+8x/L7D5PBZvG35fWZk9sZJy/4Gf4r8j6a+36v/APur9fl14s/xX5DUw+r43ffJ6r9GcX6C968XqZ3e693j9TOlcm3iRUZVBUFSk7lIC2dHPLu61zyQcvK6L3BoABBUQVFFERaAyLpAEVAEVFAOgCFXSXoCI0iiIoD3Kmx3cWo1GI3BGtLGdqo0JAFRQBNLoARQA2IDQiwBQANBUHh9bJOSfOnn4/8AEj1et/lj93k4/wDGx+5Fd70ZarKiXs55dnTTGfbozVjl5+75nP05L08vpd3zebpld3fVcVcb3RbUdUFEUNAIoAACgiyosBqL2SLEVpy5e8dXLlIVzajMaaZUBFFSLBWo0zGkVqG0ioFc+b+Lo58s3isK84DbkJVRQWMtQFWHlUUWIsRWo1EixGmsWozi2yqaZq1KCVmtVmrEcs2HTJzrcc8ma1x96xW+PurM7dI3iw3izXWOkCKwpFRRWsXXByxdMGasenHtFZwvRpzrQQEFEUR24PVcvDdY5ftnh24PqHLw5ZWTfu7vGbXaXGV9XH6vcsbM8e8fLt3UDaTGQVBGlE2QHXhyxwy3U5OS8mVt/wBGANF66VDYqiAKIoOnDnOO+7zOzX9py24gmno5Of8AUmHuu7i58uczz3HOKpoARVNoXsD2fTbMfVy2931M9Zcnfo+DjbLudK6Tn5JP5Ux9XblnhyfcuOGuli8VkmXuvaPhfrcnT993Gr6jlu57m+W5ZWPiuznu+bO/dyq27u6y5u8mlWJtVV6PR5dc5enw6cvXc8PHjlcbuPTjzTPH93SvX485rVcrj72nFl+hn7rOjtl6vpfbj1+XDK429a55ZeMXDyYYnCZXdTLK29SJ2HJ01pudmpWYrUHsxynsmnLkm9s8XJrpezeXWdHrmUyxctarpx8uOPHN950Z5uaXCY47+7lZPLGV6vLnhJdpPHN7NsZdmmc2XaIIMtKIAogCgKCoIKIoCoAqsqCqyoLsTyoAAGzaKgKgCm02AoAKqAKIbBoZUFE2AqomwaE2CKgAogCr4QBRFAVAF2u2VBRF2CoAKbZUFEUBUAURQAAURUBUQFABRA2KIA0aSALs2IIuxAF2CAptAG8Z8rYxLpZlV2jft1GMl/UZyuzZpw5r+2vN6D/Fynbq9PL/ABryejv/ABOX5ahX1orMaSoyzk0mUQfJ9ZNc+F+76fB/hx8310/vMb8V9H0/+Hjr4UdkVGQBQaxfZ9FLOGW3b4uL6fpfUezg6y3S45THLdYz6ej1kmXBcb57PBnnMJr4cfXet5csvbjjqJ6bjy5eO3PLqvlymd9M60+n6bk9/pblrXd6OL+LycX93wcWEvTKvXx9I347/cjNbAexlyvPjhv9T9uvny8/62PruPkx4pf29PdenV29Vx8fJw5fqdpN7eX6bzcOOOfHMpMt76+XK226Vw5fp89LjMscrljemTjcMeKZSTXTcfZ9Rx/q8OWO/v0eLg9Leaf3u5ro8/m8d5TiPD6fnzz45jl/ldLllh6XkuPSXvXXL0uPFy5449rdxr1nHZ9P9s6SatrhlLjlpp87in7Xp9Ljh+peblsmHH1181y4p/dpye6ezG7mOU92m5ZB7fTcX9svJzcv+bLpPiOX1Xi4+Hi45jP3W6j1fT88ceC7yk1l8vBzc19V6zK98MLrFy9X3+rHTDHHD02Ny/lpjDktk93S2JyZ+6TDp07Od5vZqZY/1bivVLqOnDzTOe3LrrrqvNwcnvsl8/DFtxz6d5W8bpmx9bHHeMy9VlJ7u2EvT/8Am4fVODHH0nJljJj1nSR4+Xn5MuSc9u8sf4zXSOnJh6z1fp8s+W/s7zGTW3fGyo8303kyy5Jx8fH1zvW+JHf1mV/Xyxuty+GvpXByfqzkkmOGPd2+o8eE58fFym2cug9Ny453LK9Mt9J/R19N63CS4Z7mu3Tu8/ouLGcust3LLt+Guf004/U7wysx1u9XOY3H+4PVzeomWFknT7vByY7m3W5f3XJ9o4Y57LncuxqY+3DfmtcOcvtw5Mv2Y5bsN7jHpfbPVTLkusYY+qPq3l48uO5+79km/jbnj6q3jmfskluu5+jw82OWfLjNePGo8XJlv3ceN/u+2Py9GeVk9Mvo5+oxx7a1O9cPW82HJ6HlsuujycdvJPbl1mPQ9RwZTjzurlPb00xPJas7fPx6tz+LlK649tON7d3i9V/N14+vFi5+rn743wdeKT4jV6HTBud3PHpXSd3Kq9PHdWdX2Mf4z8Pi4/xfaw/hjfsk7Yya/wD08vw/K+uxmHrfT2ecur9Xj1lj8r9T6er4vtk9X/lnF9q+Pw8vqZ0r1b3J9483qZ0rk3HgqLl3RlURaCpexCkBa55OnhzyBzy7ptcu7NRpdqkUAEAtPKU7goAqeEWpVEVARUCggACKAhoQEo0zpR7PPdpmd2o9Dgsan5ZjUoNRUgDQbFFENgomzYKgAAiDQhsGtjO12DWypstB5fW3+HZ4sL/eT7PX63/Lb4ePH/EiK9FZW9UUK55dujdvRi39ukquU7vm88/dl+X0p3fO9RP7zL8mPavPQo6oqKiqCKICAKCoqLEWA1FkSKitOfP4bjHN/GEK5bVI1GmRUioooQVqLvaSLEVqKy1ECufJ1xdGc5+2kHlAdHIRUqgs7stQI0rKxFaixIsRYsaiRqM1pvFamPhWVZFZUSpWmclRzzcq65uVbjnWa1x/yYrfH/JWZ26N4sNxmusdIqY9lYUIEFdMXTFzxdcWa1HTCtsYtudVQEDxBIoAAKgAKgCgAAAAAKigoAAigAAoigEEBrfUSdwGhFQBFFHScWVnZzjUzynarEa/Sy+FnFkz+rl8r+rl0a3E1V/SyJx5ddSpOXPfeLObP5Nw9r+nl8VnKXHu1+vn8xnLP3Xqz6PbphhlZuRr9PL4Yx5sscdTWj+0Z+NLNJqtXDL7tTGyMY8+R/aMuvSNbhqtXHJPbfhP7Rl8Rf7RfiJuGqXG/DGe5Ozf9ovwxycvvk6dkulm2FQYaURQBFA2IoAALA8KBAAFQRVVARYpOwAlogKIoAACooCoAoiyAogguxFBQAAAAAAAUABUigAgLtUh5BYoAAACAKqAKCAqpDYirENgoigCKAAAqKgCbUAAFCGwA2AAAAAvfsvspjXWXHSxHL2VfZW7YXKCOVxp7K6b2orzcvHfbXg9NPb6qx9Tk3ro+Zj+31jUR9WNeGce0aREZy7NM0Hy/X9Msfy9/puvFHh+odNdPL2+ktvFit6HoRRkRQAj18HJ+2yvJHbiuru9mM5uJWuaY55fv8JjjOuOF1Ho9VhMs9yaljzYcNwzmr3qybm4xXv9ns/Qw+Jt6+O9XDkx1yY/bEvNOG4+7rv4MMteRmx63j+o8v6XFj03Leunoz5sOPCZ55TGX5fM5uTk9Rnlqbn+WPfnlJGHl9X6u8np/wBPjuXW9ZXL0ONx9RhLN+6u3H6fLm9R+j0l8109ZwT0PLx5Y5bl6zfy5Y4fsH2y9J0jyen9bjnwfqclks8RcfXcNx92V9s8bnd33Feb1HJ7s8r1l7aY9bl7fp3Hjb1yym3bPLi5+XHOfxnf7vN6+fqcvFhhL7Xgyvu5Vpni45fbjO11E9fd+sxxnbHHUezg4fbydd6k/wB3j58byes5LJbZdSRw5f1scMs7jLJ57ueOfW3tt6PU+mz48JnlOt8R5O1dsdWek27XeMmVauGPJj7vMjr6eY8vpbL1sqelwkw5cLN9Zpz5arccfR548fPZndalTHP352xfV+mvFyY29PdOy8OPtm9dHXHV9o7cGfHcp7/4+X1cvU8X6d/TymXTpI+RlxSYTKXv4dOHkxxw15rrhlxR9H0OOWPFu9r2j5/r/dn6vLKdZOj7GEmOEnbUeTn4uHDk/Vzut3rvs35rxwR8/D1HLhye+Se6dpWsebPn5rln0t10i8/Jjly28cnt8ac8ccsOS5TpLejzTO8dDtz5T92OPa9Hll1dTw6c2UwuE85bce1/KxXXlzv6eFx6fLfFdZ45fHVwy3cNeHbjvSfZdjp6jly55+6dN9MZ3rXHxY48O8/8TfSfDt6THjxxvJnr3Xpt6f7NLyYZ717fDpJcumXD03pbllcs+mN8PdrU1FcOf1Ewlxx65ad8ZPHPZPb8/wAuv1c/bNT3Vrj7VjK7ytut7bw7PNn7ru83rJuROG/3Wm/WfwnRz4f4ZT7n4OmN6uscse7rHKq7YfxfZ4bviwv2fFw6x9j03+BizO2cunfB+U+sft9Zj8TJ+rw7vzH/AIg4rhz4cm+mWV6PZj9XPF9fDrx4X5xjh6idK7cPXg47/wCmOXqJ0cXR8290rWXdllpKKgJRagNeHPJ0nZjIHHk3tlvPvKzoagrIiqCbEBAFE30NiqCKJpQESioCAoIACCoAippR6ZWoxGnocG5WtuUre+gNytSuUWX5VHTZtz2u6DfuT3MijWzfVkBrZ7me/QQa9xtkVW96SZXbImhr3L7mAG/ee5gBx9Vd4yvHP8XGvZ6nrxz428e/34/lB3tS08JRS3bnl2rdYy7JVc9vB6if3uXw90vV4fU/4uXXfUx7V56imnUQ8rpBAsVKCAqhAVFRYiwGp3ajMWIrTnyz9s26Mcv8SLXGLEajTAKCjUZaiKsaiRdsqKkagCXtd+YproDyIeR0jlUBFQaxZaxBoFiNLGkistRqNRiNpValXaSNSMqjOm6yDNjNbrFjSOeXlyrrm5VuOeTFa4/5JV4/5KzO3VvFiN4M11jpOzSDDQQWA3j3dIxj0blYrUdMG2MW2KqgICieQUFgIbMr4QFEVQVFQBNqAAAqKAB10AAAqKAIu0UOx/mAIp8HkBU8gKGzwCiAKqAKIA0IIKIoL4TyeDYAACpAF8EQBRAFAAVAVRFEFRUVUAFEWAoAKIAoAIAIqKgCooAAKIqKAAqoAoALsQBTaKgAKAqIKAIKACptQAABAFEAa2IAoigbVEBpWVBRFABQAAANoBaABsUAABUUAAEXQAGwTaBsQ2Ls91RNrs0Z5XV6vnY5b9ZNvfl2r52terl+W4PsY9o34Y4/4RsZRm9mkoj5v1Cft89Hq9F14cfl5vqP8Hf6fd8EX8HrAZAADy9HBhMt7m5Orz+Xs9FreU+Ya2zl0ufq8eW4444+2RcJMufjnee5wvD7bNu/BJjzYZW9msfTnt7eT/E/o5e2Z+rwlm9R1v7strw4fuyzs+zn45y8lp+PnfVuXfNjhP8ALHlw9VzY39tkT1GXv9TyZW73l0rEsj0ZYy32w9PovUZ4equeWMyufS9dPpfUfTcfPwbznXHtXg9N6LPm1lJcZ8vqzimOEmduft+XbCXWlfJzxtxx9PxY9u+vg5Pb+ncZO3R9Th4JxY5WT9+Xevm6s/U9869ejn5P5HLg5bx5dJvH4093BzYcuVyyxxxs6SPF6eX33U7x7ODinJhlrprKddPHlu1Xt10+7OHDjjuyTdu7W8Z06tb1Hpx8eOt2G3j9breON/zPk58Ny5LMZ5ez1X6vqfVS8c1hh0lvlvD0+XHjcretea2S2xdPJhf0r7JOl7r+reLklk3vuvLLPzt0vF+rx9HK/wD1uMevz/Uy489amuzzY8l6Ttp6+fjys6zpi8uXDllZ7Z3dpZIy9np/Te7hvJyZXWujHouD3eoxnWze/wCjeeOV4pxb6YeJ5e70Xp/0MN5fyy7/AGd/FjtKfUOfL0/p/fh390j53Pz5eqmPumMmPXp5dfrHqcfZ+hj33uvJ6SXXt79KeeypHf0/Jw5cUnfKd+jdzkwuPe7/ANHj9FNY9XfK9K444yq4eowty92vDGOXux+8d/UZY48Mtv7su0eXjms3QeiTo9PpvT3ly9s6Y+a8+E3lqPq+hyw9lwn8vKYyXKSlejHixxxmMk1G1HumMnTDOXWPDvDLm5M5d44YvfZuaeXn9NhMMssJq66yeXLyY79tR8DL+X9XTBjOat/LXH3eauzn6ya43D09txvw9PrOnFf93m9LZZWr0Os7usc2451Xfi6Pq+ku+Cfl8nj7vq+jv9zr4rEZy6enH+T81/4ky/vsMfi9H6XH+T87/wCJuOzkwz8PZ4/q549voelu/S8V+cU550T0F93oeK34a550cXR8zP8Akw3yT91ZZVABUqLUBqdmMm52ZyBxzZaznRlGkFQDwguhUIAAAAAIACoJ5EAqKKCUAADyAo9Ol0R0j0ODGmva1qKDnqtSfLXQXYntNNyFkEY9vRfba3IssUc7jqM6dctVgE0arpMZfK+xBy9tX212kiXobVys0y6W7T2gwNaZoJtUWRRx9RN8f9Xi/wA8e/1E3w5R4Mv5TXz1ZV38ItQGcuzOXZqsZ3peiVY5zu8Pqd/q59fL2x5PVy/qXfkx7V5auyo6hsSoDW0tQVFEVBYAKKig1CIsRWmeSbwrUTOfsy/BFcPAK0yACLGozi3OiVqKqS7VlVgbWAsSm1B48u9jLfJ0zy/LDpHKlRUVBrFlrEI0siLEaaILO7LTc7taZn3biVV0qKyrNRrSWbBlmt2M1qI5ZOVdsnHJuMZM1rj71mtcfeqxO3Sd28e7DeLNdY6xWY1GGhYLO6K1K1GY1GasdsZtrTPHl7OrW2KqgICoALEXyDOX8liX+SqAoAIoACCw2knVdAmPWVrROwAQABFAAFUqGwPOl7JO4gqxFAAAPAAsEigAQF2FAVAgKbQQUO8QFBAaQAFIAACgAKAAqKgAAoAAAKACiKAAAqG0QSKKpFRQAEBQAEUFAQCAooACoICooCoAokUAFQFQADaKKIAogCqigAApBRARdIKACgAAoIKAgUQIqRQAUCCKAAAAACAqUQChQGcu1fOzsnq8X0OS6xr5Vzt9XLZ2reKV9zj/AIR0cuG28c26wZRK0lB876hN8dsdPp3Xhievm+Kn02/3TX4j3CjIigCO/p+T9PklcV8JamXT2+o48ubDHPjnSd2P08rwzKduzt6b1GH9kuOVmOpru16Dlw5uPLDvq9j7enF14v4zXbTH1HmvB6T9t1ll0deLGY53CXft6vnfVuf38+PFj1mHf8t+HHjLSvnTHq9/oODHl5cfdLqfZ5uDiy5eT26stvh9/wBPwzh45J3812xnKsuskk1OkSzetrbJOvR4+b1+OHLMMZvrq2vRbIr2WbYy4cMsbLjLL3ayzmMm/N0u4l1exww9JxceW8Zf9XbHDHGaxmo0ExkRNOee3VGc8OU0PNnZMd3pjHkx5s888s714+0j2+o4P1cLJdfZ5rx/p448X/p3fy8OfiywdZXC65LlPs16bL3YSeZdM8c1nyX/AKYx6DL92r3cssf5WPR6rczxn+XTlM7hjZj029Pqf8Ld/wAteHHlxzyyk66MPcZr1+hx9/JvLrZ1dvW+uw9PhZLvP4nh4eDny4PfJP3ZT/R5uXi/ZlnetnWvXhnMcdRl5ss8ublvJl13X0PQcWUzwvtvWX+jl6bk4+Thx4cMLM7lu3Xh9fj1xzerqRwysuclV4M/SZelk3fdL5dOLhwnpeTm5N+dR0y556zpx43WPW2vl8vLlnvGZZTD430dbMcb6HfPDiy9DzcmUmWc6Y/Z5ePH3Y+7u7enn6kxxs659Oy4+ny9Nl+jnuzfSs2+heHrY9nBrDlm+m+1c8eKe+yXUemYyTGTtHnzvrbTvOa2SYzr93n9V67Li6ccxtnfbPqOW8WMw4/8TLt9nzc+HL34S5W3Kuvh8md7rN1Ht4fqnNyckxvHh1uvL0Y+sudmGsbcrrp4fEw5PZnlcb2qYc1mUstlem21mOnLNcmc/wDVUw6MZW222t4dXGu8Y9V14683pbu5PX6mf3eX4eP0vTK/Ni/ivRXSddMOmLnR1431fR3fHZPD5fDNvo+gvTPFEy6ezHu+H/4o/wAPik77fcnd8X/xNjviw+z1+L6uU7dPpd39Pwdeb+Lh9Hu/QY/l6Oaftri6Pmcs/fXN15ZrOuaKiKiKVlpkGse16Jl5OPyZIOGfZlvOdGBqACKiqKIjSAgqAigCAAdEsOwoiNJoRBUAAAO4gPXFl+UlK9Li3MmtuUXYje125rtR030TbMq/9wXa+5DQNbTyIDXu0vvYXXXqDXvveJctmjsgG0qKLbtitWICw7BYDn6i/wBzlru+dl3lny9/qtzh6eb3eDK7ynztFei9WVAZtcsnW9nHPsVWY8nq5LyTrez1x5vVzWc+6TtXkqNVK6iVABBVEAUVAWQEUVAWJFFahlP238LEs6IrzLEve7WNsKeRQanYSNMtLF6Ioou0WIKs6IqDyc0k5MmHTmn95a5uscr2ICso3j2Zax7CxpYjUZaagLEaajUZjeujNVVkSNIqVnbVZsBLWK1Wa1Ec83LJ1ycsm4xkxW+PyxW+PyrM7dJ3bxYjpizXSOkaZx7NSMVoaiKiq3gw3gzVjdkbnaMxqMVWoIqAAAIqhFQAVlQFQBQEFlXbKgptAC0SKAqbBVQAURQPIAKIsQUAAFAAAPIeQDR8mwUEQaSkAX8CKAi+AEU0ooAACSAoAKIoBABRBBVQBRFAVAF2ACqQQSxC90BdhOwosVFQAUAABYioAAAKAigAACooALIDO2pCKgG0AVNgAIoAKCLIKCKKAAAACxUAXZtARdgAbF0aAFRADaWgulSNbBDYdABUAVFA2ACCoAimgQkXSgxnP214M+P+9mpH0K8/JjJWpR6+C7446xx4P8OO0VgqLUqDxeun9zWfpn8NOnrZvjs+zj9Lv7dfDf4PpQIMoAAL4RfDNSsW7mnTguXFbcMrjv4cno4cfdYzPXtxej0+XJjc+WW3Uu7a8XHjlz8t11yyr6fLj+n6TLDHvelPp/o7xf3mfS+I7eLeXRXb0npZwY7vXO978PRnnjhjcsrJJ5q5WYy23Uj431HnvPljjjdY/wDd67ZhEa9b9S98y4+GdPOVeDG75J13bYmWGppfS4+/1XFj/wCqOFz5K+36/P2cOHXr7o7zr7d99PnfVeX++4+Of5etfRx63H8LveQ6gPUyCKAxnx45951+WxLNjxT09wy5P+nKPn44/o+r14/7PuWbfO9dwXHWeM3128nl8WpdNyu+WEz488fmPicMuOVnmPt8V3Mb9ngw9PMvqeXHZ+zrf9nk8X+LXOY5XLd7Nzj92OU137unJx/p7xnjKTdcPV5Z8Hqbhx9Mdd66SVNL6Di1z261p9Lk3OLPXex5fQ4ZTeWV3cn0cImGPPyFeP0/pubDjywvtwmXe+Web6dw8fFllLd68vdy8mPFhc87qR8X1fr8+fO+2e3Cdur25YYzFHW8vp+CcMnXLG7uu7PqvVznzlmFxxx7bvd86X2Z+6/uu3o4eP8AtHLfdv2zu81/nH2PX6WXPfJbdeI9eeePBxZcmf8AHH/c4sJ01JNdnzfqHLPUcl4tz9PC/wCrySXPJrenbP1GGfFOa9c8rqSR55OTLkxzs10v9G8OXhlxymMsxnw5Y+oz5OS3HGS3t8PXjNMW7eecdx5LNd09sl6O+UuVlrlJbn7cZ1nWugsjeHRmN4udd50z6jrhl+Hj9P8A4up5j2c3XGvHw9Oean2Ir0Xo6YsVrHszR146+h9Pv7sp8x8/jj3+h6c1/DKXp753fJ/8ST/h8a+tO75v/iLG30XR6fF9XKdvP9Dvu9D/APue3l/i8H0C+70mU+K+hyfxc3R8vm/m5O3PP3uLNVEUFRlpAMZrZl+Fx7mXYHHLtWNOmXauc7RGoaFEUTSngEAUQVKCAAdoACI0zVEA2Iqa0AIpUAAB6jQaelxA0QGlhpZFQXSwA0Gy9gRdEagJprwbiy7iKxaW9CzdgIjLeTOhTwNa6GlGRdFQeX1fbGfLxWPoerm+KdHz8+oPR4n4TfRrvjO3Zzt18Atcc3S3o48lKqRw9XvcdpduXq5+zCpO1eO96zVvdHUKipoBTQIoJRRdooB1AVViLEGoXrCLvSK817kMv5UbZVYiwFWI1EVqAMqLEUGosSCDzc/865O3qJ+6VxdZ055doArA1j2Ybx7CxpqMtSMtRpYjWPVGmo14TGNM1ojSRfKCeUq1AZrFbrGSxHPJyydsnLJ0jGTnW+PyzWuLyrM7dI3ixG8Wa6R1jc7MYtudaFRUVWsay1EV1lajk6Y9marSpBBRAAAFQAFQBaIoKIqApDYAdwE7B5AURQIBaKBoBSIoKEnQ0goACoAoAHkAUFQFRYIEL3L00eYoKl7rEAAFE2AAARUAUAAAFAQUAAAAFAABQAWAIJUWigsSRUFAAVFAAAUEBUUEVABQAEUFEUDSooACAJQFEAUAFAgKAAKAAqCCoosDwqCKi9lDSobBQAAEAmPyqggKCFAQAAABUVANfIXsyDRtnaCtbVmNIJXm5t7ei9nLkm1iO/pv8N3jh6bXsd40xSpWrEB5fVzfFXm+l9Nz7vV6n/DyeT6Z0zz/AC1+D6kCKyIKgCo1CpWPb1ez0mH95i80s93V6eHlxwvu76Ys3HF9HDGW9XZ4PTcmXqPU+69Ji972+CaxSuPL/eZzi8a3l+Hz/qcxnqOOTU1i9k5ZhOfnz1MZdS/h8fn9ReXk9+d3v/seW7x0OWeU91j1fTeP3eqwy1228G/dnX0/pe76iSdscba88nuDHq7L9Syl69Y+zP5z8Phepu/qPJ/7n3eKftlveyO2E/oroA9TIOPJzavtw63zXWdgUEvQFSyZSyzcooOH6U49e3+Lz54+36hwZ+MpZf8AR7nm9Vjr9LKd8c48mXi43lGpXn9ZjrLP8yuH1bj91w5JvrOz3+pxmWVx13xteDnt5PQ4W3Ux6X7ud9ZVqPT6K3LhmWX26M/UPUcnDhhOLL23Jv0s1w4SeI8v1PP++xx/6Y4+O+7SvHbny533W5X5tcutunt9D6O+p99uVwx+Z5d8vpOc3+nyT+r1aysZfJ9uVykkfX9LwfpY+3ru/wArXHi9HeLn/vJN49Z93vmsMLnndSdbXk8t3eLUeb6h6n+y8Mxw/wAXPt9nx8cLlnrfeu/Nn/aObLlyvW9J9oxZjMsZMtdetd/HhxjNdMcv0uHLH2y3K9/hw9vJxZyzpGvUc8t9vHqydmLz58v85J46N6Ze7h5MM/Sct1f7uSvJj6nVy9uOvd5dPQ9eL1mF67wceCY3rl11NSMzuq3j1rc7pnxfpZe3e7rdMe6V2nS8n8a8XBP+Lx6eX0OSS186bx9TNd5f9UV7OTH25WJj2OS25dfJgzVdcK9vorrmn4eLF6/SX++x+9YpX053jw/Xsfd6DL7PdHm+rY+70dk8vV4unGdvkf8Ah6/3PJH1c5+18n/w/wB+XG9318/4sXutvl+o/k4PR6mfueditRLBUFRL3VEGsTLsYl7A45TpXOdo63u5zsVqCgipoVAQVFBFqVBBUUAARK1WVRmrIugETs1tmgbKmkUNrKgD2LOzy/r3Wj9evRpw29dSPN+tT9ero29a7jyTny+F/Wvwujb2Qryfr2L+vkaTb1Q11eWeoynxKv8Aacp4mzRt6V6vL/acvlP7RkaNvXtXi/tOW+21/tOXk0u3qu9rOzx/2nO3wv8AaMoaNvWPJfU5eE/tOc+DibezfRNvH/ac/J/aM9nE29ha8V5899z9bKeTibd/U3fBej52d6fd6MubPLGyvLlflNG3ql3jj8aYy7sY532zZcgXK9HDO9ereV6ONu6itYsep/w5fhrFn1H+Db8J+tPDYjVZrrBDqEEUoCm030ABUjQKdP6mvvRFOixFgNRUi3sivPn0yqReT+dRtmq1GY1NIHlqJGp07oovgEUikAVUVB5/U6ln4cXf1PhwdMenPLsrKo0wN49mG8e0FjTUZjcZbitYstYo03i0zGmVXYaNIolXXRBGWa3WbIsHLJxvd3yccu7cc8mK1x9qzWuPs0zO3Sd24xO7pizXSOk7NJi1I5tI1IaVFI3GYsRWnTGubeNZqtmjwIAAAnlQAAVAoEU0AoVEFAgCoooioIACqABsRQFRYCqggs6iTssAAA8qJ12KoIDSAAqKgXuABTyiwFE7gKIAohAVUigAAKigAIKigENgBFRQAAURQUBBAoosEVAVDQCooEVFBRFQAUEUAAQCKAKIoAAACAgqgQUABAaSKAqCCgAoAACgC6QFRQBFAAAVOqgAAogAB0AAQAUBCkArOmksUZWGl0BFQqBXPlvRuufJP2rB29N/Gu8ef03avRGmKqVUEcPU/wCHk8H07py5T7voc83hXzvQdPUZeOrU6H152UnYZAABYiwSs669T9TrqMcnLMMrvtHHizuVuXy3hI419n6dyYzOy3Vsev1fPOHjnX92XSPh3K4Y7l1XT0M5PU+sw/UyuUx69XeZamken6tyfoej4+GauWV6vj+3K43O9J2ej6vzTl9dZO2E08vvy9vt3+3vpi+1axy9t2+t9E//AFs740+JX1/Q/t+meoyvTfRnXtHDPP3+r5cvnLo/Q8X+Hj+I/Peh4v1/U6nbu/Ryakk8OvjnvZTZXzb6zHj9Zn0uU7PRh6/iy3vcs8a7usziaejDjxw7Tq0+fn6/K3WOMnVcOT1HPlNX2yfCc51DT28nJMJ829pFxty62aZ4+P26uVuWXzXRsBy5efDix3llPw8efrc85rGe35qXKQ0+gWS93Lgl9nuttt+XZe0cOWX9fDpde2zb5vDjeSXh/wDV/o+xXj4vTZcXrMsp/HLdefPx/wBbbldccPZPbPHR8r12svWZ3e5NTT7H+a/l8L1U9/Jnnjd7ycJjJfRH0/Tes9PhhMfdMbJ8d3aes4crrHPd+NV8XCWSW2S+NvT6XCzeV1bezWXmuGJp7cbeTO5XvXe44fpWcslxvffZyxuPHx3PK6xxm7Xw8/qXPzZXHPKezfSacvDd3lSvZPpmPqMsssMvZjvpp4OX0XNx5WY33Tfd7PTevx4pnh191nTXZ09L6vG82GGfXd29MrL5Vx/S90yxu/w5W6u32fW54cnqcpek7beHn9HPFkl6zS2i/T8pc+adt8d2xhheKXfedTgxz4M888pZjZrccuPlyz5M9+7K5Tr0ctato9uXHcePHK3dzm9/LnOjpzc15bjqWY44zHGWac5Urtj069Om3hyx36mY4y229Hrt/az9Oxxv1PH3XcnXqkVOXGy6vdMZZHf1lmXqc7jZrekyyxnFhjJqzulipjOr0+m6c2P5cMY9HBNcuP5YpX1HH6hN+l7eXfy5+sm/TXT0+Lpw/XwvovT1vqMY+vnOj430m/8A9U5p8x9vLszl26Pl+qnV5Xs9XOryMVqIipUUZvdUqC4tZdmZ3avYHLLu5eXW93K/yosUSdYqNAhsBFQA0oCaTTSVRlTSAVFQES1pBEFRRNI1UBCyVUUclYalet52tm2ZVEalXfRiLvfitRG97GfwbUa2ibXYiibTaK1tNpsoLs3Wdmwais7S1RrYzab2DW+ozs2g14rjl1dNuWdm78M1YuOrFvVnG/t6LUVnP+LldOufZx+UrUbnc5pviqY9V5OvFl030Z/Wnz7/ALpe61l0gECKKACKdiAaqkUVU2CAsSLsGoqT/ZUVw5Z+9lvln7nNqM1qKRZ3BYuiRYiqGxFUAFioRBz9R/CX7vM9PqP8P+ryumLnkJVRpgbx7MN4ixqNxiOkZrcVqMxuM1pWoixlWhFgqVlusUEqVUqo55dnHLu7ZuOTcc8mK3x9mK3x9mmZ23HTFzjpixXSO0jTMajDZtTW2p0iKkjUjNqyoNtYxnHu6RmqsAQAAAAAAVLQgKBoAXQgAAsBKKU0eQDQdwFgAAACxFBTQIEVIoHkICiooCWqXwAKAi+Q8oFqKAndaQA8aKHkAAAhVBRAFEUFEVAABRFAABQQFEUBUUFEVBAFAABUioKJFAURBQAUAA2AAugEUUEABRAFEAFQBQEFBQFBAABRFgKIAuzbNAaVlQURQFQBVRQA0oIKiAKKIKiAqAKBsDSKUEDTQM6q6XQgmka0gM2Mck/bXSxz5Osag16W93qjyem71640xSo1UEceb+Fj5vounqsp930+X+NfM9N09Zk1B9idlSKyICglWJVhUc+Timfdnj4fZfOnetZ2Tik8mF96cq8fqM9dGvSery9NM8p3s08/Jl7srWOuteHe1leuWVyve3aaWdHf1GGHFx44zrnet+yDhjNvr4YzH6LnrzXyMN7fZ48Ln9L4sJ/mzP1Wvo3Fq55340+j6jk/T4+n8sukZ48MfS+n6dNTd/Lh6zmxw5MMr1uOO5Pu7T+MU7fMz3jy2ed93TDP23pOrGGGfNy3v82vR6b0+XJz2T+OPeuOraOno+G8uXuynSeX08cZjNSaiY448eMk6SPJ6j10wvt49X5rvjjMJunb158mOE3llI+fzeuuUsw/bPny8nJyZcmdyyu7XK5MZeX/ABZHS5e/Kd7XWYb5MeKfyt6p6fH2/vvibd/p+H6nNeW95Ov5csd5UfSxxmOMk7QmUuWp113Ukkmo9jCoznyY8ePuzykn3c+D1GPPcvb2hudDVnt3b27vzH6tmeW96tfqssZljZe1fD9V9Nz4fdlhPfx/7x588Ne2o48eH6uWOEts7vqcOEkkk6R5fQ8F4+P35b92X+0fQwmOGNyy6Sd3z/JeWXGN9PF9S5f2z0+Ot5TeX4fFz47hl0t6Pfn6qc3PlllNXy8lyu7cuu69OE1GacEvHleTW7fl1x47wctnJd563+GZMf0cspZ7t9IzeTPO5cvJd29Ja67Ze3i+ncvPxzlucxxvXq5esz4vT8vswytuuuXdrj9Zy8/FxemnTHfttneun1X0nDw4Y/u/fb/pG/Vgv9t4uX0uPFjhvLtuTu6enx4vTy554T3Tw6fTPT8PF6X9X2ze7d3w4fUuW+7j9uv3xx5e5Bw9Rye+Y/t15cp3Ln+pyX4k0Gbtj06X+Dw8ueWPLvG3HKdnux/i8HPP72/fyzFezHtL5Ld2mM/u8VS+1b471eni/nt5celj18E3nGR9OJ6n/l8vw1j2hyzfBn+K9Pinpw/X5/0UmH1vKdOuL7Wc7vhenv8A/XJ+NPvZeWcu3R8v1keOvd6x4a51qJUBFGb3aQE31jd86Y8t1Bzy7uGf8675d3HOfvFiSr3BGhF8gAqaBF2gCpeoKCKgJpK0lgIACU8LU6/YQSr4RRKFAefZtnY9jzt7GNr3VGpetViXs1vptUa2u2PdtN9Ab2bY31LVG9m2NnuQb320m2dpsG9m2Nmwb2bY2nuUb9y+7Tn7jYN7Pcxvyb6d0HT3OWS3Jm1mrGsb+35NphehtGjLs5Vu3o5ZIRrGt5/wv4c8b1dL1wynzGWnz70Z7tZfdmTTrFFgoIKAimgFDwIoAA0mlAjXZJ+GoiuPP/JzjrzTs5xqMrGokaFUiLEGoIt/KBABRYkaiDHLP2V5Ht5J+yvC6YsZiKjTmN49mG4LG43GI1Ga3G5Gozi2zWljXhmNydGVAEVnZSoqDNaSqOebhl0ejJwzbjGTnW8P4sVvD+LVYnbeLrj4c46YRiukdoqYtSOdbiSOl6RMcVy6IrHlceyeW5Qax7ukYlWTyzWmvysRUAgSiHkPIApAEVFAVFQAAFTZ5BUAUAAAAWIAvcgsAA2goigLAAEaFAIAZddAgt60Q2AqAAAKkAF+4ICggKQAaQ30AURUCKkUCmhQAABNgKAAqAqgIKAAIKigIKEAURRQUQAAUAQABUAFEigAICoAAbUFQBoRUFgCCiAKAAqAKqGwAAURQAXSAoaAWIqgqAKgIBoAEUANgCqgCpVEEjUgoGkqogiki0GdOec6OrGf8WoMem/lXrjyem1OSx640xVRpkRz5J+2vlcN16278vq8nXGvlYdPXtQfZnZWcP4xpAAAq4+Eax7xKjpnceOdZ1rj6nf6fxuPZ6ji/usMnXj9Nx83F/eTc05zPWWo51+fsZ10e71fo8uPdnXHfRx4MMZl+/tPs7Y5zJNPPjfsvJleTkuV7vROKe63fdn9D932blTTljj0vy/RfTePXo+G3xux8LPH2TtX08eXm5ODj4/T2TDHH91XlMbuo9f1Ll/T4Mcf+vKTb53quac/qfbh19skn3dfVZX1H033X+WFeP0fPjh+6yXPWouWfL2unTPly48LMbq+dPd6bk/sfof1eWbyzu5Pl5OD0l9Rzf8Ap3vKuv1D++9Vhw4/xwnWMzPj/QnP6zl5usntxviPNfder1TD3WST7RfbOTlmOE1jOkefL/kWjy44cmfadPljGe7P2y9Pl6fX8045+hx9/LhxY+zGbXHK2ex6M+vFrHtNY7fQ+n4ez08v/V1fMmVzmPDjOly3X2+PGYYY4ztJp6/DP1K25c3Njw4+7L+k+V5uXHiwuWV6R8jl5cs8rzcn/wC3F2zz4xJD1nJnyc+sr0nj4d/p+PJ+rbj0w815eDjz9RzXfW3vfh9rh4seHjmGPaOWEuV3VrZZtjkzx48bnndSOfF6iZ8U5M/2zK6jvbImm8uKXrHm9TlP1OP09snv3cr9o9crw/UfTf2jHc/ljO/mPNnhh3Go8XrPRcePNhOLte/VfXem4cc+Pj49SX+VZ9LjlMcsc7qy+X1OP03DcJfbLb5Zivk/o8GHrJ2x4vnXd15v0bjnjJNX+M10e7L0HH+pMsZ0+EvpMLy+7Xt/7NWHp5fTcfpuD93J1y8dHn5uP9fPPKe6/G30sOHHDP3ZdZHpxx48puSWETp8/D1vD6f00xyxy3J06PJ6rL3en9LyXrcrk4/UOTHL1WWOOpjj215b5cpfQelnmZZOeU9wefjms9ecutdphazw69/u+OjrDJ0x6JPDjyemy5LbO0716MJvk18zTr9Q58fT8M4eKfuvemE2Vw9msJJ3TscOe8MbaW7yMlXGdXs4Zqy3s4cc6PT7pMZ+GJB9DHrjPwuc3xZT7OfDd4Su1n7a9Piu443t+Y457freHy/Q5TrX53lvt+t4X7v0eUZy7bfM9bOlfOr6frZ0r5l7udbiVFqMqBsoJXTw5t+Ig55OeU/d+Y65uWfXKCxDTWhlpk7taQEKqKMip4AABKAoJVQERfIIgqKFDaAJVAeLZtmfgtet52tnu6Mm/u0Nyw2zsEa2b2zsio1s2zs2DWzbO/ubBrZtjZvqK1stZ8dDYNJtnaA3vqWs7TcBvZtjZsG5exbGdlSrFx3Jfy1vp93OVWVXK3TnWs/vWPwitR1x69Plxjrh30jTwZzVu2W+Sfvy306sNwRTQoRUjWhTwip3QanWFWTUSghKaAUIsBY1GY3GVc+WdHKR35ZvFy01EJFIAul1pmNoE7BAUpABYsZaxQMuuN/DwPfl/G/h4K3gxmIqNuY3OzDcFjUdIxG52ZrcbxjbOK66sVprFtjFtlUhexUt6Cs1UFRUsXQDnnHnyenPs82fdvFjJzreH8WK6YfxjbEbxdsHHF2wYrrHbFvTGEdHKtxZ3Z5Pss6M5WAy1Ju9mJWwbxkdI5b6NY1mtOgeBBKpekTYihABSdknkFAQABQACzdW90i0BF8IAqSbqgigAGlA0qKB2IixBVQAVAVRJ3UABAVAAAFEPIKIoAALTQAAgKaAFEUFEVAWJFBU2AAICiAKrLQoAApBBQARUAUIQAFAWAgKAAAKBEBRFAAFAERQQIIoJsUAUIAoAoCAACggKIqCkRQA2gKqRQVWVBRFAAAAAAAUUEAAXSKgKigaVBBVSKAJQFRQBy5Ozoxn2qwY4P8AEeuPHxfzezFuM1rwioMsZ9nyMpr106Pr59nyeXp67FqD7GH8Y0zx/wAI0ggoCNY90vZcezNH1JPf6eSzwuNmONjPp7vhk+Et1ySfLzZ5WascnP1d9vpr031eGcOOf5ez1mdkx45/mu6xw4S5z7NY3WKs8X0+ZdblXv8ATekw4OvfL5rfFOrs9/8Ax8PXKueVcubg4+fD28mMyjw8XFj6W8/HL+3W4+m58vFjyY2ZTu7eXCZRJXyPTzG8PNjnZJZ0n3cPp/0/Ll5bll0wj0Y8H97nN9q+rw4Y8fHMcZ4cPHjMrqtV8rh5+T0eXNhZLJdStcUx9tz3Lll3rzetxt9XyS3p7uzOWVwkm+9efyy30PoY6mGVnftGccpw8GfJ57T8vJlz5Yya6TSc3LOTjwxl/bjOv3rzTx3Y58ePuuXNydZOn5rpwYZc/NMJ3vW/aOfu3x44eJ1e76brD9fl84Y6n/5/R6vHN3Q36Lgk9ZyXe5x3T6WecwwuWV1J3ef0GFx4Pfl/LO+6vH9S9T+pn+hx3pP5fl78dYYp24c3Pn6vOy9Md9Ixncubkx4+Ob1dT7sWZcUs1rcej6bMccuTmz/jxzX9Xnt5X2r6fpPT4+n45O+V713tkm68OPrpnZjjq22Sfly+pes1P0eO9f8ANf8A4dpnJE04+t9X+vn7cenHjf8AVyy5suXLCX9vHj008+We+x77MdOGWVtV9CfULc89TWOpMY3xervu/d/HzXy5bcpI6/ux5JjP6s2q9nq+OZ4fq4dK6+k5vfx7xvWMcV/U4rjlOnl5+HL9LmzvFOk/3Mar6/Hy+/pZq/FTl5sOPLGZ3W/s82fq8Ms8PZOvm/Dln6/98yz4t2dJp33uM6duL1Eyzy9+Fxxna6eX1vqJuz0+epl0uvK8vqOTmxuEw/TlnW7fPylx57hZ/GJPRWPU8GeGOPLMelejh9JcvT8Hu6TPLK3r2ke/g4sfVem/Rz3LJvcdubDi4eGYe7Vxw9s+zljbn7R8iZY48Ht/zXLx8N4zo9/Bn6Liwurhc9fG64cnHjjMbje68Ne28Xn3cc48frOXLK/Ne3KddnH6THkluST0283Fd8GFjphOrPFj7eO4ztjlY6TwlHXHLTr/ACmnCOuGXWMbH0/T3+6jvOsef0/+Hv5r0Y9no8Ljl2/Mes/b9Xwv/qj9Hf8A4fnvqk9n1Hivzk/RTrjPwuXbT5/rp0r5N7vseun7a+Nl0rnk3EqWpndRz98+WdNOkViVtAdJ/GMd46YTeESjnk5Zd3bOOOd6zQsSKDLQACIqXuohVQEA0CKlFBF7poBAoiCoAIqiItSwHguhDb1uBtZ8fDO1Bdm0LWkXZtJQQ2vhAF2mxPwC70b+E31Owq7TaGwXZtnZeoNbRL8ALs33Q3sGtrusba30SkJ3VmeV2jSZdmYtTaDUdMd7cZ3dcKlV5OX/ABMp16Vzdeef3uTk3FCCqLNKi90VKRak7g1UL3QFPKRQVSdhBZGoy1EU5P4uV6R1yn7XHKrAVIKixqMxUVpLPuuy9gZip5UDy1EaRTxdzbwZ/wAr+XveHk6Z5flvBjPplAbchudmG54FjeLpI5493SM10jcaiTs1GK0rSDIVi1qpVEkrejHFaKzejNavdKI55PPn3ejJwzbjOTlk6Y9o510x7RtiN4u2HZyxdsJ1jnXSO2EbqYTo3pybjFl0xlHbo55KMSNyMxqA01EjSVWp2XaTsrKprazUAQlCFQKs7EnQARUUU7osFNgIL5BAAAUTwoBEUBUAU2izsAoIKIsAAFURQCAAgARQgAEBRBBTaKCoqAHwKAAAC6AUggsEADaGgUNoCgAoQFFRQUCIKioAACgAKigoQQURQFQBRFQAQFEWAogAqAiwSKKAoCoogqAACBtUigKigiyCgihpBNLIoAAAoABoAVAFVAF0CoJFQBQAFAADYAoAoIIACqyAtYynT7NMcl/bVg5cWU/W09sfM9Pf+IfTjbNaF8IMsZ9nyPU9PVY37vr5dnyfV/8AM4a+WoPrcXXDGtufD/hx1QQFBFx7ouPdmj6Ppr/drl15pfs5+my/bprG+7OvJ5L+Ma9ufP15N+dakdODHW7XHPryO3Jn+jxfFvZZ71B6eG738Ozzelzlw15el9jwzWOnLLsc+bK48dsdGcpMsbL2rrZuMvDOO5Y/rS9L4+zphyTj91uWtuuGWPtuGPTXTT5+e+TOcffKXu8mU43029WPo+Hlt5Mp7vd1cvW+k48OLHLCa9teriz4+PHHD3f/AO3l+pc89swxynzdNXDG4bvZ+vnc1mWftx/BycH6fLjhj2s61fT4e/nxlv3evk4v1M+nevDllMbpXiuMxt12e30GNvp+bX+ayM8n07luM9ll+z2eh9PeDimOX8t7rp47/USuvqeX+z+ntx1vWsY+HxY28u8r3u7Xf6h6n9bnuON3hj0/q8vv9uOvN7vTnnv0jp6rl9+e/Hhyy57jxTix7W7rlnl7qzhLyckwx1uudqvd6TP9LG8nfKz9vTt93HmuspN7ve2u2eU4sJq7s6SfDjnhe+Xe9WN7Rz9y72kx6unFw5cm8pP2496baLj7ZL5dOLLr7tby7Meoy/Swwuul7L6b3XV13KPZc7MfZ2tnZxxznHhJOuVdc8f73d+GeL0udyvPlZOPH5IPPy8lnLPb9tu3q7jhrCdcum/s8/ux5fU61qW9Ho4/T/q+rxky3O927S+mXn5vUX9STCs8HHycvqfbl1zzu8rW8/T/AKXNlvr1d/p/X1l33srPltmG4PTxZXj+pXina4R5/Vf8/ePKfyyn+jr6TLHP6j6jmyv7cJJK480/U+sTfSWyf7PP47cZuq6Y+mlxzzxk3I5Y5XWq9XHye3l5eOdr0ePHK3K/MtdsctxrFrOX27deLLWF13Z5Mv7vXmr6ftZflWnk4puck8++t61ra4zXJya7bXK71pKo6YTq5yN4+HMfS9Jl7uPXxXqxeX0evZdfL1R6fC5Zdvz31nHXqePLW9ZPu8fXiw/9sfN+vcU/s+HJ2szj6PBfdwcd/wDTGsp7Px5vXz9lfCzvWv0Hrp/dPz3JLu/lzyjePTyeu5/0eKXzbqPnz1v9Hb6xLOHCed7j5MvV0wx3FtfoPS805cend6o+L9My1za3ufD7ON245zVWOk6xvD+MYnZ0x/iwrGflwyd+TpNvP4RYsi2AjR/RFQBmqVREUBEVKAgKCKgHhF2iogqAIqUBCpVHz9m2vYnsnZ6XBPI17J89V9ijA17Ivt6WKjGze+zftkTQMW6WVr2z4T2zwoh2a0e0GBv2z46JpBg8/lvSa6/gGe1StgMDXRfIMTuarp08HgHNrtGmMkqw2qY91RUyrDeTF+wLHXDu4yuuF11Sq4+on95XB6PUzrLY8+msVWBtVCU2sxpoVFhoBO4uigLEn3WQFn3XXVIqA0jURUy/jfw8/d6cpvG/h5lhVAio1i3pmNbRU0VYUGfIKA3GYqCvFzf4uX5e3s8fP/i5X5axZz6cgHRyG54YbgsdI3Ixi6YsV0jcbjDUYrTS6JF+EVnRIp0BezNWkBlnKtXsxYsRmuHI737OPJG4zXGumPaOddJ2bYjpi7YOOLvxTdc8nSPRg34ZxjV+HJ0ZrnlW7ejll1WIsrUZxak6g1G2ZGolVqdlJDyyoBRFNIqCzpETYAAoBAFAADwIoAAAAKAERQFgAoggqpFAAFAS76aBQACBAUDyAvhF8AgE7IKBAVFQFEAUSAKqRQURNoLaIKKCoICwBUUEigKoKgKkUCotQAABUUFgAKgIKqKAAAAAAAoACogAAKigAQFVFRAAAAUVFEFABQiCggKIsBRFAVFQEUBBdGlCKKggACgAoAAdgAEFEUFAARaiC6CKol6Rz5JuOlc8+yweP08v9rsfUj5nF09TH1I6M1qIqVEZy7Pk+u6c2N87fWr5X1H+eN87WI+nwf4cdHL0/wDhY/h2BFRUAgQo9vpumFbx81y9Pu43UuX4j0Yy+3/DycM/Fll1GLdOXHh7uTfw8/q+SZc/s30xezjx5MJl/dXdeK+h58uTLP8AT63/ANUdfH4cpd2M7duLOz2yd30bnMMN55ST5rwcfp+fH228c3L8x19Vx8/Ph7ZhJPvXtwlxS+3rxyxym8bLPmK+fwem9Tx42ftk+Nu/Hh6jHO5ZXG78bdOV/wAZ0nqMrhnrjn7s54Xg9L7M/wBTPrlZ2eiSb3rqpwm9pty5ZhOLLcmtPh83R9n1XByc8mOOUxxjyZfSs8u/LP8ARPJjb0srw+ky16iT5j6FllOL6XePLc5Jv8PRfS5Xvyf/AOLw+T/jZ5Xa7jpxZTLCaY9VllhwZez+V6Lxeny47/ibnxprm4by4e2Z+3r309GOGcx1U2+ByYeyacbjb8vuX6bhe/Jl/ov/AJbx6/nkfFV2+BcLrq1wYX3ZZSdum33v/LeLzllWsfp/DjNS5a/KfFU2+Njhcr121nx55do+xPQ8M+f9W/7Lxa1q/wCp8NNvjcXpr3yei39Pj9snR9Cel4p8/wCpfScOXeW/1Phq7fN5Jj6jHHCzpHXLDDHL28euj2z0fBP8v+6z03BjdzGb/J8NNvDy+2Y4Sfy31duPl4+TGcGepNdd3u9F4eDzjj/ql4fTeZh/quPisNsz0npbOnHj/Sunt48P4zGVj9L0s/6P9SY+lxvul45Z526XH0j5nqsLl6jO7T0+F48rlue6dn1N+klvXi3+Yl5PST/Nxf7MXDc1R8jhlx4LJ/Lkz6/h6cpMvq+N8an/AGez9b0Uu/dxdPss9T6SXczw38ud8Uv6rj7cZ63PLxMZa8WOv1MvvX1P7Z6Wf/qYf6M/230f/wBTH/RqeOT9WWx8/KyLhnJjvV/0e/8At3o/+vH/APhS+v8AST/NP/4V4T/V3XzeOb99svX7LcdTtf8AR9H/AMx9LP8ANf8ARm/U/S/OX/8AClxn+m7/AI8Mw6dr/osxv/Tl/o9v/mnpvnL/AEP/ADX0/wD6/wDROGP+m7/jXopZhdyzr5j1x4b9U4PjO/0S/VeKduPOt4axZstT63jcvQ2Yy2+6a1Hb0PJv0mG5ZcZrrHDL6vxdrxZuXJ9XwnHccOHKWzo1bLTVej1vNheP2yvg8t638sZc3Nnncrb37Lllb1rllfbpJp836vu8GP5fHj7P1WS+l3fGT40dvH0le76blr1GMvmPuYd3wfQX/iMZt97CdXHydrHWN4dqxOjXH2ri0mfavPlOr05R58xYsKkWstImiiiIqAAKJUVAQUURFO4Je6KCIi0UZKtAZUFHhGN0elwatal8OfXadeoOtqbYOqjaM9RRq2a+5LGOtTyI3uH32xfyvYGv6lsZQGtw317sdiyA1aXKM6TXQGvd17m2dfKA37j3MmhWvclsRECVrfhmfc2KtrPlUqBG8NuUdcL1KrPqf44/DzPX6jH+7nxK8q4qjcZWKNCStbFZJ3LAFEWIJ5aJFBDx0VN9Aajc7MRrFFW9q8nl7L2eS/ysWFWLO5FxnyqNRTXleyKmimwGQWQFnZYkaiCvF6ia5f6Pdrbyerms8fw1j2mXTggOjiNzsw3j2gsdMXSOeLrixXSNxqRJOjWPRitNeBRlUQy+xAWQsWTstgOdnyzY6XFnWlHPKaefkenLs83J2bxYyca6TtHOus7N1iN4vRhOrhj0eji61zydY9GEXJcTLs5NuOTDpWL1aRY1GdLj3B0ixJNumma0sKioCVUoCoCJ5aZUARYAqAKgIKAKaBAUADSougAICwRQFQQWAApENgoIKvgABUigAnkFgvhEAFgAAAUAAABQFQABQRRUAAAgoALAIAiiooKEKCAAAAoigAoACCgoIoAKgAACgAG0ERQQVVQBViKAoIAigAAsEUBUVEURQAAFRYAoAAqBoIoCooBoAVDYAukUAF0CAoCKIAKBBYgJ1UVAAUZrGfZus5diDx43/iI+pHy+3qY+nj2jozW4ljSIyzXyvqc6z8vrXs+X9Tn7Z9q1B7vS/wCFHd5/Sf4MegoAqCEPCA9fF67DgwmE4s8r5sb/APNJ44M/9XkkV0nksmmbjHqv1TL/APt8v/4j/wA0y/8A7e//AMTym1+bJOEer/zPk/8A7f8A/wAk/wDMuX/6E/8A4nn2bPlyOEej/wAx5/8A6OP/APEf+Yeo/wDpYf6uGzZ82Rxjt/b/AFH/ANPD/dnP1/qZjbJx7/DntnK/tqfLkvGO09b6q4y/s3+E/tnq/wDqwn/7XOXpDafJl/pxjf8AavV3/wDUx/8A4T+1er/+rP8A+GMbNnyZf6cY1fU+qv8A+t//AIw/X9V557/pGdptOeX+mo1eX1P/ANfL/RP1PUefUZps2vPL/V1D389//wCjk/1Pdzf/AF+T/U9x7k55JqJ/eXvy5/8A8R7cv/q5/wD8S+5Pccquk9l/68/9U/S+csv9Wtm05U0z+lN97/qn6M3vd/1a6+7a7pummP0cV/Sw+F3TZummf0sPg/Sw+Gtpum6H6WPwn6ePxGt1PKbE9mPxD24/EVF3TR7cfiHtxniCJsNY/ENT4E6mwsnwmUmlSzYE1Yqa0oAaI1ET2s549HXTWHDlzZTDGda1PaPFcZ8MZYnN6nh4uTLDLObxunny+o+nm/3Tp9141Xn+p4/8Lnr5fBnSPs+t9dxcvp7jjrdfH6b7O/jlk9sV6/R9PUYfl+jwl71+Z9Lnjjy43K9JX6DD1nFrUznVy8k9tYvQ1x73fhzw5Mc7dWOmHdxrRm45R3ycb5RYxFZWMtFStb2yolF6oogAJUVACoqiAUEBNiKlEUEDYIKKPnH4B6XFSoaBflNmk8qi1N9IVOnYFlS3uee4obE6LLADubidPCAFvyWwBnqu4m1C7NJ7tGwUT3Hu6Ap5Zme9KgTqvlJ3Niid+nQt1dxN7m7baKSdXTBy629XTFKN83Xiu68r1Z9eLL8PIYqoRZ1rSosppNA0gApO8GpEF7JpqsooiiixqMxqINd9PNlP3V6XDOfvuuxFYbwx6s6dMVqNa0zbtpioKgRQPK9QFjTMWIrU7PN6udMb8PQ4+rn93vXlce0y6eMB1ecbjDcGo649Y64uWDri510jcbxjGM6uuPZitRU2XqSI0zVhWpBF0dw0intc8nS1zyWDnY4cjvXHkjpixXnrpOzne7pG3OOmMenh8V58I9PDOznk6x6cezPJbrUdJ2c64tuNhprJhtFtMetZ23gDpjdNXJk0y01MrWmcWkASpsRdidwFXaJsGvCJtQXfUSKAQICptUQCFIooJRVEVBRAFVAFgACoIKAAACgAKhsUABbQ+BAAgKABUVPIKAAB5BYHYAABRFQVABVE2CiKCgIqiKCxKACACiAKqALs2AKQIgoAKbQA2ABtQABUEFBAFFSKACooKgICgAAAoAKAKAgKAhFRQAEBUUCKigsENgqbAFNLAEUAUDaAAoAICooCgAQIgAUEYybYyvRqDw5X/icX1ce0/D5PJ/zGPzt9bD+MbZrcCCIlfN+pf4b6dfO+pT+6rUR39Dd8Met4/p/+Bj+HsSiKADOurQAKAGhQRQAAA0aBA0AAAAAAAAioAAAAqAignkBAEAAAEUUQAEAAEAE2qApE3pcbLVR0jn6jm5+Dizy9PZM7jqW9dOk7Jyye3+jUukfjPV8PNjyW8ktt6vLZqedP2OXDhn/LGV5uT6dw5TpJ+HWeX/TT8tU2+7z/AErDHjzyn+WeHxJPG3bHKZM2LjW8d49r3u2Jh1mur24/TuayXW5Uysnax29B6jLHlxltuNr72F/vLHyPQegzw5ffn0k6vq4y3nmW+leXPW/TbrezjZ3d8vhxvdlXKBOlsWstICAIoDIqKJtFqAgtRQ7AAlZaQRAKolFSqCX8BQfO2bDs9DkbN1DQi73OjPXXytS2S2qJu/B1TaKjW6lqbAWb8m+pAC0qL0FGdrfCAiWyGVY6VRfd8lz0ztJ16KHuq+6s7Abwyty07OGH8nadUoeTabL3iCXutZyXuKb7abxvVz23iUdr/h15Mt2vZhPd0+Xky/lfskVIsTXRdNKUEBVjLUQanVUIimw2AqKnkFjUZn5agN9nHllmfbu741nn175fskVxkXFLl101J0VBmtflkDaxNLsAAFm1kSdlQVy9VP7qusY55vhyWdl6eAB2cBvFzdcSrHXCdPh1xc8XTBzrrHXGNTqxHWTo51pNDVjKKjU7MtSABU2CWsW7jWTGlRmuPK75OHLejcZrz3u6Yufl0x7ujnHXB6+Hu8uEevhmq5ZO2LvOzOXZuMZfZyjblU0uxtlz9rc6QuosBudlZjcZUkaQRS1A0IikWAmjyAEiqbAAA8AAGwAABUXwCmjwCCLEWAoAL4AAPIIKAACgAgKBBRUAUQ2CiKAAgCCiqggLEWAAoALABFQBFBQAWCKAoqKEEBQSgAKAKgQABRQAKCjMVBQAFQBRFAAQUABUBBQAVFFDYAoggoALAEFVFAVAFE2CNCbWAAqAAApAAAFAAABdKigEBAUkAEFAABV0ioJo0lpsFEUGazl2arOd6VYPDyz++xr6vH/DH8Pl881njfu+nxXfHj+HRmusDEoiXs+f9Rn9zX0K8P1Cf3N/CwX6bd8M/D3PB9Lv9zHvKgAgCoCgAKigBtNgobibBRNw2goGwBNmwUS3UYmV+AbGZlfg9wNDPuT3X4Bsc7nl8Ne6g0M7TdEa2MT3ba3VVWcspiu65cnHeSzd6INfqRqZSsTjkPYDpuDMxsURUTqAu09xraeyAznnMdb81MuSSbi3DG2b7wuEBjDl9+WpG9p7Jj2mo1roCe5La17U9qjjy5ZY47nW/Bx8mWt2dXb2+NEw+IBjyXXZrPP9vQkWz9vZdo4bS109n2ZzxsRXm5v3cXJJ/wBN6vyln7r8P1+eH93lPHtr8lya/Vyk8V6PEzXTh6ZS3pqx+pw1+nhqd5t+V4un3fqeG74sL3/bE8pG9dUx6ckaZuUx1b8uFadM/wDdyy/k7ZdnHPpQcsv5KZT9wlaTRVQVAtNggVAKytZqgAoBUEVABEWooJVQEFSqPn/ZAehyNJeys3uCWpTJLVDwzepex0VBWav9QXa7ZAXa3ukTfQVU32OyAl61m9mr/RmqMgiiCoqNY947+HDHvOrt4Zqp9kp3TsC3sS9E89SdAXy1j8sNxB3478vPn/K/l24+2nLP+d+UjTOksiiia+411k6Q8gz4axO7UnUA01oRWZOi9FqdQPwz7WvKeAWSNRmNRFbx8Meo/nO+tNRn1F/dN3wkHJqM7nw00gmtiWqJejUZnWtzsAkWpEFUIg13Z5J7uPKfbbpGc5+3L8EV8zwFHd56jri5R1xKuLti64OWEdsI511jcjrGJLt0k6OdaSpWrE10RWJ3biSL4BKzVrNUSoKqM3s4c3Z3tceVqM15f80dcXP/ADOmLpWI7Yd3q4u7z8b1cU6RxydY7MZujHJ0c424LOglbZZvWumM6MR0x7aBeyxPIy03CpjvsqCACCobAoAFUUEVPKgAAdoQAA7nkCRQFAEEqwoooioKJsBRFBRFQAAAAURRQRQAABQAEBQABRAipsBUAFggCiKChFQAAUIAoICm0McdIqiAKCCCgKqoApsNAzyZ+ybrzZ+s+z05YyzVefk4uupis0hhy53rXqxu48/Fx3y9HYoqorKh3AFAABUEUAURoEUAQVAWAAAqAACiLsBUUFARDQbBSKaAVUXaIKgCgoAAGlFBBQDSggaDZQDaAKJIoCoAoCCJpoBFEBKxerdZWDx+p6ZY37vo8F3xYvleutmeP5fV9N14o6M12i1ItEZrx+vm+GvbXk9ZP7nKkHH6Xf7rX3fSfL+lX9t/L6kWoiggM3e2hBlVmNvZ1nBn8A49Syu/9nz+F/s2fwpt5vae16f7Lm1/ZMkTceX2mnqnpMvlqekobjxe1ZHs/si/2T7qbjx6NPb/AGWeaf2XH5NG48WjT3T02Hmn9n499aG3h0a+Hu/S4pO8PbwT/Nj/AKmjbw6X2/Z7LfTzvnj/AKp+p6aT+eKaTbye37J7b8PX+v6Wf5on9q9LP80Dbzey/B7L8O99d6XHvkxfqno5/m/2Dbn+nfg/Ty+K6z6n6fxLZ+Gcvq3p8e8y/wBCTZtn9LL4P0c/+mpfrXDO2FYv1zi8cdq8au3X9DO/5V/s+d8PP/53jek4sv8AVL9bvjiq8aj0/wBmz+F/sufw8d+tclm5xf7ueX1zl3/hyf1XhTb6H9lz/C/2TJ8u/XOfephIn/nHqsrf4z+hwpt9b+yX5P7H93z+H1vquWW3OTp206/reouNv6nbzpmzQ9n9j691/sk+Xy8vU8/9owwx5t43v0Zw5ufO3fNdb0a0Pq/2TH/qP7Lxz/M+ZLy5d+TJ24+LLP8A/Uy/1NK9t9Nx2fyh+hxTpcp/q+P6j3Tksx5L7fy7/pS4S+63c+TQ+l+lwTzP9U9nB2tj5v6c13v+qfp477X/AFTY+n/cfMX28Vm/bv8Aq+dhhjvrH2PT4Yfo46x7JaX082eXFx7uU1IcPN6blymOFltej12GP9i5L7Z0xr879Eyv9t1bvu1cbJtJdv0X6WH/AEx4PVYz3XT6Ph4PVd6kHizk1fw/IeomubOf+qv2GT8j6qa9Ty9O2VenxJWePpdP0/pLv0+H2j8vh/KP0/oevpsMr8J5SPQ5c3bH8utZ5Md4zr5cGna/xn4cc+7v/lnTw45g5ZdMmWs/5REagIorNFS9wQAEZaRRNI0yoAAhsNAlRUVBFSgIqKPnCUehzPugl7CJaxerVZqiCUUWkZigvddp5N6BQP6Am08L8gJWL2+7VZqjItZUVAVFx7u8v7XGd22aq27Tp/UAAAGsfhlcb1FdsE5prP4XDuc0/d8sK47WJoaGk7RFnYUbxZxm+7cmp9kGvDOmoIrNnZLG6yIyKKEak6pGsfug1O7nz73Pw6yOXP1sSK5dmu7Mm2r0jaJal6gCyfLUjMagFTytEFJ1osQWNa9zJRXzcumV/KN83+Ll+WHePPex0xcp3dse8KuLtg7YOWDtjHKu0bnf7OsYwnWOmnOtJWb2arGVAndak7rZuAzazWrNMKgjSaUZsceXtXfw4c3SNRK80/lHTHu5/wCZ0w7ulc49HG9fDOzy8c6x7OLppwydsXZy5Ovd1t6OWbEarjZ0YrpWWmWPh1wZkbijSeTYy06Y9jLW5pMVy7xBEv2AQFQAWICgAeFRQAAPIAAeQFPIfdFAAAFBQQAAIqRQNqyqCibAU8ooAGwFRRSGwBTyhAVCgKACwQQUAABQDssQFAFEEFAA2sRQAIAqKAEVFQABUVQAQUQBUqgJJpRQPKpFQBQAAAFQFQBQAAAKQAUFiAAACgAAoEAUEAFA0qRQABFVIqACgKkAURdgpGVQXaAooRUEFNACgCKICoAAAM1TSiM3s6a0xQeD12um/l9L0n+Bj93zvXY7w38Poeiu+DH7On4lenEpCjKV5vVf4WXw9Lh6mb4siDxfSu+U+76s7PkfS/55S+K+vFqADIqKlBvDP2Xetumfr8uPHd4rY5Tuzy8kuOvhqRmrfq2c/wD0bP6uV+s8m+nDP9XHl6vNcdVvTO3u/wDN+a9uPH/VJ9U9RlemOLxOnDPdlNTZZIbe2eq9ZnjMt4zf2MvUer/65/otuuniMZW1k2l9T6n/AOtr+jF9R6m9+b/ZnJiW26E21ef1H/1r/oZXm9kv62TFdJ146ptwuXL/APVz/wBWMss//qZ/6unlnKdGtJtwtz855f6s6ytk92X+rtZKuPH1lS6NvbwcOGWFuONvt6W2u+HDhcf4tekx5J6SY4cVvuu7l8mPNMcPbZ+6+Hky3b6VLxYS/wAWbhjOmo62Wd+7GeXtm7NpLR5fVax47qSbeP8AStyw7at+Ho5fdz5bnT8rx8Pts913Y7TodZjJI4+owlxt1vT0M3H3bn2XHs2+ZlnuRn3a/LtnjJlcbGf0ty/Z6W3G5dW8MLnl+F/T9s3W8f7vCZfPhRyy3Om+jGGrldtZ25ZdWGkTWsm5LOqefu644247s6IOno/Uzi5L7+1nRPVevtlw4ZqXzXny4/3/AGT26yl7pcJ2Po+j4srxTl5ZqTrDhx6ZWdtuN9TnnxzC9Jrs9fprhOC4ZXeXeueePpYuLtLfbXLp006YdXFXj5+md38PTjd8eN+zz+rnttrtxXfDi3RosRqOarjjfD63pp/cx8vD+UfU9Nd8X9ST2xl06eow/U9LnhPONj8t9Jn6f1O4/F0/W5f4WX4fk/T/ALPrNlnfJ6s5/LOD9H8vF6mPbXk9ROleeNvDdXo/JevlnrOX491frr/J+U+pY/8AG8sd/F2lebC9X6H0Xq+PH0+GFvWR8Xh9Nllqzs9X6F48fdcWs9Uj72OczxmU7VOS6xrh9Pu/SzfivRlN43bz3007Y9cMb9nLN1x/w5py5EHLPvGWs52Z0jcPIAIlVASotRQQKAgKIFQCggAVL2VBFQE8qnkUfNRUehyE+V2mwZvbvtn4arF+FEvg10XaKEIfknQDovX5TXZQO0PwaIAnSXSm9CpWben2arNVGazpq9EUQVFRcb1dpNRxmtuu4lUuvHRCogQoeQPDWPdlqdbNiuuF6tck3qs8fd0znSMVXns69lkaupep07xRnTUnRV0m1TTXZNaVBZALRUrFarN7KiNbnwyqjU+zWLEal6sjpI5+on7Y64ufqJrCfknauEL1RW0RZ3TSgSNEXSALJraAdVhDsitSLZ0THu0D53qZrmycno9bNc35m3ndp04ZdpO7th3cfLth3WmLvh3jvj2cuOfLvjHGu0bxlvh07GM1Frm055MOmX2c/KjUipOyAmV6M+WrEioC6WQVjKa7PPy9q9OTz80/bWsWa8v+Z0w7uc/k68fd0rEenij2cUebj7d3r43DJ2jV1pw3vK/Dtl16M2SRiLXHKdWLW+TuxG4ybrU3rqmm5ANXS60sakRpmdGr1X2zZlOiDIkBBUWAIuwAADyqEBe4F+wAAoACgIAAJ5UAAIAqKAABFT4UA8AAqAACCgeRVEUFQAAADyLOwCooAgCgILSBO4KAAAgoigKgAqKAqKAAiqioAqAKAAqAKABFIqBAAFIAGgABUAAFA2ACAsAAVIoKIqAqLoBQAUEA2AAoAoAioqCgAoigKiiAGgVUAIosQQUBNqABsUARYgpIKCaRpKCAKFYrVZoPH67KY4Xb2eg68E/D5v1LKTHT3/Tb/wAPj+HT8SvditTFajKV5/U/4dj0Vx5/4X8KPnfTbrmznxX14+N9P6eqyn3fai1ABALFSgOWc3bXVyzum8WcnDLuzcXTTNm2mGPZL3ejhknXGfxctO3FucX/ALqzlUbvbr3rFdcp0Ys0kVysaw477P24+7LLtp6OL0XLzdde3G+a+jhxcXo+K5dtTra3PHaza+Jzel5eKz34+25dZ1Jx6mtuvNzZ+u9TLjNSTUjnqzKtXGShlwYyRP0cb3rXXymtoM/o4b2Thkq/hevmpZsfU4efi4/T4e7KTU1qPn7uXNcpO7Hv1OnVP1rty+ORXpxuVyknWvZhwY4zeU3l/wBnzcfUXC7nd6eP1GfLl1vRxzw10Nes4uP9K3GayfM9PhZcrbvq+pllMuPLfiPBxastnmp49/o1amPyufSMzL9n5deh4vU4+31F694uv268V6PW8c/Zl57PPJro9GN3G4ZauMhdZYe2xrj4/dN+GssZh1bivJyYe26c/b1duXLeVrnOl2o1+lccZle1YzzupG887lZPjs573VRLb56vTxceGWG64aljfFyY8f8ALet+BG+bGY4y/Zj00ufNjq/fTny8/wCpv7tel5PZy43vupl0sfT7OuHZxt/c3hery1p5/WW5dHXh/wAKOXqe818t+nv9zPst6HWLO7PlfDCu3FN5SSbfS9NPbjZ93zeLk/T6ybunv9Hlcsct912xl09f+S/h+Uy/b9c//c/WT+Nfk/Vfs+tb/wDU9eX1Zwfor3ry+o7V6u839nm9R2ryxt4L/L4fmPqsn9vz3330j9Pl32/NfWP+ev3neO3i7K36Xl3hMdefD2c3Fllx2Yz7Plen5PZjuafb+m5/rcOVy7ymfojv6Xh/R4MZe9611ym8bro0RxVvHpjHPkdZ2c+QHDLVkqNZzoylaglVEVErSWKMo1pATSVpNKMioAnlUUSotFECgiAUEqKlUfM2JB6HJWbVSglYvdq76FnRRlNSeV8dYm1C9vB57gAAC9oa7Q8AodCQ8gl6pVZt2ozUarPdUKCKLO7pjenVynd030QMqm1QBfuhAWfdr7eEiy/KK6YXq65fwlcsO7rlv2sVXOy/HVF7z7IKrTM7NTsB/usBFXoze9aZtBkq2dUqoi6T8ALGoxG8QdcWPUdeKdOu2sU5uvHNd9s/qvMNaTTaCosAihAU0ukQOyos/IrWM0qRbtB4vW/yxv2081ev1svtwt+dPI7Y9OOfaTu78fdxnd24+60xerH7u+E7OPHN6eiYuGTtHSdktWdkyjDTO51ZpYTqqLEk3tdLFGbGZOtayJNdQJCrCwGK4c/8bXprzeo/jWse0rxzu7cc6uOPd34p1da5x6+KR6sXDhx67eidHnydobZy7NMZVlXHkZnZrPuzG2Vje2FBudG45tT4StOk6mU6NYTomc0yrkArIAAC+AAACUAFQoKAAAKoeUQKeRdAixCAoACooBAAVAFEUAAACAAILQUARdihtFgL4PCVQKJ5WgEAFBYgeCAB5UAAEAVPIKCggKBFRRQBBUUoIACgALENgoAKIINBAFQUAAAUQAAAAFABFNAsEjUAAQWKigAAdlRUQVFFFRQAAFiKgqCgEAFIi7EUAVSoqAqKAqKIgAAEoCki6QIoAJWkBkXSAzbpm3o3pnPssHyfqN3e76X0u74P6Pm/UMb1te/6Tf7mR1vSV9LFqsxrwyyy5cv8XVz5f41YPleh6eszn3fZj4vp7r1+b7cWooCAUAHLkn7t11cuW9WsWcnKxlpL3bc0k3dPRempPEY4cd5b8Tq1vvWKrePWvf6b0cms+Tre8nw5eg4Llf1MprGdn0no8WH7WbR8v6xy39nFO3evquefDhnlMssZbHbKbjMfM4OOel9Fly5z9+XSPLO+73e31+c5OSYz+OH/AHeWYzbz5evTTOrbbUs26+1jPL2zoxaMa0zlVtZZ5CaSzq01MN6S0c/bvq9nBh7cJvvU/Sxl6OkcM8lWY+7c+Xh/wuTLC9NPo4x5fX46/dO5hVcOXLWG04+utueeV9tlb4ruRu1Ho5sfdx6vh4c9Po+33Y2PnZyTK4/Dfjy9abxMM/bGeXO5TV7M26qWu8qsXHcTLD9sq5VN9NNDfp8uPDmmXJr2yPPLu2/N6OmtJjx+/LQM5X9t05z7u+XDljLtxuNnfbTKXGTs1w/zx/LPeLx5azn5Zqx9Wd3TBzx7T8R0wnXTzVp5vVdKvprf0/nqerlPSz+7v5Wz0O22pWPLUc1bl6Po+g7X8Pmx9D0F/l+D9Zy6fQx7V+V+qT2fV8bPmP1WHZ+X+t4+36lhk9l+jnh2+9P4z8PP6js7cf8AhYf+2OfPOjyuj52Xevzn1uX+2bmu3Z+jz7vz/wBfn/E42dejr4+yvmYW7ff+iX+4z/L4GL730T+Gc6t+XpI+lexFqTw87TpOzHI3iznLYDhl/GucdMt+2xz7JWoomxFBNmwKlEsUSgAn5SqiiFVFE2CCACiAgCf0VKo+XCBez0OR+E7Kl7Azb3jOTW9T8paozpPK23sn3UItQ6qLDSKAu00tQVki7gqeGWv6M1UZrP5av+yKIAqE7umujnO7rOqKyLlGewKeRQI0zGkVvF1/y1xmt+XadcejNVx/A1YIpK1tida6eAXsbTaX5BrabZ2WgtZXwkAEp1UXw1GZtqIOuPY5JvjTGrl1wrKvOi1md20WL5RYCxZ8s9lm99UVtKqAmlkFQWXTXdkBx9bP7iX4yeB9H1U36bP5llfOdsOnLPsx7vRxd3nx7vTwzqZJi9fFPLtOrlxzs7Tu4V3jUTJb0rOU2yrOW/Bj2RqdlQVDfQEy7nhKSgshVhQYrzc/8cvw9OXavLz/AMb+G8e2a8uL1cE28uPd7OCV0y6ZxevimsejtHPCNvPXaKxWnPKkHPPuzKZ5VnG7mvLbLe9tRmRqd0Dy3x9cox0bwzmPVKsemTpNQym8L+HCctu9SvRwzc/d5jLTyTrCGtW9PJa0yoz1WAoqALJ8p5WoBo8gKgvgA8pvpsl3NztQUAFEPIqoqeEFkAA8gAKiwAgACLAUEBRFA0KlAAQURQABVPCKB8AoAkUFgbAFQQUAADwApDQCxFQVNgAqRRRQAIKgFCggAEVFBFkCAoAChEFDYCiAKIoCoIKAAoAiooAALFiLAAVAUAAEFAAVFAVFABQAEF0AAKAAsBF0KCKAKAiAoAC6BlZFEBQgqmlBEqKgCVQGUq1LjtR836l/F3+j3+7n+7n9Txk47+G/o1/Y6/8AlK+ri1WY2yyy58n8a6MZ9qsHx+Hp9Qsfbx7Phy6+ofD7eHaLRoFQEUEHDluq7vN6i/u01izkxj162ljLWMbrDtx/t48vuuGPuzk8Ll/lwk617OP6fZxe7LK+/XaJjjcukr38eMxwmOPaRpjH9nHPde0OPftuWXe9XtnqaYbo58fPhyfx7vF6z1WVuXHx5ak6Wxi+TGDj6jKXky9vbbjoym5uGO3gyz3Wmpjud2MouW9dHPdY3Rf09p7K7YZbxXp5TlVcfZuus49aaxkuW28p03F36EiyapjGtOVqtYs8+Ey4cpW8Yz6jK48ftnfJmX2r5mePS6i8WN9kvl2uP2dP0vbI7WpprDVw28HrMZhyyT/M9fXG2eKx6yS8OOUm8p0Xx3WSx4Msb8LjNt29OrPFl++2vZGnPm4/b5cZ3dufLdjg0NXrpePKYcsvdi5ai4/dYj2cmWOXHbbHCzHPW3nuWXWb3E99xmtqi8upvTnjOssnYtuV3VmPX/uXpY+tj2n4dcO7jhd4z4068fd5b205+rk9tvw4+kvumU10dvVb9tef0Vu89dOi3oe32zRjjcrqMy2tYZaylcqq6093ob+6T5jw3Ldev0N1yz7iXp9TF+a/8RY/8Vx3fl+lx7vzv/iT/H4ns/8ALlj2+r6e79Px/wDtjPNOh6O+70nFfsvNOjyuj53J3r4X1zjyzzwuM6a6vvck/dXDk4ceT+Uaxy1VflMeLPc/bb94+39Gwywx5PdNR7sfTcUmvZHTHCY9ujWWfKJoSd2mY5q6Ys5tYJmDhfLnp1y8uUStQARWZ3XXlakBGa3YzVGajSKIKgIi6FGS9woiAKJUVFBBPCj5dAs34d3IN/CX7JQL18M3stS/doRFSqCB4BfueAn42CnTYdUCKTslAZrSdFGL3RqsXooAKhj3dsZNOWPfq7Y/x6JVZvRlqy3rUQZVO6xRZWoxtuWoNuuH8XHHe3bDzpmrGax0+Wsqxeg0bbl6OcampOgLb8Evyi9YBSTcNiCnaJsoJu/BQ8KjU7E7sw7Irth2bv8AHL8OeFdZ/Gz5iK8etzupr5/2JejSCoAs6tyM4zo2gIVYKEPKoE+yxm+Gp9hXP1GO+HL8PmeH1uSX2Zb+HyXXBy8i493q4I82Pd7PTzz8VcukwevCakdIxGnnrtF2zVvRnuKKkKIpb0TaVRL2MUtT3A6w7sTJdwEy8vL6j+NerK9Hk9RejWPbNebHu+hwTUleHj/lH0ODpjNt5pi771urvoz7iODo14Yvarazll0qwc8urE7ummLGkblXbn1XdBberp3jja3hn4NK3hdZvZx5S5TUeLLrNxeHl9uU3WbF2uf8sp90c8uTfJlfmrMt+V0jcWMy7anZEUSLBTydxYguhNgAqAmX8W+nsxx+IyoAAAKKICCooBAAPAACooAACgAIoAACoAAILogsFFRQRTyAeQIBD5DyAoIGwUAAFEUAAFBYgkmmkVFAAUgQFZq1AAFCKQQCBsF2CwA2ioCoAKigKiiAAqiRUBUAFAAABqMtRAUAUAABAUUAABUUBUUABBQUAAAAFVAFioqAaWAgppQRUUBFEBUUU2AIJpagCWlAAVR8/wCozfFdM/Ru2r8vR6nH34Wdnn+lz28uU+K6b/kr7M7tMxrwjDLOTbGXYg+LydPqM+X3Mesj4nP09fj+X2uP+M/DVGlBlFQUEeb1P8o9Uef1H8m8Wa4aduLHeUjlj1r3+j4P1M/t5bs36Yd/RcHu5Ly2dMekfQvSJhjMMZMZqRx9Zy/penyvm9I9WOPDFzvtnh5P7Ry5ZT/Dx6T7125LrGzzekcvR4zD02Ennq7+2b3e5Lueh4+TLH0vF970jw2dLb5d/WZzk9Rrxh0Ys3i+XndZK58Vm7jVyxmN+Ixr25beiSZY/LGV17HGudjrcLLqp7Vl2rnN45b8O2vdN+GLi7ccvYqphi7ZTWJ7PblZWeXlxwwm7NtTel0kdPbrH3eFxw1xzO9N+Kz67PLH0eOHH1yy11+DHxW9qxeaT+Oq5b5fVclmGO5PLn6bjswmN30vevsYYY8eExwkjfj8WNtS3T5mOMvd0uO4xxyzPLG95dV205Zeqrz3HqnJx+7juPnw65Tqz26rj2Plfo5e+y+Gbx2Wde71+pn6e8+23jy5Pder2Y3cac85+7XwzZp2uO/3OV3b1dBjUWa8lvVyuVWI3MPdv27rjnuZ9ZZp048rjd3tXTl45nqz+io4SyHvnZnKWXXkmG+pR9Xh/wAKfePRx9a83Bd8eP4d+O6ry3tteeT2ZSvH6aa5M/w93qcdYbvmPD6ez9bLXwv4PTL321vox1ajlVbxer0fTmx/Ly4PR6fP28mN+6JX2Me78/8A+JZ+/jr7+L4n/ibH+748nux94OOPb1fT7v0XH+HXl/i8/wBJu/QY/l6eT+LyOr53J/KsOnN/NzFQVARGmfIN4GZiZA4Xu5O1/l36OV7pWoFilRWU7VSglqVdd0URKqVRPCKAiKiiaStVBGRUqiVKukv2URFSqPlKyW6ehyWoW+U38AVmrlWb22oIlptQhs8iiqggq94hsF/Bv/dDdBWb9+ypsErLTNUQBUJ3d8OrhP5O+Otd0oZdMa59/wAt5Xoz+ais07KnlRZ3ajEaiDcuuztx3q4x0wrNVMu7N01nv3akY/qRUrU7JSXuo1EyqXPoxbumhveyW37MrAblWJF2ipd7Us8psF0zb16LtN9ewNYXT04dZ+Xk93d6OLLpPmJYPNn0ysiQzv77PO0ny1BuKkpaDc7KxLI1tkVWdrKKpeybNgeWse/Ri0mWgdMv42fL5OU1lZ8V9WXcj5nNPby5z7t4OfkTDu93p55eLj617+LL2Y6XMwdtrK5fqL745adNulu025+9LmaNusuu5cnL3Jc10bdfclzcbmz714m3b39Utcpn17r+pDim25lru3M48+XJPFYnJ9zibey5dPu8nqC83Tu58mfu7NY46S2M8f8AKfl9HDLT5/FZMpa7/rLlNpjXq90Pfp5P1fufrRji3yeu5s5X7vL+sfrnFOT1bZuTz/rMXktq8Tk9H6mi8n3eb9RPfV4pyei5/dmZ6vdx9ye5eKcnsw5vFu2srL1jxTP4qzkv9E4ryeqLL0cuLL3Yum9M2Lt2xydJXmmUbnJPlmxdux2n3crzYn9owmtSpqrt2IxhyY5dq3OqWCkBFKACgloKbIAk+Vid60CCoigUUU8oAolVBRL2XwBRKoAAG1QAVnfVoAAAACNIIqieVgKgAKi6AVIAoCAABvaxJFAWoILO6oAqoAqoqAICqsQAoAgAKoighBqdgTsoAoAACAqQBYAAoARUVANCgaEAUAFVFAUEBUUBQQA0AoKBpQRAAUBQIqRQAAUFQTSgBpdEUEiqAAgKAgomyVRQEBUUQABNCgJClKDjzTeNeT0GUnqc/wAvZyT9teL0cn9sy03Oivsxpmd2/CsMsZdm6zl2UfF9ZPb67C99vtcXXDG/Z8b13T1XH+X2OD/Dx/C0dQGUAUEjzeq6WPVHn9TN6axSuXFjvKfd930nF+nxTc/de7wfT+GZ5y3rJ1fWnR6fFjv3XHKj5/1HknvwwvWTrY+hbqPn83FObkue+7fly1izHs4s8csJce2m5lMpuXcfMmHJjhljjbMfJhzZ4cV48b0vlwx82ppdOWXXlyvjbpj1Zyn7TivXVeHzd7Dk4/Lfp5bNXw6+z3TTlx/3fJN/hyl5TSx0ywc8sL8PVcdd+kebl9Tx4XWP7r8Qwxy2sjOOHmsZ8+PHek3Yxy+oue5P2xw6Ts9WOH+tzF2nPycvLu9ql/fz4449ernjdXbv6LH3+olk3qO0n41rTpz3PH1UxluUvaR7+DC+3fJjJfDGPHhx+omfJlPflNSOvLyY4TeWUxnzXT1jN1yt36eX10xmrOm/h39NlMsJd76PD6n1WHLl7eO7mPenoeeYclmV/bp5cb/fIvScu8fWcnxa71xn95yZZXvbtv8AVnv9t6VM5u7ai2MZz4dOT9k6vHz+sxxlxw1ckxxtHH6jnjePHhl3l3uvDw54zGT5vRuXLlz31tdp6XkzuP7dfnw9OP8AM005WXCSVn2+69ute6+lmWvflejphx8XHlPP5X5Izt8q8WdvTG3+jWPouS3Xtr69uMs1G8LJZ0jN8lht8e/T+XXW6/o3x/TuXp+7p+H2fVZz9Ke3X3efDkuXFbPDPy1XzuX6Nydc/d1P/K+XHDct7/D3cvqLjlhjcumTXq/U5cHo88p1y8LM8qjwcfHlxT25d3p4/bqWvJwct5uP33vt6ePHyVtr1GW8PtHz/TzXNbfL3ck3jp4cMt+oxknTetr+D1t449Kx2rcycqpHbi6ZT8uTeF6xB9vju5j+HyP/ABLjv02F1vq+pwXeGN+z5/8A4ix36HfxXs8d3g4z7Of0W79DPy93J2fP+hXfpLPivo5/xrz3t0fO5p+5zduf+XZxRURaAjPlpnyDeJkmLWQOF/k5W/usdsp1ccv5VK1E2qaXwighvQFYbvVmqJWa0VRkoWAiKigi+SzoozUVBETqJpQ/qmwqj5KWm033elyL1T50X8aToAlvU6JtQ79k2m9G+iiqm+hsF2fhN6TYN76HhkoNT5/3NzbMq7BRnaWg1ekYt+S5M3reiptRNmwajtj2cHbG9O6UMu1ZjWdlnRhFVKb0nZUWLKysvyDcdMK4ytyppWs8v3M7Zyz6s+401t03Jeu2fcxck2uk21cvhN9U2s7mjbcajEvQmcl6po267Xbj+p8VPf8AJpdu1pv5cf1Punv+5o27bS3TleTp3Zue10m3b3OnHye3LxY8nvax5ddzicnXms/Vyvi9mZl93Hkz92e50T3VdJyd/cvujz+6nupo5PR7pI1M3m99PfU0cnp9/VZyPJ778nu+5xOT13kZ/U15eXdN04nJ6byJ+pp5+p1XinJ68eb7vLzWXktnlOqWWrJpLdrx3V6u36rjMbo9tKS6df1V/V05e09tTS8q6Xmuz9Wse09ul1Dbf61T9RPYez7pqG6e+p7q3OONY8UvcNuXutTf3en9HH8r+jhPBtHl2j1Xjx+CcePwbHlTV+K9s48fhr2T4XaPDJfitfp52bmNe7HHXh2xnRR839HlnfCz8n6HJ8PpezLvUmF30XSbeHH0nLnlqSf1dMfQctveSPfjx2OkmXnt+V0m3zMvQ8mP+aXXwxPS5XvZt9W4Xz5ccsdJYu3h/sn/AKlnpJe+T1WLIivPPR4W/wArpf7HhL8x6ZIXQjzz03FP8u/6NTgw/wCmO3RqWA5ziwk/i58uH7enTT0W/Z5+TPvEsXbjuWIlniNTXt+7Gm9om4tYyim3TG6r1cGXun3jw4ZfL1+k75eWMp6axr0AeXJ0PAEALOsvwAE8qkXzAFSgqggAeSgKeEAVKtnSAlaQQKsRQAAAnUAVAFQAFDQG1RQNrEVFPgAFEnZQIE70BUBBQAUAAFAIaICgILsAAABUNgoioIoAAoqLEvZYCggKIoKCIKqAKAACgAIKbRVAABQQUAFVIqCgAAAuxFQXYgDWzaKCiCCgoApoEUVAkVIoAAKoCKIlFXuukkUDRoAXUAA0KiIaUIAaAEFoCCp4Uc+TtXz/AEt16zLT6Gc3t4OGa9Y1iV9qN+GMfDpFYZZy7NM5dgfG+pdPUYfl9f0/+Fj+Hyfqk/vMPy+p6W/3OLV6HoRRlEUAI582G5Ph1jeHF+rnjPG91vGbqXp6fQcfs4Jda29SSTGSeIxx22W3zXt+s08/bz+s9T7N4Tpvu5+jz/yXy6eo/S99vJrcm3m9Hbyeolxn7Z3rhneXpXuzx/u89fFfNxmUnWV9jKdHj9X+3jnza8/lwuF9LPby27jP8bKdW8ZuOOc3F09XF+6StXhxuXusceHP9PG+6XX2eb1Hq8+bcx3hhP8AWp4/H6WRfW8vv5fbjnfbPivMsS16ZJHSRzl3n9nWcVy893OzvWuDDPlz1jbf/gqul4Mp0l3a+r6T089Px/8AqvevnXL2X92Ut77Y4PU83qMrxY5XWeXW/ZcMpLusZe3o9T6v/iLnxz3e3HWN8Pn58vLzZe7myt+3h7/UcGPBjjMfh4c+k21lrK7JIuN6OnDL58uOGUejh3lZNd3DKFj1cON25/UdcXJx3Gfuvducnty1vUl7ufLzY58nuyktnZJtlPdy83XOajjPSYYXdu66fr23WtbYyztybNukxw45+2RPfbOmozyzWErOGW51BPfbWssd4b8sZdK643eKCTL38UvmN4Zbx/Dz4y47+K6YXW0tHe2XHq4zWPT5YnL7rlJ4YuV90rN6Vj6l+zDgznf3d3f6hJn6TK76THbh9Vxt9Pxe3xd13mU5vQXpue1qetVa+d6Gy8WvMr6HFp870O5jlvXevocV/c6Xto55qdHzcZr1Ev3fW5p7sdx8q2/2iT/1A9d61udmJ3dMZa51Sd28WfbqtRB9f093x4vN9dx93oMvs7+ku+KMfV5v0HI9Xh+rjfs+Z/4fv9xnH1cuz5H/AIft1ySvr3s43uujw8/8nF39ROrgioioCJWmb3QaxavZmNXsDjl3cc/5V1z7uWf8lqxAGWkNAAlVFGRrTFUOqeFqUENGkULPIJsEves1qsqiUKKM1N9WqncHxkt0zvXlLXr05Lbv7J3jO/8AUt6LoXe02nhKqNbTaGxF2u2YA1s2z5KDWy1k2DRtkBdpsqKKgeQDYAsrpMujlvTe/wBs0itW9KxsqGhdm2RUa2e5hTRtr3L7teWBNG1zyrG2rNp7VNptd1faaESWm6e09obTd+Tda0aBnqNaNKMlb9ppBg03o0DGj2t6i6gOftX2t6h0Bj2mm+gDGl01s2DOovt6dl2uxWdGlNgntX2rtAPasw3bq9ke30nBjMbycmt3tKI8Xt+5p6PVceOGcuOusecF1Pk1EBWuhPbpnfVYDc9tupGscZfw5zLWvhv9ab7dAdJhGLye3Kz2zo3n6jHLXsx9unnve/dNG3pwy903ItrzYclw7L+rnTQ77JXnueV8kzvyaHp2SvN78vk91+aaHqmTpjySeXh91+U3b5rSPqXPG4390TDkwnfKPmW3ts307rtNPq/r4fKZep4502+WbXZp9L+1cft65arhl6nG9q8mz+qbNPR/aJ+T9fV7POIr0/2r2+Iz/abfDgA7f2jJP7Ryb7uQDp+tyf8AVYzc7fLOwF3ela912wsTSrlbYku8dlZxy/bagYfzez038rPs8WF3nHs9Ndcsv2Zy6ax7eoPA4Oos7CwUSqmwUQBafYQFEp4BYrM7L/2BUTYKpaiiKJOwKvk2ICqz5VBQAAigiooAAKIoCsqgoHkFEiikEnVbNABBBVQBQAFRQCXqlWAbUIgoigAgChAURUUAAAAqxFABQFQAVFQAAUQ11BYGwFTZoA2sIoCoqAqKCiAKoRAUAA2AKioCgBFRQBUiDQigoQAVF6IKIoCooKAIEgooIoCoogIoCoIKAAAAaDsB2QtXQMZdnz9e31mP3r6GXZ86579Xjrw3iPtY9o6Ts54fxjcVhEy7NM0Hx/q01ca+l6LrwYvn/Vp+yfl7/QXfp8VvQ9QCAoCE7vf6XDXHvzXhx7vo8Vk4pqzUjt4Z/THk6Z9Ty/p4ane9GMOeY8UufR5fUc36vqZMb0xmm+afsxieXy2ZemJPThzz9bludd/ScmHp8Ljq9fhzmDOWUxcpllva8Xo9T63LDH+7k/q8HL6rk5LLnJufBllc71Y9vV0v9dtzGR1x5NzrOrf60nZwy6M6vynGLqO2fqMrjcZOlcIW6S2LJpdLtNs7LVGnb095ZLjxY7yy6W67OOPWyXs9X9rvDj7eHGb+alKnqfS5cXBLnlvK95Hl4bOG7nR35OXLLhz5OXK5ZeJ4ePjwz5ZudvslkZ1/r18nqLy63erhnMrg7YcOOHW9bDkvTXjabNsej48byyZ3v4e/PCceX7Z3eGZfp545Sddvdy5WzdS1e3D1eM485jLbqdfy88/l1OXKy7rO/djuDnTPL2ZTfZ3wkykrz5X34dO8a9Hyy5XDK9lHo5OvHqOfH/H8M4Z255Y356M8eX95ZfJodM8d9Tjy1lJezV1quXaxgdM+iY9eycmW6nFlZbPkvSmOPsxv3Yy7u1x6aY5MZNSMDesebG8d1ZY16TDHHjz4p4j53qOe8PPhlj03qPd9O58eXn3233bs/nas4ej/AEfSTkv8ssr0qYanV7vqHJhOCY42W76R86d1nTUdssv2WPmcmpzWvo6/bXzub/G3924PZPl149OeHXGX7NYZWX7Mq3e5E3urJrSD6Po7+10+pT3eizn2cfR3s9HrZb6PPXw7eG+q5ZfZ8P6Df73ln2favZ8L6Hderzn2fd8MZfatvF6mPO9XqI8zKsilQZZvdtmguLWXZmN+AcM3LPu7ck6OWfhVjBtNiNBpNrtAQSqCVQGUrVZqglVKomgpBErNa7xLAZsTst7IolS1U7tD4Hu6ptZhbdHs6PY4bRHT9MnF9w25m3acUWcONkvVU28+9r+Hqw4sJjdxr9LjkmsZOom3jNX4r3e3DxjD24Tr7dht4ZL8Gr8PZZhqMXXmBt5/bfhPbbOztbfjofmC7cvbfg9tdLdJAYsTTdAY0aaAZsJI0l6gaDZsDyaNmxTSaVKIaNAAumQGtbauEklrFv7dN8tn7ZjdzQMzR0ZFGtxNxDqDWzbIC7NsgNbNoAptNAKIoAAAACp5UBFAAACgCwuWV75XUQVC22dbsBABdCppQAAADQIQAURUAF0AigAioCgAAAAeAAAAAAAUACsybtx8VsndFc5j7Mnq4brkxv3cMo68fS4/lnLpqPdA7Dg6iwEU8n2AFQAKqKCAUCB2ANCpaAXwKBeh5L3PIqflTweAPJ1uX2J2WfyBQ8iAAAGwBUUBUAFRZ2QUTuoKCXrRVhT4AAVAABYIoAAChsFEVAVACrEoCgAqoqKIoCAAKigAALtFkAVDYCsrKCqzFQUDYAKCgARQQUBABQFRYAAAoAKioCooKIoKAgKgDQigKigAAsVDsgondoQVFFABABFUTZvdEUNAKAAKAhRKCNJJ0WAxn0xfOz1PUTU73u+lnOj5vN/j437t4j7PH1xl+zrHHi/w8XaEZqXul7NXulVHyfq0/upfu9f0679Pi8/1af3H9Xf6X19NPlr8HuRRkABCd1u7jZvUTyXWuvY3odMeLGZSzuz6r1E48/b5068X7sp8PJ6vCZeq917Rie6n61xctzv5T1ONxkrXp8P3XLtJ2T1GW77a3O1cOK76tZa2zhvZb1dRcqx4Mu66Bis1vXXRZ0FYk21MVk1Hr9L6TLmy3lLMP+5PaW6eSTXk1uyTruvt4ek4cJ045fzNvn+uxnBy9Nfu6yTw3nhcZtjntxuM9lxy8s/qST24TUjH7rd3o1p50tWbt60zn7d+Ut0vu3BHKZzOY/Mr6GXXGb+HzNf3+MnT3XT6eX7enfUK3i8/reTjyw4sOP8Ayzq8mFstlb5P3W2JcekqsVePpn+WceO4c3Tyt7y/Dp770sILJJl1ccv28v2XK5S9XDm995MZjP5V09aV7eb+OOvKZzptccbJjje8jeeH7XGmnnvWN46wk+flm9Emfvws8nax7+b23gwuPd48uu3Thy90kZ5JroyV8/12v0f3Ttejf0W65bb2nk+pcdnpJudcq7eh4pw+mxuv3ZOt+iOvquDPj9R77nvHKdJ8MSdXPn5+XP1s4870xjpvqmtRt0/yWfL53qdzkvi6fQl6Pnerv95972ag9nHd4T8LO7nx2/pz8N4sVXXHu1l0Yk6yfLeU1kg9fo71ke7nm/TZ/wDtr5/pP5vpZ9eDL8V28Pdc8+35r6Rfb9Rzk+X36/Pegvt+q5TrP3P0V8s5fZXj9RHlez1E6PGy0iKAjNaZoLi34Yjc7IOXJHHPtHfkcMv4zarGNI1pLGWmdC1NAAiglBRNoqUEtTZUUVEi7AQFRKy1UsBjyVb0S92h8KS9/lfzpn3aJlt7XndJ0mpWpj07uczx/wDg/UmuqDrJ1PbN3eV19nPHlx1Z1+yTmkqo9WMx826dZjj93inqdeOjX9ssmpj0GXr9uEnZnL2/Dy31eeuknRi+p5LvpJsHozymukm/G2MnmvJlfKe/K+RdO9zsnXWp5YuW7vbn1+UFdLlO9v8ARJldfdjuaUat+57mQGt7KztQPJsQFAAQAXf3QUEAAFQAPIAKABUABQPCKKIKIAAIvhFgAKoihoBUUVKCgigIgqdQBUAFIAAgAqqgAgKiKAaUAoIHgPCCpoiioGgAAAAAAADQAaUEs2nXbQAqRQRYCKZOmHWRzydOPtPszWo93kSXciuDrBU8iKRUncBdBAAACoHkBRNgqTueDyC7WJJfPlQPIIKtO4dgJ2J32L2AVFQAARRQQiqCaFvc0B4J2O9WdkAgABQC94qeVop4ABRFQUQBQAFkRQFRUBUgCVZOguwABVVBBRKgKJBRQERQQFXaAqoABIKAoIAALFRQFRUFIAKIoCoqBFRQAoCwAFEVAVAFVIoKIAqoIKqKAACrEgCgogoIoAAAgoACz7JpZ2EFQBVRQAAS9kL1oCxSCDNm3g9RqcmM15fQva1871Vtzxk7bbxH1eHrx4u0ceCf3WLvGmal7pVvdKI+b9Vm/T10+k3fp0+pz/h6n0e/3LX4PpAMgoCJ5W9uqeVy/iD0cHaV5fXY2fu+708E1x1y5/7zit8xyxvtJ2nBlf0J0cfVdLhl93owmuHB5vVS2dPDrGmeSf3ss7WMZfydc7vHD8Ma69XSIxl00u+jPL3jpMP2xRjzt34PS5eovTpjO9c5jJ3d/TetnDLj7Ny3eyWS+2Llfx6v/LuKYzrlufN7vXjJJrHU14ebj9dhlhcs9Y/Enevneo9Rny8tzxuWE8SV3544+45+72+j6z1uPBj7cbMuS9p8PkZ8uXJy+7ktyrGV3u/LLjn5ORHozy9+funbtonVOOzWqt6ZdOzi0tw3GJdV6sLxYYZZZX8PHeTHLOY476qrlz2yzLG6s7Pf6a3kw3ld/t7vJ6nj9lmOWvd/2d/S5e302WvE0qxZhxcXFLnlLdVyw/dhvTx52+791t/L2+kzx5Jjhb111Ga5ZTw68U6bqZYz3Wzs1xz9l+WaOXLlL08u/HwzHjwyyk90TP8AR45jlnZb8bc/Ueq9/o8+THpd6jUlrSeo9Tjxak65PThyY8mEss7PjcnJ7uPr1yb4fWY8PFZZblf9lvjV7s+l6vNl7vfhjxy+7K9Ey9fjy5Sasjjn62cPqsc8N5e2Ewu0Set/snq8pll7td5Fv1P38ty1+3fZ8+75M7yZd8rutcntuEk6XbvPHE29f1H6nPU44Y8eNkx69fLr6b6px48eM5J/F8q41n2/JfHLDb6ePqZ6n6jc8e1mo974/obrmmn2PPVxzmq3G52fP9ZLctdvu+hHh9Z0ylSK7cV3w43o64OPB14o7YMUdJ0W3d2gyPV6S/3k/L6l68dn2fJ9J15pH18f4128H2rlm/K8H7frVn/qfo73fm8/2/Wen/W/SeDP7NPPz9q8V7vdzzo8N7sKzRURUSqlUMXSdnLF0nYHPNyyn7XbNxv8aLGYlWJWGmbErSVRmpWkUZFqKIjSaBnXVmtVFGUrSVUTaxlYC1mtM1RKy1YzQfndKD3vMiooHQ/oIC9AQRdoqAKAoioAFUEBQQUBAUAEBUVKAqAAqACoCiKAAAAAAAABAUENKgCgoAAaFAEFA0HgAAoCbABQAAA8AIAi6VQOoCmgAAETS6ADSLAAAAWoBoBAA0KIpQAABTyAACKAACLFya4uzN7Lx+Wa1Ht4+uErbnxfwkdHCusANooQgBVQBUUBEUgAoB/lSdYq9gRQFFRQEJvXUQUgRRUBBQALNrILsADyABEBQAAgAAJe8avWJ5XwKAAoABBZ2QAAAAUCIKACiAKAKoioCAqAKAAgqAAs7IvgUBQDWxYgAoAACgBFiKiKEUVNKAhFRUVQQFABQECKAAALAigRUUBUVAVAFIALsCAqoqIoiigICwARQNIEWVFgKIugFRQAAShe5ICxSCDGX8a8HP3n5e/Objxepup46VuD6fBd8OLtHD0/Xhxd8WmSs1qs0R4vqM/4fL8Of0a/3Wnb103wZz7PN9Gv93l+WvwfWUgyAAHkvWCz4So9HH04q5T/AAspfLrrXFbPhw4cvdjduWCROTK4ceGo5Xdx3lHb3TPL7YufqL+2O0acqxb1dpq4bcL/ACdIJnN2bb9+ppnJePG53t0S3SLll7uP2667ZmGu7pn7ePOW9pUzymV3I5b2xYnhzzejinv6eXPPDVuN7xds6eezq3lx9OnjqZ4WTbXFfdx5FqOXHk7b3NOGurth1iqzyy4z5219OwxvqLyZz9uE3/VqSZ46vdMP7iZ/t37l2jy+o5rzeoy5b2vZ6fS5y+mzeHlv7r+W+HluP7J2rVWL6nHUl+6emyuOfu3rTrz4+7GTs9Hpvp2eXF+rbJj31UvQzjL7bb58NYbk6zT0c+OPvxw4+sx71z5JJl08OcV4vVYb5cazyyT0/t7Tbr6ncwuU8PFnzXLHV7PTj0scso52RvK3TllfDpBMspKzbtnVNVdIZZajHuq2WumWEx48evWtI4+/c6sS7buM89ksgO/o7Zz4V9y6mnxPTWY54vs99PP5O246Y3q8Prumvy9uMeT1s/8AuxGmvSdeHfl3jzeju+LXmPTO7FHQJ1a10ZHTguuSPs4fxfE47q/D7PFd4y/Z18P2c835j1k9n1nf/qfosf4Y/h8D6rj7fqkv32+9x3fHh+GvJ9lcubtXhy6Wvoc3Z8/LplXNYyAippnJpKCYukco3xXdv2UZyndxy7PRm4WdwjEKQrDaaSqzVERUUSs9mqlBNrtj3Huii1mrsqjOkrTKjOW021WbBDZtNFUPclEUfnwR7nmUDQJpTwAAAAgi1FBUUAToKABoAAADwAAUEqgCLAARQACAAQAKAAoJ5FFEFAAAAvYAAAVFABAXoAAigBQABAU0AAADNy6tMZINhOwoCwABKCgAeQ6AAKCCgJo/qoART+oIaUBNCiCaFLOqiI0aFTYaEFRFAL2BBf8AJDj/AJUx/imPdK1Ht4P4V0jlwdrHVwrtFohtFURQKQ7gHk2uM6bS99IEUnQoCBQURQFAVUADYKAIILFRQDyAKAgLE0sARUnWgqhAAAAABL8NUCACgAKCoAigAAKRUAAAIALEICiKCLAAUQAIoAigKggsVNKKKCCiKAqAKmw2CqigRUioCoAq7ZigbVFQFRQURUBUVQBUBUUQVFRRYigKigRUUAARV8JFQFZUBUAVWV2ChKAKEBSgAqKgAUEpBZAaiCWoJl2eH1XZ7cq8XqJvGtwfR9L14MXfF5/R3fp8XpxVmmSWNVmiPL62b4M/w8f0a9Mo93qpviyn2fP+j392UjX4PtQIrIAKC4p5ax7xmo7Z9ODL8PN6WX2ZPTyXXFfw4cFs90k0zikOPpuMcvWJfdxy5XzXLPLLKbdWmsf8Nwvd147/AHfXe3PVuel3qC44XOvXrDg495d/Bx4Y4YXLLpI8Hqea82du/wBviOU3nUOXkvJlak5NOcI76hp6uHl9t3G+XPG25Tve7yTcMeltqcU09H8pY5T+7y6JOSy9Em8r1ZuPpLF5MNZb8Vvj6NcnNhlMccZ1nck0z70xov7M5fFddS38t8H6eWWuTTz+ty/Tz1h2/wCyY32PB6nX6uUnaU9NJ+ruzx0Yz3u2967emyw48rlldXXR2vSOvLuXHcun1uDkt+n28uscZOmnzuT1HFyemxxnTNjCZWauVs+N9HPeh3wt7/K37rjjqbTLsxjfZXPlw93DnOnZ8e3V6/h9nv0vl8n1OPs5ssfu9GFajna55VbXPK3+jtFLYzvqiVpFyrGWVtm6tYqot6prd6d08ukw39hHTHH2cmGO7dXdfdmpJr4fI9Lxy8uOWWV1H19y9Z2cPLHTFvCbry+vx6V6cbquXq57nKdq8/op0ynw9Ueb0M1c/wAPVGarpOykWoGPSvrekyt4ur5M7vqeiv7NN+O/1GM+nxPruNnrcMteX2eC74OO/wDpj5317gysnN09sse/0d93pOO/Zvydp+Ncs6V8/P8AlX0eTs+fyfyrnWowiiKylaS9FGG+PHW/uzO7eKCZON713ycL3qjmURhtKi1FgiKiiVnu1WQZsTTSKICKCKlUGVBGSlRREWpao/P9RR7nmTwBOwL3QUENAB0+QNiAH9AVFTQoAAHY8ga7AAAAGj8KCAACpoFNgCAoIoAAAGtAAFFAACAXsBoFBBUAF2gCkAIUARQ7ACoAAAAAdxQRjJ0YynQFx7LpOPs1oDVFiAdgAAiwEWb+BAF0AAFBQAIC6BD8qa6gmvhVSgeEUA8IqAVFNIIIoogqC49qT+Rh5P8AMlaj08N/d2d3Dhv7/wCjs45duuIGzv2ZU2qL3BS+DugrSGxBUABdABIbO0IBtSJchVEUBUAKqKAqCCqgC9QEFQFBZ0SKgVUUEUQFCACszvb4UBUBVIdoQFXwmzaAIoKEANqCAqKACAoigoQABQRUAUAEAgKCoLABRUVAigAAAqaUBUWIKCAoiwBUWAAsQFAFAEIqRRRUVEFRRVEEBQgihslBQ2ALoAUFBNKioAqAKCA0goKCCiAKukigHkWQE0vYKgm+qfhZF6AxZJ+Xk9R/HLT2ZTceX1Eklbg9foP+XerF4/p3/L6ezHurNWpWqzRHD1M3x5fh8z6T05s5931Oef3eX4fK+mdPVck+7X4PuRUnZWQUFErU7osZqOvLdYbc/T5T3ZZXrNHqstcUnbaenx/ZlWZ6T8c/V574d9tscU3hNxz9Rct6vaXo6enlzx06/jTOUmF6N8HHu+6zozOK3Pr169F9Ty/p4zjwvW93PK2+ojPqeTLltxx6YY/7vLZp0nJZjZ8sV2xmoMLjjfK6VpTtGLW6xeqom3XCa4/dfLlp6fTyZTjmXbbNHG8eWGUtmpZ5dd9J8tfUuX+/mMmpjNR5plbyT8JYzZt1t12uq48mVt3XW9nHNmT2w4cjn3dMmNOiJ56Xq9np5nZLld1n0vpcua2yWyd3sw4/a455Toen2zD03W6sefKmWdvTfRzzzmGO8mJPZWfdcs/tHk9dx6ymeu72ceOsJvve7j67Dfp8rj3jrhdUj5OWU055Zf6LlKxY9cjRtLUvRLk0LazU3tRkxm8o75YXCS/LhL8PoTH38WrPGwcuC/ulj7GH+Hjv4fJwwuOerOnh9Xjy3x4z4nhy8s9Okbx7seqm+O/hvFPUyTD+jzztp5PRX9+Uvd6vLx+ktnLXtndaOsa7sS9G5ejAmusfS9Df2vDcZMJ8vZ6H+X9GsPtGcunm/wDEHJr0v6cne7d/p136PjeX/wAQz+5xvw7/AEq79Dg7eXtidPTyTo+fyTrX0eTs+fzfysca3HKooiolVAZ8t4seW8b1AycL3ejLs4ZfyUcb3ot71GGysrUUSs1pNKMi1ARL2Ws1QRWaoM1q1O8UZUSiJUWpVCs1RR+fCTqPc8wkXsoIAB1AA1tNKAT7h4ANCgJ9kU/oCaUARSQARpNAaAAFOvYERYugQPKggaAAFACAAACgJ5UABABQAAAAAA2AeQ2ACgngFBDop96CaF+DwAABGcmmcu1Aw7NeWcOzYILsiof1E0oqKCACqICgi63AAXRoA/CkgIGlAQ0oCC6EE0mmk6CpUKIJQKKAiC496t7pj3WpWo7cd/dPu9Ly8d64vS5ZOmKk6HhGGlip4UFSCwAp5EUgaPHQFAABAXZj3Ong8geVSrAA70FFQBTZ+CIBO6mgFTyoAACobQUIAqACoUBYJvVgBsDyKqstACKAqLEBUUBYkAUABPKkAkaRUAAAEBTZC9wAIAqKgKigoCA0kUUBQTwKAm+qprrtQFRUBUUQIQFUIALKioCgChBEFRQIqAKqKKAIKIogsQBVQBoQBVSKBF2ioCoaBdhIAoioEqgAACgAsi7PCAqKgGxYukGMr0ebnn7bt6rI83qJ+ytYjt9Nv9x/V7cXg+mdePL4e/Ftlq9mWr2ZRHLm/hfw+T9P6esz/L6/LN4X8Pj+iuvX5/lqdD707CY9mmQAAWIsBy9RvLLCXrNvRx324ZRw58r78NdJHTjy93uvhLE083qMt3Tj6bkzx5LPDtZ7ubL4jpjw/u906RbdRXSfsx93l4uaXLL3PZnd4dHnyx3imPq7HCzX4Pblq3V093B6XG8d5OXep1065+q9PcLjJ11rs67Y5PlUXO/ut8MtNNSWlmiZSJlnudAZerHG8XtyvXfXThhOsd7neTPd8dko8/qbny8svnuxjL7+j04WS55Zd5Ojnx4649+QS2b1fLGWJy7xylan7sZWL2xY8+UY14r0ZYszDq1th7/pvPx4YZcd3Msr0d/UYYY3249/L5meHsy1L1+Xq9Pn7sf3d3nzmrsSzq8/Lx5Zcvu/yYvfxcN5Lu3WM8uXrcp+pjwccmOOPW35Zxy9jNsvZnkxmXFljrdrWM92pDKWbjrL7H57PH25ZY/Frn13p7vXcfs5ftXjtm3txu40zZJL8uOU3XXKsVtGZFqbTfXewdJNd30/SyXCbfI3b+H1/R/4eNB6s+Ce3eM6t8c1hOjrhrXVdSS6c/J01GZE55/dtaTl/g887beH089vP969teHj/b6jGffo91XLsbx7NxjHs05jt3xj0eiv73lwz6WV6PSf4n9Wp2zl05fX5v0+N+6/R7v0U+1a+uz/AIPfxXL6Hd+kvnq7eRidPoZ9ng5/5voZ9nh9ROrjWsXBFKjTIAMXu1j3Z8tY9way6uGX8novZwz7g45/yRc/5IlbiIqUEoVARFRRKzVKoiUKogJVEqKlESs1pKolQSqPhQNd1e55k8imuoJ5RVgJoVNCAoKiTqrQM6Gr2Z0B4FSdxAvheia8TsKeOxL0WzSf0A7ho0AeTXwf0EJQNf6CmjS6TrsE/wDgU7gAAi/k11NKJoUBL2F19wCFADwigHhF2CCovUVBUAFAEXXVNCB/RQE0p/UAFFVF0GhANKCAAJl2a0zewM8fWNs8cnV0gM6Phex5BKKAaAgAoCCgAQgKABFCKAoAGlBnyNJ32CeEXQgzUaSxFSglRQADtYtZvhqzcZajeHXT1vHhej1y9J08OeTeLSKnyw2oQQXasqAu0JBVAQKIqgeTwRAXykUBYys7gvY2VO4LsIop2Nh2QUEBSJFBUAFSd1IguxAFQAAO6h3VIoAKgAAeVCCipOqoCoAKigvhILARUICqgg1EAAFAiKgCwNgoCCqiiioIKQAU2igokUAE0CqhAVUVEFRRSAAKixBQEFAAAAUBFBUAAUUgIaVAFABQAFBBVQBQUAVNICkAFQ0Cqy0AqRrQCNVlApAkAjSRb2Bm15/Udcbt6LHDnnRcRfpV/Zl+X0MXzvpXfOfd9HHu6M1q9ka8Mojnydur43p+n1DL/V9nk/jXxuPp9TrUH3ce0aTHtGmRFAAgA83rMsscfdj4b9Jlb6b3Zd7T1E3hU4MvdxY77WrRbJx8WWd72u+PJhnx6nfTl6iS4zH4eXDKznx1br4B6ePrl7a17Jhz9b0YzlnJbEy69e9RK+nhMLNTV+zhz+j4uTdkkqcOGMxxyl1Ws+fDDLVynRbn61py17fL5/T5cV13ji+llzzl92sbfh5v0Z272GOe3SPJd7bmH7du04ptvHjxu99nTkrnxYXKbs6NyatjWOU7TsTW781nasZ/w1PK4STikayxcrjl7LjvvTYvr/0/dx48feTrY4YX26nh35vTXh48Lbu5d45XC+6SxLWWrjKzcHWcdvSdUuNmWk5Mactbv3b9PLObr0jrwcN5eeSWSa6p6vivFydO2+jncpl6SvflycXHjJue2TdfG5ssublvL11a6ay5Mcvdl0jldySeExwkZfQ9LJLjb8Ofu9zfFnLxTXfTGtTouI8P1Hj92GNk6z4fLvDl16Pvcs92Fny8GWEnd6/HfTUfO/QyrP6GWuz6Xth7Zp2HzLw5a7MXiynh9fHDGd5L+WbxS3so+Xjx5b6x9P0N3hMbdWL+jKY8VnY2PbjnJ5dJZY+f7M9969fp8cph+7e/u5Z9NR2Tkn7FMv4uDT538fUS35e+/wCrw8k1zz8vd8LkNY9mpOjOMbc1SPX6P+ceR6vSXWcpO0vTp9ax36HJ4/oN3wZz7vofVMfd6LN836DdTknh6fL05zp9fLs8PqO73ZdY8XqJ1ca1i86KjLSVFRRnLuQqIOt7OGbv4ceQg4Z94jXJ3jKVuIi1ARKtSgiKlUSpewKIy1Wb2UN/KbSooqFQCpSnb4UTSWKlVHwvgD+j3PMAvkRFNXwXcgqa+TS6PHkQ+Nw0tSQVPA1PiQ0IyvRdW3oAk8JpqHtBmxZPtGpNJZQSToWTS5dfvtJPiAa6dCTfks10XtOgJrp3S910WboIuvx+RRWVh/QsBNC6NCIa8rIvntpVZLF0uunVEZ0eF/3NRRC/G10aBDo1J/omgTS6XXemgZ0aWy9Pg0AmlWTqoyNEBNGl8LoGda7Gvs1ruaBnp4L3a0aBnS6XRoGdDWjQILrqKGkq3ZpESiiqmomU1Gi9kGOKd29McXS2WN66KGg/JoAJ91BA0oIKAmlVPgDS9hfAJDSgJO6nkggqCquhFANgCFBBmpWqlQZFLWVZAFTLw3b0jnl2b7yMquHevVx3eEeXDvXfjt9n4YydMXY/CY43W6uMvu69tObZtdooKIIKTsAqiGwUiALaQEFEAU8szduot/kDViaL0h1FXwqGwUBBQAAAVAAVDYKISgoABOmxm73qeQax6zapIqAqGwUSKC+CdgFWCKgAoJAAWTa+E2AAAqoukAABUAAAFRQFRYgoAqgAKioKIAoAKCAqsqCqkVEUQFUABUNoKsQBQAFRQUgqAqKIAqAIAqpFgGlABUVAVIoAANSCbIC9SEVABQBGoAACxUigAVBLT8Jry1AXXRU2AV5+a/td8p0efmnSriM/Sr/eZPpzu+X9MsnPnPL6k7ujNb8IvhlEZzj4d6fU5t9zPs+Jy9PqeN8tQfew7T8NM4fxjTIAAECA5clm7ivBh+2Sdoxyf439Hfgykll7rRnLrc5fEefhxm7b3deTd5LJ5iWTCz8JFb5N+3evDjjnbLLNO95J+n82+GMcNY3Ks2srhllJ06Rj34Xk10++25q/ix4fd7ee9O1JNs19rj4sfbPbjJNdHzuC2+o5Jne1seji+oYYcdme/dOz53HyX9a5ZX+V21jgzjfb1Z6mevl6sMcOPguWWvdXi3/e4fl09blqSS963PTpfbGOo37esrjhvOyTu9Nx9skRU5MP2e6eHLHckvmu/J/hWOWr7YDpN5ZT3dfjbtcMcsuzjnl+nq104cvfvKdnn8m4VqccxvTTzZcftytvl29+s7S5e6zbG/TLp6LDUyuutcvV8XJzc2sZ+2Tu9WFxwk+7XunhqWa79ud7fC5JcLYTi93F7t6viPR9RmPHyZZSdHjw9TjjhZPPz4dZuxNO3p92anh2ry+i5p+pca9et39stvwz9b7GZrfV8f12fJxc+XxX3cfRcl5JeTKSTrp876x+l+rjhhrKzvXbw5y3Sx82+oymM81n+05eYXDokw+Xr2rf9psxvTr8LPV61vq5XBJh16mx6sfV/t3Y+v8ATP0OWf3lm72lfnrjuzp2dJllLMsbcbPMNmn6TD0/Fy+ry45Z7Z8Vv1fBx8EkwvW/Nfmsefm48t453d767voei5uXlyyvLnctTptnLonb1tWdGW/8teZt83m/xtSeXu8S/MeL1E/vHtxn7JVyGsejTM7txhWd9Xp9N/PH8vPXf0/84JXt9fN+j5Pw+P8AQunJyY+NPteqnu9LyT5xfD+jXXq8o9Pk6c8en3b2eP1L23s8fqezguLyIqI2gUBjJFyAdPDjyO0/i5cnYg45+GGs7+2M6StRKlVBUSqgJezN7qlUShUqhWdLaKM1GqzQKi1mqHlKbNqM+SrUVHw52XXUsu50X89K9zyp7el33LOq7n9V9v8AqDM7rCxREn3Fx77XXQXbJpqY70uuoM+PlJrcl89mtU107CJ4/CattuunxG9dO3Q9s1ZIDHT/AEXW2pj1Wz/cGLNGvLVnTwSAzJ0v+yab8a+TWwYv3/7GmusnTevgBn2mtNa3exYCSJrTWpeh+KDPfvLqr7ZF6bvmydDXSfgGbOk+xF/pV7dv6isndbv4Iohra63ex26Amv8AU13VATyul69pNl+8BD+q6ASw1pevkt6dLATUTW11r8rBE7d+xrr0Pyt1fyqoC7ERTt1AKmlQVQAE2u9J/RUFNJAVPKgoRCdhF6WJrquupoE0Xsp4Byw/nXVzxknLq9q6eQJDSgIaUANH/cigKhoNHhUAihAF10OwCKliigdwDYgAoAfZBYgiVUoJ5RUZVNBURUy7NY/xiXsY70ixZer0+m6yy/Lyf5np9NeuUvdjLpvF6Ld7QtRydFAQXyqAB5IooKn3BUDQLsABFAWdOyf5oeCINeOomtygLRAFioqKCKAqALoEBQAKQAVAkAP80XyUF7J3NbEFVIoAm9TazYKICtCCCiKABAUh5AVFECKm1l6AAgKCAoACoQFVAGhJVRRUICiKgRUAVUAUDyAsIINQAQAFUBEFQVVEVBQAFIohFQQVdoAoigCLtBVRQURQVDYC7VIqAsRQVBQTahpAU0sAWIoCooAKgAAlqotBYu0glVMuvZw5Z+2u9jly9MK1ijz/AE79vqMpvdr607vkegv/ABmU+X2J3bZrXhGkEYz7Pieq/b9Rxfbz7Piet3/buNqD7nH/AAn4bc+K7wxdGQUAEikBx5ZcubHGfDpMJjnLXLmtx5cbPPR1zy93t+VGMuvLudnLlvusjthvd3K44S3O2+EV39Pwe+ydujpPR8uGVvumWN8fDXoLbllbfw9zt4vDM8d1wzysr5t47jb7pZI8Hqdfrbnax97kwmWNlfO5vp95eXL23Wp5XLxcavLcfJy370ttymOO7b0ej1Hp+Tjz9tnWOvoOHHDky5ubWsJ0JEdubHH0vpePHK75MtJnjM+G5b6yPn+p9TfVc2edt9s7R9Lgnv8AS443zOrGfp0xcPTZSckveSO+NueWVvy7cHp8McsddteXTPg9u7h1jJv243+Lla6ZXWFv2csP3ccvmjRz33TGO/Fj7OPUea/u5ZPh651efy+7IOOVYt/dG+TXu6dYxJvKMZemXTkyss69nomUvHjq9a8vLL7tV2w1MYxaWJzY4Z5XHKdK8Hqfp2GUuWHfxHs5MtkysndvHKxHxceHLiz92e5J8Pq+l9TxyXks7TpHe4Yc2GrHj5vRZccv6etXx4ddy9pp4/U/UfUctt91w34jwfyyuV62vXy8XswyyznV4cZZ0sevCYyel03pZGMsrCcknd0Rq4s66H6kqfqTyoe1qTc0zM5eze5jJs0JMer2+gms7+Hjxzj2eiv95+Yzn0R743OsYkbwjztPB6iT9SPVx/4eLz+qms/s78P7uHGzs1eh0Vmd2o51R14OmU/Lk7cP8og+lydfT5f+18H6ZdfUcp4ffs3w2f8ApfnvRXX1Oz7vVnP4jji/QPJ6iftr1vN6jtXBrF4ajV7pUbRABjJGsmQdMeuMc+SdHTDsxyA4Z/xjDeX8WKlaiVKqColVFGalWpVEqUQBAUTylVKohRKoiL4QREXufOlHxt+TpZrr0anXxo1rd73w9zypNW9OkXSzepuSfddQRks6rP5dloJ7Z1lhrrIdWt6+OsBJJd9dEk2svW9ZrXbRsGbN+V8L+Cduqoki63+b5KCpZ267NeVLoEk+xqH4XYM9F1rqtZ66m/IBpdzUtS78IHTZ+Spf9fuBJ01vqakmtHa9SqGvsXqUBPtTqaVAnn7M63vvv4aTf9FU14sp+U3L3tP+3yIvTwh0NgasvZOu9dS9JvubFU79O5515p10An9eq94gL3ToGxCb8rT8JVUNAIHY2QF+5uJ5PIKJ3Xc1tVDQbA8AmhFE39l2Afg8AEA0AaP+5+Qcuv6kdnLL+UrrvfYAUUPAAAL3UQUETRpQUE2uwA8iAWB3/IGv6IFFNgqIgqKKIooy0lQZsRqss1UqNVlFDHypj3rKp5d/T3+8v4cb0rpw3XJPwzl01i9OjQtcnUAncFgQQFTyoAABDuCqgAAAp3InkGt9Ex6y/EDHciC3sqRQFQQAUUAAFQCrEXyAAAqeTfUFTLrZFTvnAa8EKIAi2gWL4Qt7QDxViSdKsn7fuKp5DQKIIKQgCiL4AVIoDXhlUBAABQAANr2QA3tUx7KKuxFRFEBVABVSKAAiKEBVVFQUQgKAIKhQNm0AaVIsRRYigoG0FIgI0iGxVVDYKJs2g1FYiyqjezbICqhAaipBBoBBQAUZ2oK1EUFGdtbQDYSARTsk6oNBoBKsFAgRUVK5ck3HSued6VYjyej3PXXb7Pl8b09/47F9ny6M1udkWdkEZy7PifUenq+O/d9vLs+L9T/5jjv3ag+xwdeOV2cfTf4OLsyAAgRUgJlJ7pb10l1c5WsnP22718KrVzx9/dnGb981pi4TGStXLV39hT02d485p7f7X1smNr58z1lK5+o5suPkvst6uuGVx6c8pK93N6/9lkmr93nnr8+LK24+6ZPDeTLO9XW/u458tZZVmSHL6rPm5LlcZGOTL343HfS92LLjK5zK77ojPFwZTk6/x8vp/q48fDLeniR48M93TXq8byYYYzpqJfbUr1/rTk4+LDC6u5K93Ny48fHrfWzT4vouPO82OOMt8vqeo9LhhLyZZZZZdpKmv8PVrll147Ps8/FlfZ27Oky9uWr/AKF1MbJ2YdGeOzLPcvV3zy9uLzenv78p/o9HJNx5s/uOcjeE/c55ZdenYxz1dsZe2HX1HTKfKTL9rly5+6+5eG+6xNK3J1Wzqe6TK9WfesjNdeGd7tZy9bOjz3m1vGMY3UWyq9PPwcfNxZbnWx8Tk9Hlw273Y+zhndSOlwx5cdZSOmHk4j8zyYX46uOWL9Dz/TMMv49L9nyvUel5OLKzKX8vVj5carxTHfTs43vXbklnZysrvKyY7n9Gss7ld29SXWNn+jFaQudl7vb9Pz3zTfn4eCz5ev0H/MY3+jOU9E7fejePdjs3h5eV0eP1c/c6+n68P9WPVTrfs16S74r+Wr0jpI3Ix5dI51Wb3dOK/ujne7fH/KIPr49eOfh+c4/2fV9f+p+i4f8ADn4fnuaez6rv/wBT133g449v0DhzzpXfxHHn7VwXHt4L3ZrV71Ky6MUWogzWW6zFGuOaiZtYs8gOGXZzrpe1c0rURFZopamzuzVFrN6LvozQSoooyioolDaKCUooiFqCCbLWVHy7rp8nyh28Pc8jV6XXknk3q1Pd17agL43unWd+6Sr27dwLel11Xek386/ofgF34O53Pz2A3rvsl+C90BbTfX5TqeFF8/Y2nTrrse6bsBd9U13hKl7oKm/CzzZ8s7UXwfgPAF199m58RJZJo70F3u9k/qf0J/sC7S9S9zwB/qS7+ROtv2Bd9z5TwCmtp3/CnYA/Jb50CGppOmzyQU+atu9/ZACXzQvc8AF8Jvt11/Rf6wQ/JDvRVTa76fdFk+AL4Pwl0As38ibW9xAIVVPAh2Bene2GzsagAEEXwITyCmxAURfFBjk63c13bjOU6NTsCz48BBRYJBRRFAWJOoCp/wBwEU8bRYKATsgb6IqAeRTQJ/VTQAmtKaAipIugRKpYDLLVRmqlZWoyqk7idfdEai5NceXtyxrOSy69t+7Naj2w8pe9VxdQAEWbDwAsQBViLEAEAXaKKCRoEqp8r3BdBewgCL5BSof0BQICiUQUQFUAAAA8iwFSXeZvuuM1u+QDZRAWIsoF6muoA0hADaooAERVEWAKgChBBVSACACgKACAoARQAFECKigBsFWCGxGgEFgEBVRUUE2bBoTYBsNggqbNg1A2IoqKBtUAXZtk2g1s2go0bTYgbNpoBqVpmKCxSRRADaCqigRdsm0VrZtnvVgNbVlRFlVFgKRFiCqigaanRkm0GtkJAFFEAAGb1Y5J06ulcs+vQg8nF+312O32fh8azXrMPl9n4dWa3EWdkEZy7Pj/AFaa5OOzxX2cuz4/1efwv3WD6npb/c4/h3eb0fX0+L0xAVFEAAS9l4umNl70vZ58vUTDm9uujQvNl7Z1ax1cd1nnx/UkuP5ZxxuWGt3ojTOWPuy6dnP1Ht4+PtvKvTjjqdXDn47yXHXXqb0zl08/6dxw3Z0dODrNV6PWZzj4MeOT91c+Hiywkyy6b7RmZ7c8XHmmrp5c7qvZ6jHWd6vHnOrvjStcWXXb1ZX3yanXtI8nFOr6n03h/U5vfZ+3D/ul7R7PRemnpuO5cmvfe9+Hm9RzZ8vNuf4ePZ7ufH9TCyXT584+TDLV6zy3llJNRce9uWX7rcrerMyudsnbSZ26/NdPSZYzPL3WTo5Om3n4srOWzy9X6m5Z5Y9Ljjl6rPL29HTkkmdumMsJabc7EstnR04cLy76O14/Zjq93Lj7TXt4LdY6rpx5e2bZ5OO6336kylxvtvbulm0rXu31PKTsW6lNMuGWf95l16R3mW8Zj5eLd916PRhY1Z6V6Jlqx6OHLfd5JfdXp477Md1xyhHquWtY76scvHhz4+3KS7ef325726Y8nXaTcV8n1/0rLDL3cW/b31Hys+O45e2yyz5fsscplOrw/UPp3Hy4+/Cfuj1ePy2eqPzNw0zvUv3ejm4/ZnZZqxxyknd7cbtK42fL1+ivtzx38vPndySSO3FnhMsNXrsvSR97Hs6YueHTGd+zph3eSujz+snRPR9eKtesnS/hz9FluZRr8R38uk6MWNysVSzdaxmsmK1j3QfV4L+yPg+u/b9U/wD3Pven/wAN8P6rPb9Ql/D1T/rcp3X28f44/hjm/jWuK74sL9meX+Lh+E7fPy/ky3n0yrFZdGaioCVmNVhR0xqZpx3quYPPk5V1y72OSVqIioioaEUSxmtVKsGUWooiVUUSp4WoojLTO1EqLaiol7JVRR8nr89/9l+dWyknTrbs6d9x7XkO69b0idL5JdwBZpL+NG9X7At1010iya61J9+yefsCynk3v+ibBqdUu4eNzt8pv/cF31q7+7Nq7+/UC34PlN7nTf8Aou/kDYklPgFs6JrrC089gPPc/wBE6e7ts1FF1ruJ+FQSnSTrvr2OhvfTtpQ2VPH3+y9NCp1Ovba76JaB8BdoI1rp4TISgutyE+eqTXirsU3/APlPt9zxPskgiz8mxADwqAs/7p/oqAd+2l/KHkA/Id1BU/qCm1Q31AIaXzpQ0nkAP6L1TSiFA/oB4ABUoUBYigzn4ta3tnOdFwv7YDQCh4ABTaKAeQEAUEU2CnyigBpU8guupogCaXQsgM1TQCKAJ/UqoDKVqs2JVSoqM1UP80PJemr92Wlpf49PBkni/ZmrHtl6Rpjj/dxzLtGnKu0ANoL4NpKApBQAECmugT7geVnYBQAA0aWdgMuyzsioASgB5AFQ2AohsFDcS5QFWMXOM3lkNG3U3HC833c8ufXnq1xqbeq5Q9813eK8+u9S+pXhU5Pd75ovJHz/AO0fdm+oXgcn0Lyn6j5t9R+U/Xp8ac4+nOSXyn6sfN/XvyTnp8Zzj6c5Y1jnO75f9orU9Rfk+NecfU98WZx8yeo1e9dJ6lnhV5Poe5dvBPUdW56iVOFXb2bNvL+vGpzSpxpt6R5/152XHm35TjV277HOckWZxNG3SKxM4vuiaGxn3HuNKoztdg0JtNg0IuwFTYgqoAqpAFAQWAAEnUAVUWICxFBVZEVWdrtlRrYyuwaE2oAdxEaioIqggKIQF2IAqpFgLEABQQWNRmKDcVmG0RQ2bAVAVTQqBAWAoKIKigLAQWKigqoIL2VAFipFQVABL2ZsbrNB4OXp6vjvjb7M7R8f1HT1HH0/zdn2Mf4z8OqVuBAZZvZ8j6xP2YXzt9i9nyfrE3x437rB7vQdfT4fh6o8f0679Pj+HsQFAQAAvZ871Mnu93w+jll7cba+Zy7yys8NQe302X91bevToYz2Td81rhkx48Pwcs3xZflFc+bP24yyunDlJh7/AI6vPLvGy3w1xTLLjyxl0aK82fqZn6m55Tcnh6P1svUcmPtn7Z8vDzYe26nW7e/C/o8OE85JcY5ye3H1Gpy2eY82eO+z1+swv60ynmdXPDhyzuse7pjfSVjh45a+56Tjx4+CTHter48wy485jnjZdvs8euHgwl6SQn2Spf7nhyyzy38PLx+omXu9/S6Z+oc3vuOON6R5O+uq3X41jP8AW8+u7rTjN+79vd6L0465cM/vJvsyte7Dh/R48be9jjzdP6vV6rKezH7PL6jKZeyz+oR6vRYzHC15vVcuX6eVm5bXp4Lr01y+z53qM7Z7WZFndTm5Zx+nx3euUfP9PzX9TLG3e3X6pfbwcXTb5/FnZySt44Tilfbw8RrLtWeG++St5zXS+Xnsu9JI+flLu/l247qLhhM+fLG/HRfb7bqt5RL268fiu1vafLHFh0Tlys9R+n9nHW6sdLlJO/VMcvlx5M9ZaTHknldekr28edd8c5e7w45dHbjz35Z1ocfX/T5ze7PCTdj4HNxXjy1l0v4fruO9I83r/QYep4rljNZydHXx+bXpX5LknTqcM1yY730d/U8GXFbM5fu5cfTKdL/9ntmUs3DT9Fhd4Y37OmPeOXD14cPw7YPLl225er/j/R5/Rf4mU/q9PqpvH+jyejuuXLfludI9uSzsmfZce0YqlXHuUxQfU9N/hx8f61jr1WGXy+v6W744+b9cn78K9WP/AFuM+z6HBd8GF+y8n8WPR/8AK8d+zpn/ABcZ0fr53J/KsV15Z++uVZdWajVZQSsN1nyo1hNLkYmQPNl3rle9dsv5ON/lStREpYm0aQ2IIVlaztqBUKlUEVKCVKCjNRalqiJSoqJSr4Zqj5e+vjsl8asLrpPknftK9rylv+q90t69f9l9tt6f9wJ8Tf8A3J3N9fg+OmhCnj7l/r3W6BLj21eq2delTf8Aub+LAWM9d1fnqm/gFn30XXarb1+2k873QKSdPsb/AAa67tUDua122nbf/YF3/sdb1NVN9gOpVh03QT8LOif0Xf8A+QVmrDR1766IJvdNXrvX2sX+u4nlQ7+Q7QncF7pq6vyWdL16JLdb3ICyWrpJyavSeFt69rsGfIfcA3qVd9BOgi/dKvj8lFTfx3VAFA8An+oL2gidQFCKnXZsApL8qAb6p+BVVBRDQUAP6igmhagL18mkUE8qeVn3BL16GM1jrSVqAf0NqKIur8BARf6AAKKEgAiaXQAAALUUFEn3XcoAHYVFAEXXyaNAhey6L2BhK1UsZqsaZbvVlmqnkvZUvZlYt7E6yxZ/FJ5StPVwXfDi1XL03+Hr4rq411ihBFNLUgAqQBqUQQU31RQPKp5AWCRRSm+gAt7Fp4QFlPMIAoi7QRUt055ZyVdI6WsZckn2cc+WTtXnz5ttzFLk9OXNIxef7vHeWs3K1uYMXN68udzvPa8+021xjHN1vLWbnawNaTlWvdU2gJtdpsBNmzYAAAG0UDa+6oBtqZ1ZyWMBpd10nLfLX61+XETS8q7znvy1jz3e3mDjF517J6m7anqXh6m04RedfRnqundqeqny+bunuqcIvyPqT1M+VnqJ8vl++/NX31Pji831Z6ifLU9RHyf1LPK/q37p8a8315z/AHX9ePkTnyiz1GTPxrzj685pb3i/qz5fInqLL3bx9TYnxrzj605Yv6kfLnqmv7Unx1eUfU9+198fMnqp8rPVT5T46vKPpe5ZnHzv7TGp6meanCnJ9CVdvFj6ma77anPu9Kzxq7ezZt5v158tTlicV27xXH9ZZyxNDqrl+pGpnE0Nqx74syhobRn3GzQ0mzabFURYCxYkVAVFRFVIooCoICgCwAAABYgLAgKQUAUQQUAimlkRBTSiosIogqRQVWZerSBFRYCgqCdViKCoCCyqkUDwAAlKyDxeqsnNx37vsYfwx/D43rP8TC/FfY4v8PG/Z0SusCFGUvZ8z6t14P8As+nXzfq036a1qDv9Lv8Aw0/D2vB9Jv8Aw0e+JUFAADyDHN/hZa7vn8e85cvh9LObws+XnuOPHhMMZ3ait8Wcy4MbPC8/+Bfu5+my3csWubLXDQefG3TXBbMrJ2Zw6xN2ZXXcHXm4JM5Z+a48vunszy7do9eNt457u+nPPXJljjlNyTojFPV2zHjvzI58PqMeLkxyym5t09V+7jwnw8Vw/f8AhrHor7XLlw82Hu6XXXqzy8n6kxk6ST/d8/j5L+3CTo9GPNOPKb6/Zn9SRx9Rjnj/AClm/K+m47y5T/u36zlnNcbO0X02eOGPfVbU5cZjMpOslcMcbl+6dJK9GMvLbJ12mU9uFw+/VzuXtK6Z8nv4Z37OXFx5cvL7LHq4uOWYSdtOuHFMfVbnnF0mNpctOXLLxemuHl8z1HfH719X1/bGPleom7gXHjdNY9bcPqmPuw4p40+T1mcfX+o/x4/w+ZlHbD6s3t7vSeo/Ts32Tn9ZeXn3LrGdHl6XBjWqnGdq9vDzSeome+nl7c77+TcnSvj42yy7fT9Pz45e2ZVw8suvSae7ijjx4+7nzzt31dc+THi4cuTvrs5ekwv6Vzy63Lq8+ON1VceWb5Lpn26a5LrOp3bk9MVrHLw7YXq4TpXXDrWMiPocWW50dJdVw4Ok264T3V5ve/TVjz+v9Dh6vivTWT856j02Xp8rhnL/AEfsZhrq8X1H02HPwZWYy5Ts9eGWXj7JdvF6ab9Pg74zTn6eWcGMveWusrpfbbHqP4PF6a/8Rq9nu55+x4eDp6nbU6HuzXHrDLVhj0jNDPtDAyMO6D6XpP8ADeH65P7vC/d7vS9MP6vJ9bn/AA+N+71Yf9bj/wCnb0N36Tj38O+c/a830y+70WD1ZdnKdH6+fzfzcq7c8/c41iurKLUqDNZ8t1z8qOmJkmLWQPNn3ccumVds/wCTll/IajLNaZqNIiptUSstVmqIi2s2gdi1LNM72otSnhKolSqiiVCoqCAo+VN7ISdZdS0n/wAva8h511L262/0Xf26H42Klva6XzL8G+1nc389xC9V8Gr41tOvkCqizXXr1BOnlfJ56xN/ALr93fqm5vS1NfIH57JbO1q6t3JfwTtd6u1Fn26/hPOydZr7dUnTegWTUTzteve2X8QvUCdp8mt2fBqJAXXWpNzfb7aXrN2eEvW9Ok+BT8izukv7tgTqaIm6If0IvaduidJ18QC766T5a/PZP6CsX+XVrfTc7pe6gW7na7IaSb2DV6l7dux30AL+Eu9yJ1BaneeDwABCd+ogqL2VU/EC9AFZa0gApL8gkUNKhTwAAvhICouwCzsQ8AGusm1TfbsAug8ijOVk1fu1KznOlOO7wmgbnURYInld/Y0dxQJOiqIqeF/IAAgsDXSgIsvwAnmroAIuklVQNKaBOxV0tgMqTsaASxS7BmsVvbGV0zVjNSrtKxWhMuxsrKrj/CE79eyYfxPKNO/p70z+1d3n9P8Ayynby7uWXbpCAsZaRQAVAFPPcgBJ0FnTCTz5SoACihSCnk8h4QWXoJjNqCiJctSiLb5Yy5JHPk5JJ3eXk5W5jtLdPTnzRw5OZ57yWs27dJi53NvPktc9iN6c7VQFQVFBFAADYAbTYKJs2DSJs2ChsADZsANmwNKmzYAbAVFAQUBBQEFAQUBBdCCbXZpBdr7qvurIG2vfT31kNG66Tks8tfrX5cRNReVeieovzXSeps/DyCcY1zr2z1dnlqer15eDdNpwhzr6M9Z92p6ufL5m6vuqcIvyPrT1c+Wp6qfMfIma/qVPjjXyPsT1Mvlqepj436l+av61ifEvyPtTnn/Us5/u+LPUZfLU9Rl8p8S/JH2f12pzPiz1OXzW56rL5Z+I5x9n9WLOWfL489ZY3PWfdPjrXKPr/qRf1HyZ6yXzGp6yJ8dOUfVmcX3x8r+2Stz1kZvjq8o+pM4vuj5mPq5fLc9VPmM8Kbj6Hui7jwf2qfK/2mXynCrt7trt456ifLc55fJxpt6d7V55zzXSrOWfLPGjusrjOSXys5ImldiOf6kWZz5NDoM+6LMgbNJKbQa0JtdoiqzFQUhFADRoF7Kz5WgnV0YjSCgA0IoCmlQRdBtBVTYCUBRKaVaD5vrZblMr0kr7HD/hY/h8n1/WT7V9X03X0+F+zaV3xKYrRlmvn/VJv02XR9CvF9Sn/DZ/hYM/R7/w8fRfL+jX+5sfVhUAAU8gCZT9teHPl9/PJqTT3Zfxv4fO9tx9RLe1WDtx8VnL7vnw9XLwz9O+6+Hk5fUe3P2zvHXP3ZY423fRr1Fc+PDcvjTGFmPJ+7q6zrjdOePH+/dqD046zxsnhnhnS7nXbFyvFl08ut5JjxbndliuOW8uS7/jHm3lyXK442R6p0wtverhbOG44Ybt71vFm15/S4dbbeu+j1+o4MOHjnLllbfEceHCze52dLbzckxzyt10iTtXhudy5NadOs7RvLjnHyWd9LjZemlrTp6XLWW2eTk36zKXte0Xjn77GOXDKeoxy102xNbSvq+mx1jXX2/vmX20zwT9m75dMr7cbb4j24Y6x243t8/1uXu5bN9Mej53qf5YPVbbbll5u3m9ZNcmMn9HC3dteiTUef6h2w89Hzsq+l66fsw+z5mcu+jph9WKb6d021ePP2bs6Oftyni1pHTC76Pr8H0/XDeTPKy18z001nPdH1suf3yS3pPDnkbYy4brHHK32/dvGe29LdRxz5b7pJekJl7se/Rzs2m05LvJrHtGO7WOck+7nZodLHTinVje8d+Xb0+Fu73cM6sjvMtYa811485hHHKaykZ5MrJqOMm66a29s5plh0u2Zd/h5cMrqTy9GHTuZ5ZW+2eMjj6jCY3c8uOM6u3Pl77rxHGd3qwu40vLN4PnY9PUy/7PpZzfHXzMunqZ8bdJ0PoZLj2Musn4XHsyLoxxDEHu9Jemvhx+s479Jv4rv6Wfs392Pqk36PL8vV4vo437OX0m79J+K9uXZ8/6Nd+ny/L6Fc50l7eD1H8nB6PU93nc67RmpWmaglc70ro55dwaw7tVnFq9gcM++3HPpXbkcM+7SxNs3urNZbRKb1UuUUEtXbNVEtZW9E2oVmre7NaBN67mwEqLWVEoIqCUtAfL79Tp9zfTss69dae15DxfE7r10EnkC6136nXXXSXxv5J1vRRTunir9+9QRUq3oBZrrunjqTXwuv8AQE7y6NHk6/gE6f6Gpeu/9FPGvCia6dF3Q8eAEvVb2TfwCpSEur9gOur8h5IBO/RLd3t2Xz0tiXsBe3wi68xLvYL0N35vU7nbuB571PO+pvais5fYnX/+TX/2SX5mvsBZr5het6f6EnTqXpYB5+542tSWdhDYHkDR37HhbsVPzNWEBQP69jyvcREX7+QCa35/1NH5L0ARTyoSgugTyKTXUD8p+BQAhVA8gBTyoAeQ+wjN6ynH/BrXUx6TsCngFCEAD8KQFDuTtTYip3X5IoCoAaVAFRdAkjWPYWARTWxUQXRJ0BPApoEF14NIu2LGLOnZ0y+GalHLSVuxisVpFQ38sNRcO3VO1XHymXeortw/4n9Hd5uO/wB5jftp6Py55OuPSqi+GGgTyuwD+qKCpO4sA8hsANgAdQAVC+Aax7Jb1NyOeeejQ1lnqOHJza8McnLNPNnnuumOLFya5OTq427pajrJpyt2AKyAAACKIAGxAUEAABRAFBAVBQBFABBVAEABRdoAptAFNoAuzaALs2gCrtkBoZAaGdrsFE2bBRNm0FE2uwDRs2Bo0AGjSgIKCoKAgoBs2Ghdmz3UNBtfdT31NGjRtqZ2eav6t13rmJqG66/q35qzmy+XFTUXlXaeoynl0x9Vl5ryonGLyr3T1mXZueuvzXz9m04RedfTnrtNz18fJ3V3flPji/JX1v7dPlqeux+Xx9091ifFF+R9zH1uN/zdXXH1mN19vu/PzOtfq5TzWb4os8j9FPVy3W43PUyvzs58p2rU9Tn8sXwrzj9FPUz5anqJ8x+dnrM55anrc/LPw1ecfov7RPlZzz5fnv7fnO3+7U9fltPhq84/QzmlanJPl8DH6hd9a64/UZ8p8VXlH3JyRr3x8XH6hj06uk9fj8s3x03H1vdD3R8yetxt/k1/bJdfun+rPx1dvpY5Stb+752PrMe241PV4/KcKPfv7rt4Z6qfLc9TL5Z40eyVY82PPL5bnNPlOI9Gzbj+rD9WfJoddm3P9SfK++fLOh1iuczjXvhoUZ96zIG0qSrb0B4fXT9m9vpeju/S8f2j53q/3YXb3egv/C4tpXrxWs41aMs+Xk+of8tnPs9muu3l9d/gZfeLB5vot3x2fd9Z8b6Lf238vsQqKqAKACZdq8nNZMsXsv8AG/h87K+7kv2WDpMccs/drq9N9vtm3k4+aS3HXV09TbMcZj3ortbx4zv1rhnZL0qXj/hbetZ5MZjnq0Hozk5OGZOXDbllcb2i+nz3xZ4fC8GrlbUqU5OPO5T29nWZXh4LjZvKt3LfHbj3ebLmxkvum61OnK9unFdcf3cMrcc943rt14+vDcpOrzXe8cbet7pjW2svdbqS234ZuGfFnLZZPG31+HHh4OKXpLrrXzvW+onLzTXTGOnH1uku14sutyvd7bx/rcOMk69K+bhZuvtcEmXHhl9mJ4+WbOV06yamnH1WXt4cvv0d3j9bfdlhx/PV7s7xwc8fdeLPpht5OXK3Obez1H7cLHj5MblljZLfw8ONems+s47yTGY+HDDh9m9zb1ctylnSuf6k3PdNOs6YrjllllPbjh0XD01ym7jNPTjzccnSRjPnt6Yrpl5uTix6e2a0xblvvdO1uvO65asuqlQ3ru3Mssprtikw278XFJLu9kRmXWl5OOTLHKXrXbj9PjyXrekm65XHfL1u5O32TQuNyvSPoeh5MOPhszurt5Jx2S68sY53rMp/VyzwmTUe39SZ53K3WLGeXuuo8+GUvS3p8OmGscu/dznj4xvbrhncM5fh6P1NY3K9NdWcPT9Zlb0+Hn+q5fo8Wsem44TG5XUHf9uXH7prdcrj1eb0HJlnLMvHh7ddNvXrXpUyn93fs+Xy9Oad9bfVvXC/h8v1HTknRYPfOuMv2akZw/wsfw1iwLondak7g9/pf4f1T6jN+kz/AAnpb0dPVz3em5J/6Xr8PvBxy+z5/wBGv93nH0q+X9G78k+z6jM/Uy7eP1MeWx7PVdnjrjXWdJWa1WaipXPLu6VzyUaxbvZzjfgHDkcc/DvyuGfhVjDFb2zWW2e7NwjaKMXHVFtStIxa5W33/Z1rGU6qKlTsd1EpsRQ2hUBKbLUVEpsSqj53nsvn7Q6Hj7709ryn9EvTfTa9ftpOsnTv42Ia7fZZvUu+hu76TS9ulFZuu0/2WdfCzUmob+ECz7Jq91/on+oHdSw0oIpqSdZsRAi76du4JrttPnXdrvTp8/7Akn23DWpvx81aa33FZ7TdXysknTwdATpU11WngENfdTvATrEL08mgFkNF7f8A2BL57h2XXUEp1smzv8w10AvTqml7z7Ap+DsIIs7aTrpdmwT/AGLeqnSVRAX7Amj7+D5APwdOu53VANHg7Q6eAIeD7qol8G9rrrPhPjYKn50uwDQQA/oEFFTwU6iCwNATupvr9wEvnqmN/avlcewARdKEAkAJ27igkUFAikABYCLopATXVdHk0oul8mk8g0aVREgqKILYAhQqDGTLdjFSrGLNs2N1m1zrUYVKMtLj/PV+FzTHpnOq5squF1cXpk/dd/0eSdo9UvSMZOmLRbuJOow0T5VICqqbNAuxnfZUFCAFXwgAqRQRfCJctQDLLWLy8vI6cnJNdXk5MtumOLGVYyy2xQdXG0AVkAAAABAAAAAAAAABUBUAAAAAAAFQUEVAFBAUAUAEAAAAAAAAAAABQAAAAABdoAuzaALs2gC7XbIDWzbIg3s2wA3s2zs2DWxhdg0M7Ng0M7Ng0Js2KujSbXYGg2bAF2bBlRQQUBBo0CbTaguzazJBDa+5ZyWeWdGjS7rpOWzsv62Xy5aE1F5V2/Xy+VnqM/muAcYcq9U9XnO1rU9ZnL3eMTjF519HH1+U8uk+pWd6+XunuqfHF519b/zS+LVn1LLfR8iU91Z+KLzfan1K+bXSfUp5r4Puq++pfFD5H6LH6lPlv/zLHzY/NzkX9Ss3wxfkfpp9QxvmRvH12Pmvy85cvlr9fL5T4IvN+qx9bj8xu+rxuP8AKfh+Unqc5/ma/tefyz8C84/Qep9TLx2S7vh7/Qc8npMbfL8f/as7/mejj+ocmGExmXSHwpylfssOefLV5senV+Qx+p5y97/q6z6tlNbrPxU2/V/qx5fW8snBn1m9Pgz6xnJ3cvUfVLycdw3/ACmieO7NvsfQs9zK/l9n9SPx/wBP+o30+Ouj3T6zumXjuzb9H+pD3x+en1eb7x1x+rY3XVnhR92Zr7o+Pj9U4/lufUuO2dU40fWuXS/h4MLP1b7vln+38ftv7p9njnqcZOtm7VmNHr1rk/b2278mX7sdztHh4vVYXzN7d8/U4e/W9lxV2nJeXllvhz5rbzdJ+1jj5cZnLvvWs+SZTp4qaG+HczvXpY6Y46uV+XOZzHCZH9o/bfuaZrrjzfpy4TrtxysuV2815rjnddW8crljcqacnt4M98Wp5cObhuOePJe2+iej5ZbZPlfU525TH4u0k02u+mt9HLk6yl5Ndl4OPL1PPjx9pet/DS7T0u+TP2z7P0PHj7cJPiPnzg4/Sc2Htu5evV9DjzmeO8ezt4ZrL2xn7jT5PquX3esvxj0fT5svZxZX4j8/+p787l81vz31pMJ+vXy2ZY1PS+p4uHDKZz99+zG9x58p/e/Z5MHa9PoZ+o4de6zd10j5/Pxe63LzXXlmsZdxeOY5Y255du0dJWK8Hss+S42aenlxn4rhlPDW0c7+W5rpvv4c8/29dtY8kx9uU6pUdLx8mtydHC55456y29n9vxynZj3cfJvcm72Y9oz+v01N7cs7njnHrw4Mfd7p3XPhxz65eC5aHLj5ssVz5JjN3vTLhs3Z2ceTjuc1LrazVVj9XeW5f93p9PnO+V7PHx8WVzsnh1nFZ066WyVdvsT6jhhjj7sd/ePB6vO+qtyyt1b0jhZ2ltdOWz2/t7aYmMx6Nt+j6W/fu92L53orvm1vo+lj2Zy7bjXivl+rn7v6vpx8z1ssvTuYq93HNcWKxz9PvLglnXTc7sVXTaTuqeUHs9L3v4ejmm+HOfavN6X+V/D1ZzeFn2ez/j/WuGf2fH+k3XPyR9fw+P8ATv2+u5Mfy+wzO6ZPL6rrHie71M/a8N7uNdJ0jNaZqKjnk6OeahHTw54ugOPL2rz59no5Ozhn2VYxpits1lpGatStCVmrWaolZqpVErLVZqh5SiWqJRKKiVFSqIBVR8/8Gjyr2PKntl3eq66Em5f/AIOghre5roddat/Cw0Ca6SdIutEioJOk18E7HTW5f9l/oolnTsKeOgIash37gJoWG552An+bVqxf+wM6Nda1qJRTzpO+ydSAaNL87QEO/hYVRNJqrO2i9kElnebh/wB1O/8AUEP9qvWS2M9b1BUUsBNHaL57xPyol87q3vPJ8/cQP9Ohe2gqh3nT/UJ2AEnyvU/AFCkmvAIfKpQJd+KVevwa6AkWh8KGizz5WpoFnZNL8fbuAIq+QSGtzQqiEUESr8JVmgBUUNEioBFIAqCqG9Tsu010IC1BQABBUa2CAKDURYBrojVnRNb6g18dNKd1VDWjQKJRTQIVdIgxlO7nXazy5VK1HPqzW8v92K51pkKOdVZ/KflrOM+Y1n/sNM+HpxvR5p5ejD+Ec8m8W/AJ3YbX4W90APhTwgq9FtREFVARRFFAKCZXpp5+XksvSuvJdPFy3u3jGbUzzrlbsqO0jhbsBFZURQAAQAAAAAAFBAABUAAAAAAAAAAAVAAAFEUEBQAARQARQEUAAABFAAAAAAAAFAAABAAUAAAAAAAEAAABQAAAA2ALs2gC7NoAuzaANbPcyA17l9zADW12wA3s2wqDe13HM2K6bOjntdg2MbPcDYx7l9wNaNM+49wNaNJ7j3AB7obgGhdw6Coq9DoG0FTQbNm6aNIbN1fdU0aDa+6nuqaNBtZnWv1KxpTS7anJq9GpzXp405omjbvPUZfLU9Tl8vOJxi8nqnqs/wDqv+qf2rPp+6vN1Q4w5PZj6zPG73W8fXZ7t3XgNnGLyfUx+pcks3ejrPqufSbtj426vuqfHDk/QX6vvjmHZL9T3Y+B76vvvynxwuW33Z9Rxvl1x+p4/pe2XvX52Z099na1PjjL9L6b6hhhyXr0rvz/AFDDO43G6flJy5NznvzdJ8bUr9NPV4y7tldOL6j+lnMuPKSx+W/tGXy1j6nKeafGbfsuX13vymWd62Pq/S+b9Tgvbpej+ez1mU1+6voeg+tcvpv4ZdPMqTCzLZfc0/XfWvVTh9Ncd/uy6Pj8HJNSS7fB9X9T5PU8vvzztrOHr84eTG5LNR+mvJJrdc8+XfLjp8HH6llPPVcfqP75bOkjlPFY3uPv55XO4449bvTpzcM9PzT3Zfu1t8Tg+rzj5cc/bvXXTXJ9UvqOfLkzu7e8jUwrnXu/tNz5LllOm15OWS7fM5PX8fTHDpo5PW8fSY3+qcam3s5M/d3SZSY6jwZermUnWLPU786a4o9czi3mkjw/rz5Jzy3unEfY9P6npp6Mc93rdPkcWfmWT8vV+p7sf5dXLLEeyc89txcsct8jhhlZl+6/k/Vky3KSK9mGpuvZ6fHi5Mf3at+75fHy2yyXusyyxssyiZS2eh3+oelvBnM8b+y93muVsejn9VlzenmOdm5Xky5J7dTuuGN17Ho9Jdeomvh9OPi+i5L/AGnGb73T6/vktlZzmnTF0l1Xy/qGcmT6Pvm4+Z63DPl5Lcf4pir2+ky/4fH7uk7vL6G64dXvt6d9WcldZ2Ql6Hlken03+J/R7f8AK8Pp7+9752ev/j9WOGfb4fpOn1LKb8vsvj8c9n1XXjb7BPWVMnD1E/bXz73fR5/41869645N49JWatZtRpKxk3WMuwJjerpHKOsBz5OzzZdnp5Ozz5dlWOaVWbWWmaza1Wa1BLUMu6KJWWqzVErLSVoZqKAzUWoqIF6IoVne1Sqjxe35XR5/CvY8h37mvHhNbqzvNUEv7V8nXqf0A80l+y61/VdAk6aTz0XpfySAeCdVrIGjXRZ0AQu71ut3xFSgF1elqn+mvkE8+E9slvW9111KqoB+EQ6yHnqS/wC5+BU/HUqpfKhOyXvDQiFOy6QU8naGrvp2XrAZ++k8r2vkUDrV0k+wJegL16ICdN3fhb060v2UQu99os0Ahrp89Tp/SLf9gTqRagCKAfk8Gt06X7KEkipPvACd6pAAIUAnk0vZRJ2CKIHcALv8iooaXSflYARQA/qH+ygBBFgHkUW90VUAPF18gLonZAVILOwKTuLFDfTsL40A1OuKydGcbNNRUXRoFRBfJqggCKzk45O9/wB3LKM1Y5Xr+WWqzXOtxmgjFVdt3sx8un+SI05yfuejiu8MfnXVw/zO3D2YyaxdAHN0FQoHYk6HkBRFADYgKAona2nZjLJYjly5am/l5OS22u3Lm82V27YxyyqIqNuYCiAACKgAAAAAAAAAACoAAAAAAAAAAAAAKgAAAqAKgAoAIoAiiAqACgACKAAAAAAAAAAAAAAAAAAAAAAAAAAAAAAAAKAAAAAAAAAAAAKgCoACooAgCiKAAAABtdoILs9yALs2gDW19zADfuPewA6e9fdtyNiuvuh7o5bA27bidHPZsNusjWp8uPup7gdbPhnW2PdSZA3pNM+49wNaD3nuANHui+6AgbJoDQ10+x0BmCgEta91jIi7W5bN35RDRtq5HvTSaNG199WclnllDRtu8l3uU/UyvlgNJtv33wfqZf8AU5hodP1cvlZzZTy5BqD1Yeqzjrx+vznnTwDNwlXb6uP1GzvXTj9dJv3PjrM722nxw2+vPqUm/b/3ax+o+d7j41yTfXonxw2+5l9R/b4c/wDzKa6afI93Q9x8cXb7XpvWzDmxzt8/6vocf1SXLd7Py0y67bnNZOlZy8UrUyfrcfqGFvTLo7f2zik17tx+PnqMunVf7Tlem6x8OmuT9Vweqxky1Zr3O89TjlZq/wBH5HH1eeN1L0+XbH1+c6b7M3w05P185sdd4v603rb8pPqXJdbydMfqmXun7t2fLHxVdv1/Byy549X05f2vxXpvqus5eun1OT/xDjPT329cu34a8cuNYym3W8s/82ll8vs7ny/D8H1PHL136uWXTb7H/nuN73o1lLtLNvs+oymq+dc93u8XL9YwuNu/93kv1TCXe3O4Wtx9a5z5Z90fJ/8AM58w/wDMMbe8OFV9X3M5ZPBPW49es0Zesx13TjR7Zl1dJk+bj6vHtt1x9XhfJxo9XJejz29L8sZeol3q7c/1Z8mljWzbj+rLOl6pOSfKaadbU30c/wBSXrtJnDQ3b9kZubPvXQ1Wanu6pauhalZtNqG0S1FRUptFCs29S9kXSG0t6lqWqPNrXa9VnU8rJv7V63kNf0CzdtutXvPCzr+QQ7Xp5WdYqiT/AHOt7ioiaWdAVTXU1Jep12a3RE1u1S9iis66rrp8E7aLKCSXqbW+J5Nd+kBNJrwpsE7pOlavn7gJrp901I1YmgSh/sICVfzo1/proDOt61trtP6J0pL077FT/wC4v57pewHnVX4v20lmztIoQp8ogf8AYm99+4Ttf9gPB0Xad/Kgf/Ka6/ZfgE+F7lnYASUlndQDp58lgCH9VtIonWC9dgEL/UhewBryLrv1VEVF8AeTwKBZ0NHyTuoXseABb2SL4TUgKM76tKBe/Uh3EBQAgAVUVQPHRFA8L+CEUTSxddKgHhUm7PhZOojRDw1pRMfLcjOM1a3FE7Lrqvbua6iIeDS66AmjS6AYs6uOfR3rjyM1Y45M1vTNc63GBUc61B0xn7JXN245vj3Eacb37u3Hdbc8+mm+LfhnJcXU8A5Oq1AAVFAN6E7gvleySaUCUBArhyZat07ZdNfd5eW6laxiVwzvVyayu6y7xwtQBWQFABAAAAAAAAAAAAAAAAAVAAAAVAAAAAAAAAAAFQAAAAAAUEUQBQAAAAAAAAAAAAAAAAAAAAAAAAAAAAAAAAAAAAAAFAAAAAAAAAAAAAAAAAAAAURQBAFQUAQBRFAAAAAAAAAAAAAAQAFF2IILs2gC7NoAu12iA17l93ywA37l9zmorfuPdGNgNbh0YURvojOzYNGmdmwaNJs9wqoe5Ngt7IbNiKAKigIAChsAX3VfcyBtr3L7qwppduuPLflu8+V6befZtNLt1nJZW/18unXcjz7Nmk273l/1Z/Ut7uRs0bdP1LPKzmvy47Nmou3f9fLxlV/XyvbKvObNQ29E9RnO923PVZzXWvJs2nGG3s/tuc7bP7Znrrerx7NnGHJ7J6zJqesu+9eHZtOEXm+hPWn9t313p8+U9ycIvN9L+3SQnrHzfd0N/c+OHN9X+1RZ6mWdHyplV9yfHDm+p+vNd1/Xx6fuj5Uzs8rOWnxrzfV/VnzKs5Pu+XObLzT9a67p8ZyfT9+097539oy7bp+tl8nxryj6Hvh73zv1qv8AaL7dbOCco9/vS5PFPUVf7RTgvKPR2X4+6dOi6n3eh5ifCpN+V38IGg10VQ8SnnoslNX7CIsNLICa8ovyaBk7rroSagGvhNLoyBm/B3akm7fKUE7AvkVn7eSrIWdQS9E8rrrOqeegG78I15690QQKa7AnUvbd7r3Sgn3lq+DxflJfHlVN6E666Tz5XWwPnZTVNXd6AIW61CfYFRTQCU+6gngP/lRE11NfBad/PWgAKoH3AF18IQRU0d1vwBrUDtDv2UP/ALh3XyCLtCeKotA0B1+TyaUEsUIBJ12Knn7KiWbqxPLXgAAFCCh+A18KCaUAJ3VF+VDXU8nhfsBpeyLKqLJ1aZa10BJf3623PLncpMp8ukWIq/cgqJVh5AQUFZrjy7273s4592aRwvZmt3yxXKukZqbKmnOtRXXit9uU3vq5x04Z1y/CKnJNdzj/AJz8Lyz9lrOF/dj94ZLi7RUkMty6ji7F63S/ZJjrqukFPCRQT5XsluiUBrtULNgQnUtT/KKmXh5eW9Xpy/i8nL3bxYyrhl3QqOzhQAQVFARUAAAAAAAAAAAAAAAAAFQAAAAAAAAAFBAUEAAAAABUUBBQEBQBFBFAAAAAAAAEBQAAAAAAAAAAAAAAAAAAAAAAAAAAAAAABQAAAAAAAAAAAAAAAAAAAAAAAAABUUEVAFQUAAAAEVAFAAAAAAAAAAAAAAAAAQAFAAAAARQAAAANmwQNmxFGtjKoLs2gC7XbIDWzbIDQztRVis7NgomzYKG02CoAAAAAIoAAAIAgAoqAgqAKqAAAIptAV9ORTuNMJrTU6RMeuWtdVnxPAi6h46LrXlAXf9V18prt12upN99+ANdSTov3S9fN/oB2ABPn4SzpdNAM+TwqSaBDvVqAmu58fddfdNCiXfXX9F7dywGfH3PwqfH2BP8A1a8FnnpqrveNTtNT/cBO39V7Jv8AIEnWFnVd2aKCXtNmzod4BE1JPsUs3sVNf6KSee53BPF0naNeU1L3BJ+VLjD5AL48J+F30EPgRf8AuCXuTp13F7p5nf8AoKKVIoqKAknaRYAiaU2QF0mg3/qoKeYeATaz/SAoB4KBFRfAgGxVFvgOgia0KeAUNlUAANh/2L3BTwChrawABTQJ401GdNRUVTX3WA8/qNzkwerG9NvN6q6zwl+Ho47vDG/MIXpvS6BpkCihYaIdrARx5Jp3m3Ll6bZqx5tdOrOXd0yc8u7lXSMVO0WpXOtQdvT799l+HB14N/r4/eaSdq654/trjxzt9nrynTo8kt1fyZQxd+12XrUl3r5VwrtCnhCIqmxAL1rXxdJrqoAACLtLAc+S9NPHy3rXq5b0ePO7tdcXPJhFR0cgAQUAEAAAAAAAAAAAAAAAAAAAAAAAAAAAAAAAAABRAVAAFQFEUBABUFBFEBUUABAUAEBQBAFAAAAAAAAAAAAAAAAAAAAAAAAAAAAAAAFAAAAAAAAAAAAAAAAABAAUAAAEAAABQAFQAVBQEAFEUEVAFEUBBQBFAAARQEVARRFFAAAABARQBQAARQAQFEAFRQBFAAAEUARQAAFQAAAAQAFFQEAAFEFDYAAAAACoAAAKhsANmwfTk6NeO3UWqwk1ueGtf7MxrrN6A7qSL5A/PY7XoqiM/byuqujQrN1O9WmvuugY8L4X7HkGYW9WmbAZouuvboaBNJrwvkorOlq9PKAynx8tXomt9QEL3AZvbpF112U+aCGtzp2X+idugFO6f9zXUD8nY8/Y8gnwvfsX/sCm78M97Phrx0QF8p5IWS9OuwAPOgECdhADYB8nk7KAKAGtzqACKoL/AEiGu+rroBv4N/6h5BZ9xF/Kh8Lb16sr36iLSEN/IoBVFCAgqQUIqKB4AAUIomlPKgKnZQAFBYiwRrtFiLFRw9VN6v26O3Bd8eM+znzz+N+I36brx7vfyk7X8dmp4RY2ylA2Cw/oAEc+V1c+SM1Y82Tjk65dXPLfy5ZNxhKWUrlW0jpxX+/4+vljy3xX+9xu9apFezlmpdPFN9r08vfyzXxXiz1+pkuSYuuN6SnlnC7xjTz13h4BUU8oLj06gvY67LrZPkAAEhex2Zyup+Qrhy5PLl3ejlrzZd3bFxyRFRtgAEVFQAAAAAAAAAAAAAAAAAAAAAAAAAAAAAAAAAAAVAFQBUABUUEUQFQUEAAABQAAAAAEVAUAAAAEBQAAAAAAAAQFAAAAAAAAAAAAAAAAAAAAAAAAAFAAAAABAAAAAAAAAAAAAAAAAAAABUBQAAAAAQAAAFAAABFQBQAAAQAAAABRRAAAAABUAAABUAAAFQBQAAAAABAFAARUBUVAFRQEFAEAURQQAFQAAAAAfX0vRNr4VlJ3bkZaEXSxJ3i669QNLrXck1AQ189jS9gENGlBjX3FqaoCKlgqVFQE1BdpQKz1aQVnv3P82/Guxu3r2ATzdToTV/8Auqf60EvYOxfnsCdTrBQTU0mlncnkE8bPxV30TYJ+V/F6lS9OwKdPFS3qs/0BOvfXQ8AAedmwU+55Dv07fcEPxTp5AA8Agn9DrOmunyqhF7oY9wJ3Wp2W3fRQIb+wBrfc6bUEA0fH2UJ26HaEi6FJQnfZ4EPCoqgCUFICiiKAqKBr7L5TYof7LEUAnY0oASggsSLFGlTys8KjHPP2HpenDPO/K803h92fT9ce+0na/j0T4aZVtkBAais76tQCzqxy/hu92M70SrHlyc66593KyuWTcYqVfPVnu5VuCwL8or6Od3jjftHg5enL+Y9su+HG9rrTx88/djprLpJ21h/Fpjj7X7NvPXaKAinhZOiVrwipU7TSXre4o0bTfUvRArGdb/LnnvSxK83L3cK68l3a5V2jjkgDTAKAIKCAAAAAAAAAAAAAAAAAAAAAAAAAAAAAAAAAAAAKgAKgAqAKgCoKCCgICgIoCKigAAIKACAKgAqKACAKigigCKACKgCgAAAigCACiAKAAAAAAAAAKAAACAAAAAAAAAAAAAAAAAAAAAAAAAAAAAAAAAAoAAAIAAACgAgAKAAAAACAAAAAAAAAAAAAAAAoAIACqIAqACiAAACoAAAAAAAAAAAAAAAKgAAAAD68WdUizf3VhZN7a8Rmd16+QWL2hPHX+ml0AKfgRfCXp8Guy6A8J9110QGfB4U1sGfsl+3VrXVOwrPhPy1UsBE18qAiXUq3ul6TQqVNKn9QT52m2vslATp4PCfjsCyIt6Jrt3A8nefC/F2mumwS3potX7ogn9RdCiaWdPB1Tet+RTrrfRZ0Ovx0TWqBfgRQTtV79SEBKd51Xc2gKn9QAPHc19lVEWIvYU2n4PKwQ0di/gUDa1OwH2VFUU2lAWyzXS9Q76qiJ4AUUCAqC9PjageRfAIqAKBtRYBsQABVZVQWd0l6qCtT7MyT4rUmlRM5+y1j03a7+XTLrjXH0/8Ai5RP1fx6Y0yvhpCgCE7teGVijVjOXZpnP+PdKPNn3cso65OWU6uVdI51FqVzrURflFjLT28dv6GP46x5ebfumvl34LvivXeq4c/fp8remZ2vFb1jccsLfderrHGu8KqTuvhlSFqL5FZkXIvQ9u9WgvwWfcALXLkvTbpfLhyWzaxmvNn3Yay7su0cagCsgACoAAAAAAAAAAAAAAAAAAAAAAAAAAAAoIAAAAAAAAACiAKCACoCiACiAoACKAAgAqACgIKACKCKAIqAKACKgCgAAgKIoAAAACKgCgAAAAAAAAAAAAAAAAAAAAAAAAAAAAAAAAAAAAAAAAAAAAAAAAAAKACAAoAAAIACgAAAgAAAAAAAAAAAAAAAAAKAAAAAAAAAAAAACAAoAAAAAAAIACgACiAAAAA+vOi90i+YrCzp2a2ytgNbXbPdroCqysl73t8CLZ0J3ik7ipvoF2n9ASdQ0a2qJ5SrqArNSNIDN694jSXuDN38z/RL9u33aTYqEhstRE0nXxpe/jqUVLu3vr/5Df2N/IJ37+E1vrV6b6AIFmzd3fgEOq782G0EPPQ6fmmuvZRKvj7Hk/8AgVnrfsodO4CL2QBZ8BAQUgJ010q+Idjt2BN9IQNqgaUFNdDRex+BBU2qgeDtRQP6ooFNWizuBAPAhs2vhFF7B4N0FQ++1igH/YAoQBTsAH+qwFD+pAVAAFajDU+wLv7tW9WVgi3XtsceG/3mXSfd28Vwx6cu9f1S9q9UAnetofZPK2s29QVuObUojXgvWHgB5+Tu5ZO3Jv8Aq45Odbjnl3rNay/3Zcq3A1114RYy1Hf09/Zl1m/hy5716NcOp7tsclE/VxuspNOsvRwxt92N30dnLJ1xWiKy0oIKTrV2k6dydwVF86SiJl2efku3fK93m5b8N4pXC3qi1l1cKKiiIAAAAAAAAAAAAAAAAAAAAAAAAAAAAAAAAAAAAAAAAACoAAqAogAqKACAoICgAIAAKAIoAAAigCAKIAoAIKAAACKAAAAAIAogCgAAAAAAAAAAAAAAAAAAAAAAAAAAAAAAAAAAAAAAAAAAAAAAAAAAAAAAAACgAAAAAAAgAKAAACAAAAAAAAoAAAAAAAAAAAAAAAAAAAAAAAAAAAAAIACgAAAAAPr/AP50XsbL1aYXW13ddEnf7L46f7oL1ak+ai+FF1pYTqqIFFFZ8Gu7WujOvkEv4J2XQoyzJe3m1tN/PYGdJV8Je/QC6Zsm96WzaW9tgWJvZtmga/rTv1CoJtFv2gKTszPx/RpNzYGkLQBO0PjoAJ56rUA3o+bvoGwPyi/k0ioRU8KHeJ5+F7eOhf6dATsdaUl666gH4JTwBvr3m1jP5XxqCCxJr7fhVBP6r0QFNIoAHnahb0VBRdEAAXwgKaqKC6SdzXU38KiiKB2EWKKeA8AGzyfkFgQBQ2kUXyeQ80QO4AsXaRaCxYzOi7Ua8PNf8f7R6HDkx1yY1KPUJPnytaQ66ZvdUoGyVFxugbh8pL/UEcs/Lll1jtm5ZTTFbjll1ZarNcq3EBWK0uN1l+Wc73XsxkKuN7V6I80/i9M7RjJvFSIMNKQvbodoKXvRNk67EaSiXsDnyWvNnXoz7PLn3dMWMqxUVHRyABAUARUAAAAAAAAAAAAAAAAAAAAAAAAAAAAAAAAAAAAAVAAFBAAVAAVFAQAFEBRAFAAAABAUQBQABAFAARUBQAAAAAAAAAAAAAAAAAAAAAAAAAAAABQAAAQAAAAAAAAAAAAAAAAAAAAAAAAAAAAAAAAAAAAAAAFABAAAAAAUAAAEAAAAAAABQAAAAAAAAAAAQAAAAAFAAAAAAAAAAAAAAAAAAABH2JNrpN7X/wDO6srN/C95pO+vC3pZVFis76tTv5RG9nbum/lpQ3pfvtNAF7JpRFTSL9031VCs1q9WdorN6Rmdm6zFEvXzrVZ1vvtrt3/7JeoM3p4LLNqVBkO3ZPAE7JqQs6F+eoG0WQs6ioXx0NHmIILUt+FDVS9FTUAhZqXSALUPgv5AnXt3Nl8/f/Y6Cl7zzDQAn56G5uw7nYFQPIH9ANAUOwoAbBTt4lT7mhDfTtpfCCi+V8JDQCzf9Esl6Ump/RRV/CKBs666h0ngDRZ9zqnhUVfJOyaBaQ0QC1UVQDwT7ALRAU8AopO6KIJZ06bUAVIoLKs7dWenws8qNOHNl7c8fvXaOPL/ADn/AGSkenG9JoZwu8Y15WIM1bWd7UUibTyiukGdsc+WU477P5KjWdm9d645dXLgxz9+8rrTrWK3GMtRlb3SuVaieTuH/ZitpWa1lendmgYz9j0Y/wAY44OmPaMZNYtl6zSSXe1vSVhsTaeBRqzdhPOjJZ0QPDOWovhmqOXJrdebK7rvyV566xyyRFRpgVAQVFBAAAAAAAAAAAAAAAAAAAAAAAAAAAAAAAAAAAAAAAAAAAAFQAAAABRAFEAVAAVAFQAAAUQBQQFABFAAEBRFAAAAAAAAAAAAAAAAAAAAAAAAAAAAFABAAAAAAAAAAAAAAAAAAAAAAAAAAAAAAAAUAEAAAAAAAAAAAAAAAAAAAAAAAAAAAAAAABQAQAFABAAAAAAAAUAAAAAAAAAAAAAAAAAB9jysZ8dV34aYaJ+P9Em+yxBdf0aZWXroG4qb6LPsIu0t2dwFTfyf1PyB08IUqiRLPlWbUVfxuMXp27tb6s5db2A+/wAs2KmX3BLPv0SqgpqWJsva/KX8bAPKb8zsW71O1BN9F2XpEA3s6/HQk+BBL0RdgIjVqa2KGunQ8d+qfkDXQ+DpdyeC6ioGt91iVFLN6+J3PBPynzsDuf0IRQ30tL40uuvYBL56pJtddUgikE7a+6qup1Onc2b7CE+5evWWl6k+4EW6Tci1Re/Y63Xz8JC0D/usSf6r/ooBQF8fYRd/PYDob6J/sqoST7h4ANLpAFPuCi1JNTQoE6Kh5BQRRQ/qUC9DZ1/CCNQSUnX5Bo+6CjW9xjklv/8AppnPt/8AdBvH+Mm12zh0jfTSwRF31TYHjuM2rug1PH2Xpaw1NAmUkjlXTP8ALnerFWMWs1qsudaglEYbh4ZsaS9uwph5dMe23LDu7YzozWsW506M1fym2GwspOwCqngBWcmo553VIVw5L3ca6Z3q5V1jjkIDTAACgAgAAAAAAAAAAAAAAAAAAAAAAAAAAAAAAAAAAAAAAAAAAAAKAioAqAAAAoCCoAKgKIoIoACAKgAoigCAKigAICgAAAAAAgKAAAAAAAAAAAAAAAAAAAAAAAAAAAAAAAAAAAAAAAAAAAAAAAAAAAKAAACAAAAAAAAAAAAoAIAAAAAAAAAAAAAAAAACgAAAAAAAAAAAAAAAAAAAgAAAKAAAAAAACPsRbqRINMr2Vn4aQXy1Kzsgjf8AsvXwy1AOu51/KoUFv5hb902t6Ang7mr/AFSqJeyaL0n5oKl0l69l7peiCflm1buJewJf906+IoKl6dNIumd0Q63yXt1hfCdhTv8AY1/Uv4AS346fg8/b8m+6Au0LDp/VBL081SfBsVDvehfnsbUJ0OpO/SyG+sBNeb0X7pNzvos6/YAq/ksBNG069F/AFuk/qvSfJ/UCEQu7egKkmzXeU8Au7vabXU+eiTpLPnqqLOxrrU0tFNGhVQ8G+h/8IC2k+8JV+2lCCTS0C9zZudtAgG+vQnfe1DfVUn+q6A8qzNddLsF7naJ+Vihs7BrqC7qfk1/VfyCL4PABPhdJF2oJ5OgIvfwv4Z3VoLvYn/ZfM+4DOXb7NM5XoDWHbu14YwvTvWwQ1Sm1E7EoTt2RVlXwzI1sRnL/AFjGmrWazWozWa1Wb3YrTP8AVUVzrUZqZXHHitttyvSRrW2MpsVniy/fjvpPl2xz3ye2dnCTrHbHGTPc2lWOlqa6rRh0KaCXdQXweC3okBd6248ldcr0cM6sSuOV6sVqsurjUAVkABUVAAAAAAAAAAAAAAAAAAAAAAAAAAAAAAAAAAAAAAAAAAAAAAAAAAAFQAVAAAAFBAAAAAAVAAVAFAARQEUQFAAAABAUAEVFAAAAABAURQBFARQEUAAAAAAAAAAAAAAAAAAAAAAAAAAAAAAAAAAAABQAAAQAAAAAAAAAAAFABAAAAAAAAAAAAUAAAEAAABQAAAQAAAFAAAAAAABAAAAAAUAEAAAAAAfXlLfhJtbfurKtMxd/AL/8LJ5TuuwaiyMxZe3zRGieV1tAXfRN7Le01JIgL1/KXsbLeiifZmqiKl6dvHUvylN68glRb3S/aAn/AObZv5rXTXZne707AX7Q307CAUqdf/5l3RU6/Fq/ezqn2mi9QKQmyUE0Ut6/BOk31QJ07mXQut9EFPsTzvr8HX7HZQ7W9f8A+SL2ndOoEPk+5L8Aipub10vyvjtOvkE7dj8FJ4A6/HQ/B5/B5gHc8pvp172qBf8ARftGb+Vn3A7T7ENl7qhvdDybBTrubTckO9UXts8IoEa3Z26f/DPxqeV0ou/gvTv5SHXe7QCdFAAAFO3bVP8ARUJBFBU7djwKKbSKCps8GgFSU6gom1UVLoLuxEO3fp+VTv3VQhvqIDTOU6dllMu3RBnj7dnWdnHj6S7dPEVVZXfTWtfdN7AIloCxpmKCVit3TN6s0jF112laqMVuM60Lf9GXOtRWMvLbF7orHazXy7XvvXdxsdfuVY6SSSDO93ssm2GzYukRVF18gM3s8+fSu+V7vPyVrFnJyy7stVl0caAKgCgioAAAAAAAAAAAAAAAAAAAAAAAAAAAAAAAAAAAAAAAAAAAAAAAAAAAAAAAAoIACoACoAAAqAAAAACoAAqAKiggqAKACKgKioAqAKAAIoIogCgAAAAAAAigCKAAAAACKAAAAAAAAAAAAAAAAAAAAAAAAAAAAAAAAAAAAKAAAAACAAAAAAAAAAoAAAAAAAIAAACgAAAgAKAAAAACAAAAoAAAAAAAAAIACvrTTW5r4+7M/wBTtPGlYan3p0qT+q9wa8fBvqzOrU6d6DUt320s692d9WpdiKESgvS/Ik7/AP2XYHmpex57lgJtldpRUtvwl6Us6F0CX5StM3vQOnis+eq7PtRUqWLr58JdeBDfTSblOuj8RFLE89F/O0y6KHc7pP6XSXe+9BU191s0n5RS9BPv1X+oJ3v9DU8STS78Jb58AeE+y37JPuot62ddHn4Nb6pevTc7Avf4T87uztrr00mwX/sm+u13E110C+DybS94B2v/AMG/EFAT8r3+EqhpSAJ58yL26+Cm+wLraaOvfqohoTvFUXrL/Tok8rJ8oCm9hOvXsobBQBKCLCJKvkFPsnkqi7EUFqGvIC/YE2ovfyrMvdfAHegbA2Hk0BtfKKC7TuQBN/K3sml7AzJqtzszL1a/AG07Q2tUZICCqzFBYze63slSqze/ROy2/FiViqzUaTyxWoiZd413TJlpzrePaRnJcb07FV2kPKY3r9l/qxW4TvTSdqsqKCs77gxnXn5K7Z3o4ZXq6RzyYqKjbmACAAKgAAAAAAAAAAAAAAAAAAAAAAAAAAAAAAAAAAAAAAAAAAAAAAAAAAAAAAAAAAAAAAAAAAAAAAAAoIAACggAKCAAoAgAKgAqAKgCooAigAgCiAKAAAAAAIoAAAAAAAAAAAAAAAAAAAAAAAAAAAAAAAAAAAAAAoAAAAAAAIAAAAAAAAACgAAAgAAAKACAAoAAAAAAAAAIAAAAACgAAAgAKAAAAAA+t8CCst9iVPPSaNg0dk80EWbbxZaBdlT7LANHYl+E8gt0X8pUtBLsv4L2vyltBN9S9+gm4Bdd2bVqa86A3E31L36H2QTc7b6p41WummdCpfyndad4CdZ1t2vSzpEpueVD5TUnnsu9J1FVNdb907lQVJJrqecb5S/j/UFt6d+yXr06F6aL4tA30ug86FCyzeruJ132Xya0Ca+S9LfKp2+f6Ad4fa9Tvr4ANCp/uC2/GkPkx6XYL+C+BAVLJe8/1XqKHffVKAL2+/5VNdwRb2Jo0lVVgdwRdw2mzuCk6nkigf7JrflRBZUO/gFtT8FUABQVFnYD5J2OxOwEDyAeVgAU2VOulFVJ3AXv27r9+7KgnlUXwCaVPP4UCmy3ok7AeTzF2m9wBdoRFVPKpQRmrU6sVUZvfs1YzrTFahEyvRTLsy0xVx/izVx6yiuuPZWcOzUZrcURYyprVS3urOSo451xydeRxrcc8kQG2BUBAAAAAAAAAAAAAAAAAAAAAAAAAAAAAAAAAAAAAAAAAAAAAAAAAAAAAAAAAAAAAAAAAAAAAAFQAFEBRABUUBAAAAAAUQFQAAAAUEUQBQAAAAAQAAUAEBQQFEUAAAAAAARQAAAAAAAAAAAAAAAAAAAAAAAAAAAAAAAAAAAAAAAAAAAAAAAAAAAAAAAAAAAAABQAAAAAQAAAAAFABAAAAAAAAAAUAEfVX/4SXdP/AM0qNSrvpqsqC0jM3v8AK3x8iNSrtmRdg1vZ+GV3qboNbOk790KB8HYtZv3AqfB5S0A30TaXYLUtS0gG2fK2/CdRU7Lv7pfHTueUC+dpavWpoERqdN+TpKCQPtDr+RUv5PC9O8/3PvrdETsb34L36pvpr7+ANfO11N26Q/CqUl/ql37r1XsBL1hLsm+86F6gmjeuprUh3nTpoDfQl3NJdeevhd9QOm+vY8dD7p3gL/3PsbO/noCX4Xsa69Tc+QDudz8qF6U/J+T4m7QL2+xDfiKIRbeqGu87KpFk3qJ/3PjwIujoizagu0iyanfewSflS9kAXtJC/CbEOqmunyAoiqGlQAABfInlQDweT+oAAL2NnT8n4UDwdi+QTfVqM+fwu6goeTyoM1ak/wBwPH3N77paSoqy730XbN/KwFKioIzd+G2azVZvf4StXf2Z0xWohf494sL2rLUcquKGPcHXHt92ozisZrpFnYBA8M53ornle6wrllejlW87usVuONQBpkABRAAAAAAAAAAAAAAAAAAAAAAAAAAAAAAAAAAAAAAAAAAAAAAAAAAAAAAAAAAAAAAAAAAAAABUUEABUAAAAAAAAAAABUAAAAUEFQFQAFRQEAAAFEUAQBUAFEUARQAQFBAFQBQAAAAQFQUAAAAAAAAAAAEBQABFAAAAAAAAAAAAAAAAAAAAAAAAFABAAAAAAAEBQBQAAAAAQAAAAAAAAAAAAAAAAAFAAABH1J0i+d66pL9j3XvPCos2vbvrbO6u9UFImyXV18iNb66/3XadPBNz8Aspd7O3aGganQqeCT5AT+q9IXWgZ3uJvfVd1LdXoCFoCp90vz5XslsgJ5S1doC1L363oXuna71tBd99IRN9QXad9m77rrodbd3rQSXoas6/K2pvp0FPP/wb6b/7JZ06LO06b+RE30/JbP8A7nc310Kd/Oztj0mk+213ddLFDpe8Sne70bl/N6geaeTez+qBNePBb86SrrfVRIqeEv2Bb1u5/osqQAlWW62dL47E/AF7pvXX4XfynYDvuXfU7EpPwou+qXv0VPwCn4pNG9KE8re9RfH3EJ5Vmb39l6a+4KlN78E6zQLPlUJQVOy7siKCgB4IHgQ2d5o6UBZ2EWanbyoHkAFQBdgmwXoIoHld7RQNnXSLfkEPBN/kAVN9fufIHX+gVKKXwJV7xAInXsuINdyEUErN/DVZ8aZoiNJWK1GVvYGW3Lz2SfyXST+UB0x7txid6srNbjXeiERSuWdbt+HLk7rErlWWsmXSONQBUAAAAAAAAAAAAAAAAAAAAAAAAAAAAAAAAAAAAAAAAAAAAAAAAAAAAAAAAAAAAAAAAAAAAAAAAAAAAAAAAFQAAAAAAAAAAAAAAAAAVFBAAAAAAFQBRAFRQEFAEAFABAAVAAAABQBAFAAAAABFRQEFBAAFRQAABFAAAAAAAAAAAAAAAAAAAAAAFABAAAAAAAAEUAABQAQAAAAAAAAAAAAEUAAAAAAAAAAV9Pv/AEJd9bNb7k7HuVlfOi9+4XwC+1Zre2e87rvrIDU0vx9mZFEXfnR52Jv4Bdl+dl8IC+PyJf8AdKAeEm5O54AtTpZDfXon9RV6J56lsqXeuqCeS7tO/WIB5p5+D+qfb/cC7l+x5P6oC76pvfS9Nl6zcsTd89L9lF37ddexemt96l/PUvfoil89QN/6iGr5ifi9V6zr/snn4FXe2fuupOx3/IG93/4NdP6HyKEnTXlPzC29N1ZZrx/qBpFQA7a0fmU6AWm/J279jX5Am/EITrL3J/XQAdVvZRO3U6qm9ApoADx2Ib/Ciztvz8JrfefgXroASKIG/wDQ/qoIu9IXwCmtJv8A1VQipAFQsAXueNn/AGL1lENqhAUSqoaC9gBfx2Q0BFJU80FIlWf0AN9SiCiAGy3qAF7JOvdQVKFASNSHaaAWdF6mKgzU6KzelSgl+6xL2YrUTaCs1qOeX8mL1red/d2YqK3N7jd6MTw2zWoADSVxzrrnejhldrGcmKytR0cqACAAKgAAAAAAAAAAAAAAAAAAAAAAAAAAAAAAAAAAAAAAAAAAAAAAAAAAAAAAAAAAAAAAAAAAAAAAAAAqAAAAAAAAACoAKgAAAAAAACoAAAAAAAACiKCCgIACiKCAoCKgAqAKgCiKAAAigIqKAAAAAioCggAqAoICiAKAAAACAoAAAAACKAiooAAAAAAAAAAAAoAIAgKAAAKAAACAAAAAAAAAAoAIAAAAAAAgKAAAK+lL0+52pJPjXk/orKk6bRdAvX+iy9rWPdu6auO9W9b46g1L1OrPbws7/YRZ07ruM7+Cbt1ewNVJUq+RTfXZvSfjwgJVtkGb3RF2luzfe+NJb8Kqpevc2dwS6336fYiWSHhBfPjSaJevZNbvWgX7dze5epem+tIoRFsvTrpP6oFq6nRPETsDVTv9jZvrRUnS3v8A1OtNloHbtNplrv2LPPTYoF7L2nW/hOuut2gbNxUv+wGpes7/AAT7mjc191F39ku/hOvZZ/qKdfn+huFiCL37Jem+l6LIW7vcCmzZeyh02T7k2TXgDyb+67T89gU7eIT+qW9wa6aSfJLPAoaW/CdV8dREi7/d9zXQAgm+p877qLb02aNHnvoC9Pwsqfk7AvTynybPIi6XsnS+FFPsEp1EDyQ7Ap46HcA8njXweUBROpsFS9lAPyv9E2oKhQDYE6gB57J4gKlF2Kmzd/Is7oNRroxG4DNnlzrplXOpVWLSFnRmjGhajDcYy7sZOmXdjIVY1WcbuNTqlai+Uqs3tUaZyrjl3dcuzjk1HPJmoqNsAAgoAgAAAAAAAAAAAAAAAAAAAAAAAAAAAAAAAAAAAAAAAAAAAAAAAAAAAAAAAAAAAAAAAAAAKCAAAAAAAAAAAAAAAAAAAAqAAAAAAAAAAAAAAACoAAKCAAAAAAAAAAAAAAoAAIAogKioCoAAKCCoAAAACooAIAoigIqAAoCKgAqAoAAAAAAAAAAAAAoAAAIIoAigIoAAAIoAAAAAAAAAAKACAAAAAAIKAAAAgPo7+6yzXzU89IfgFm5JPt3X/wCGfhd66S/kRYedzum+h0BqXXdrt+XO9ujW9guzfXpU/wBQF67N7IAmze4Xsa67110Cb7mr163offxE1176AD467TyBfyd78GtXom9qL47s6n7rre1390vbpPKC26pdJudeiAb8U/HRS9bICdd91vdL0sNgd/Gkp1v58G9S+QL3N6+6b6de5b+N0Vdp12X7dzru+APJOu+pOs7p1AvXW9ahKv8A9gDx3iXWul/2WdJ1Tx9lFvW9Ut6n/wAKAQJ1gHiJ3L4Pt2A77Xp00m4AbXwaFCdPyfY2eAO/YNnT23/YCH2PuRQ1pdpPhfyBf66L9k3vv3NTf3BYd9J06/ldiJvX5WUPEBe91o+wAfgqf1Xt5AP6ncBd7NoffwovhWTf2BV2l+5BDapN67qBs6hABU7gKmwF/wBDQsoItIAJ2XyAnQ+VS9QPHUKn9RVC08gu2p0nlI0gmXWMeXS9mL8pRmXTfhJFZqs2M950Wpb3kYbjOXwzlNdm6mXWCs49q1KzFSrF2lEtGmM70ca6Z3q51qOeSIDTAqAAAAAAAAAAAAAAAAAAAAAAAAAAAAAAAAAAAAAAAAAAAAAAAAAAAAAAAAAAAAAAAAAAAAAAAAAAAAAAAAAAAAAAAAAAAAAAAAAAAKgAAAAAAAAAAAAAAAAAAoICggAAAAAKioCoAKgAAAKgCggAAKCAqKAgKCAoCCgiiAogAACgAAAAAAACAKCAoigAAAgKIoIogKAAAAIoAAAAAAAAAAAigACgAgIoAAAIACg98vyvRnss676bBZ1p2Tys6W23YhL0+NrNXz+U2sA6TzvbUZ+F3vqBL+V2lujYL2L9me6zYF7Hx03Uy7XU2Wz4v+oHT8JZNX7r42kvyBST+vQs6pbq6kt1AX5+Wd/E6FvfpYvTWwZt6WfJ38dV62ffZe96eAKngvUA6pV2nQCw2l/2AW9adftpJbKUF2k152vTSTuKHf50eO3Y3baB130Q/C60AId516Avf4QvY7VRd+PBEAOnm6prWupNb+5ek8dQS7vVfg7Tv/Q2BPv2N67Hn7AHnqHkUFQ2C+Dprunk7zxsFlTrstIC72f/AATzs389wPwG/wDQ+2vIHf8AoSdNeCa322sUDaee6iHXwur8Je1LdgTvpU2sA2nXf2KAL8pN37rv7ApUX4APg/2XoCLNn+pe/TYBEXp8qimtJO21BPyqKCpvR8G+tn+wLPEPKKAQAATsKHg6/ACWbvWqCDU7NaZjUA8ddMfZu9mKlD/dqSarMjc6s1XOzSNZMX77ZrUKlnRbOjr7P7uZT/ZFrzdJVTKay6rtGoM1WMqNVzyYbyYbjlUAVkAAAAAAAAAAAAAAAAAAAAAAAAAAAAAAAAAAAAAAAAAAAAAAAAAAAAAAAAAAAAAAAAAAAAAAAAABUAAAAAAAAAAAAAAAAAAAAAAAAAAAAAAAAAAAAAAAAAAAFQAAAVAAVAAAFRUAVAAAFQUAQAFAEFBFAAQBUFBAAAUEAAAAVAFEUAAAAEVFABAFABABRFAAABAURQBFAQAFAAEBQABAFBBVQUQAAAFBAQFAAAEUAAB7pryrO7d9F6SAu9Xr2JfEvnym/wD/AGsvXoIvX5N99Hc79uoC71pKm52+Qamu0Xp3Zn5PGqB1XaXsna9ewLbRO9+y/kA6HjZ9gPGuu06/N0J27gu0stl3ZfGi1POwX/Y69+qa+yf9wXx2T8HY117zsAl7917p9xVutd0L+TfQAN29e0T86BddEsi9OmqmugBTXk66updAdrOq3r1TweAN/wCp+TeqbUPPQ3d9b0n2QBd77HfsnlQP+6fY8k7gvSXqJ3N63r+oH4oaX8QBF0AHnoF7KJteuhPvugvbyvVLJ8njvsDf3L5PuAQ70gobXfT7p569TQL2pOnXweAC3qG+vY6wDt3W6+yKCb3elXXyvj/7oIT/AEIdfkBYB0mt0FPwHgCU73qdfF1918qFgAib6KigHknbuoEPv8pFBSVOh2BVO/WQ+4IUPAqfgX7ogb6hs+4LK3HOadJdgZXrWLG71Yu9+Eodq3i5zTpjdsqzk5666dMu7PRmtRL26vfwe3k9PjJ46PDddfLr6PlmHJq39s+UWuPqOO457vT7OL6P1HHG445460+dr4DEYz6OjlnSN1i3bK1lpyoAqCoAqAAAAAAAAAAAAAAAAAAAAAAAAAAAAAAAAAAAAAAAAAAAAAAAAAAAAAAAAAAAAAAAAAAAAAAAAAAAAAAAAAAAAAAAAAAAAAAAAAAAAAAAAAAAAAAAAAAAAAAAAAAAAAAAAAAAAAAAAqAAAAqAAAogAKgAACiAKAAigIqAoICggCgAACAAqACiACooCKgCoAoAIKACKAigAACKAIqAoAIKACKKAAAAAgiggKIA91+DXjudZF89oBu9tEvxrfnQbs63rfwiL8nlP+5rtvevsovTztZC2+dG9gm1/qm9dPaXQFv/AOaXd8lvjugKVO/Y31Auuncv+iXfTX9T8T/UFQ2m93f/APJA/qT79TH8kmrZsEPBZ8d/nReyh/3Sdl6WS+b3m0nTtQO3kvQ3E39xV8a3ol+OiHedPAG9ztomydjsCzr28dk7SW90mvJdgtt2b8J3WAnfub++yl8aA3vwXtVt8JsAv56nQ8fhQ8JVtvnwn5Bdm08qAJ5UDr8gAKmvv0RRddTRsm/IC/b/AHT8m/sBTzIL2vcCdvsHQ0odfkAE/q1pKnYFU3/+U7d4Be2yTobPAGtw/wC5/W/0Xr5Atv8AQS3otEBN/wCqzrdUA1v8HTa7AutE7Hc18gokWQBUPHfqqKfCLJ8f6AX+i+U11PICxFBSaQvUGt9OiJ0Xcn4RQTv8mwDXfqFoIeSp5+EGp3n3bxYnZvH4oLZ0c7XTLqxYlEbw76Y6Xo6YxlWbHOz5rvnP293GxKsKzjdW9tLO6a6stVrlyvtnbq47b5N6+zn5Ui29HLKt5OeSxawi1GmAAQAAAAAAAAAAAAAAAAAAAAAAAAAAAAAAAAAAAAAAAAAAAAAAAAAAAAAAAAAAAAAAAAAAAAAAAAAAAAAAAAAAAAAAAAAAAAAAAAAAAAAAAAAAAAAAAAAAAAAAAAAAAAAAAAAAAAAAAAAAAAAAAAAAAAAAABUFARUAABUVAAUBFARQFQUAAEQAAAAFBBQEAAUQFQAVBQAAEVAFRQEUAQAUQAUQFEBVQBFRUBUAAAHttizpe6efwvXW7pAnfvTdn3+yb6/ZZ3/IG+lJ/L7J3Wa6iL2mv9zdnbrUvWa3V8TqK1q639mSTfmm+mwJfhd9kTYi223d/wBjvOuxFC9ulXdZ31UCnW+bpDt+ED/uW/fR577T7f8AdRbvrq2J9z/ubA6JJ0/B3pZsUqW9V6b1JdsgpO/Tub6djer07gbvkmu/Sh11oRfumzr5/wC4KfhF3fCAqb1o7UneKKeEIgu5eyfhf9k3fKi99p2p2WgkWdE6eABUUVFt63p08J3WdhDwi/1RQ6qm+nc+wL/Q8gBSGgF7p535Xfi6RRTv36J36ReoE/Brwnfa+Z8Sgb0Gtal6GxF7kv8AVN9Tx0634BqW61NdE6/M/wBDe+paKHaHnqCHXwfHW2z7dzf2uzzAXQsqa+AF+A7As6iQBe5tBRpN9eibWQQXaePIC+FTt2EF8lveJ3XVlFJ3ml/BruAh3Q8oL+U89VQBCqB16OmMsmtsTpWpu+dgt6xmtX4Z7RKJK3jes+7G2500yrXJd9duNb5L06sVmrDy7cElyyl+Nxx19+x7vbluXqjTv6jg3jct3o8OXT/+T0X1GeONmOWrZ3eZUjNrFbyc6sKiA0yAAAAAAAAAAAAAAAAAAAAAAAAAAAAAAAAAAAAAAAAAAAAAAAAAAAAAAAAAAAAAAAAAAAAAAAAAAAAAAAAAAAAAAAAAAAAAAAAAAAAAAAAAAAAAAAAAAAAAAAAAAAAAAAAAAAACoAAAAAAAAAAAAAAAAAAAAAqAAAAKCCoAqKAgAogAqAKgAKgAAACggoCAoIAACgiiAKIAAAogKIACoAqKACAAACoCoAAACoA9nj5/JvodbrtvunfQNeSdvv5Tt2q63u/IFvU2lvz4TekRo762a6gqy2EvfXeeEnba3vuaA8Ev2OlTxVF6dNF/7J36dz8UDd1rWzd6dypu/G7+QP8Adb9uzP8AstA7Te9/0PGt66nweO10IdEv3JPynXxrQqzofhN3x3NX+gE0vT5Sdb18ACeV7b67QFTamgReyAFC9k3+QUvTxsAP6E7BIoAAQ31t+4m/t0BToUsAnbcN9DsCgH4UFS+Tz1EXrDylAU0AG9ml3dddp3AOwKL4J0RQSeQvWrr57gHdFngDr8z+q9dfZPym+s/IinakPyCylu0X4FL31tfjSX7gLvUO1slTz1Xp3ohtddKhvxO4KWJ1vZeu/AHXfkT/AHUQnY31IfaKL/8AB1NGPS9e1QNrtnxV8Av/AMB3BWp1iU7dCyAm9U+4VAt0Xr18w6d/9TXTdnQE8wPwm5voK3K1K5z+LcoNWsXrvrIrOW/6oLOmt9WpWJ+G8e7NFzk1K5ut6/dyz6M1qImfSKmf8Z+RpytZrVZvaqjF7MVqs1WagCoAAAAAAAAAAAAAAAAAAAAAAAAAAAAAAAAAAAAAAAAAAAAAAAAAAAAAAAAAAAAAAAAAAAAAAAAAAAAAAAAAAAAAAAAAAAAAAAAAAAAAAAAAAAAAAAAAAAAAAAAAAAAAAAAAAAAAAAAAAAAAAAAAAAAAAAAKgAAAqACoAAAogAACoAAAAAAKCAAKgCgAAgAAKIAogCoACoAoIKoIIAoIqKACAAAKiggAAAAAPX17aOwAuzG9PnqAG5q9N03P6gITru6q/n/UEC/BcgAjMu9/AEVq37+E8wFC27+9OnTp3+AA8dEl6a34AQ6b676ACnSnTXTX3AE/Hk6/HUBCTpYm9gKa1tQAQBTZ0AEuvsuwET8xdABPsT7goaAFT/eL38dwETyoKpsACf6n4ADXSm/tKAlPB8AATYKL3TtQFU7dwRDKWXRZ9gUOmzvQUUBFDtZ4AQ3pOvyAizpN3svXXUBS9f8A7EoCGgBRQECQALbvqvnXX8gAAqC6+4IpvqdgUXafAIgoIp5+yb3brwCib0v3BA7VNwAWdpFvT/7gKsvwmwQJtqXoCVWt9HPLrv5BmrGd/Jl/HsDLTjWd9AaiOdqArNQBUAAAAAAAAAAAAAAAAAAAAAAAAAAAAAAAAAAAAAAAAAAAAAAAAAAAAAAAAAAAAAAAAAAAAAAAAAAAAAAAAAAAAAAAAAAAAAAAAAAAAAAAAAAAAAAAAAAAAAAAAAAAAAAAAAAAAAAAAFAEAAAAAAAAAAAAAAAAAAAAAAABUAAABQBAAAAAAAAAAFAEAAABUAAAAAAABQFAAEAFQBFQAAAFABAAAAAB/9k=', '2022-07-04', NULL, '2022-07-04', '2022-07-04', 'isSync');

-- --------------------------------------------------------

--
-- Structure de la table `suivi_pms`
--

DROP TABLE IF EXISTS `suivi_pms`;
CREATE TABLE IF NOT EXISTS `suivi_pms` (
  `id` varchar(255) NOT NULL,
  `id_culture` varchar(255) NOT NULL,
  `ddp` date NOT NULL,
  `stc` varchar(100) NOT NULL,
  `ec` varchar(100) NOT NULL,
  `pb` varchar(100) CHARACTER SET utf8mb4 COLLATE utf8mb4_0900_ai_ci DEFAULT NULL,
  `ex` int DEFAULT NULL,
  `img_cult` mediumtext CHARACTER SET utf8mb4 COLLATE utf8mb4_0900_ai_ci,
  `name` varchar(100) CHARACTER SET utf8mb4 COLLATE utf8mb4_0900_ai_ci DEFAULT NULL,
  `controle` varchar(255) DEFAULT NULL,
  `declaration` varchar(50) CHARACTER SET utf8mb4 COLLATE utf8mb4_0900_ai_ci DEFAULT NULL,
  `etat` varchar(100) NOT NULL,
  PRIMARY KEY (`id`),
  KEY `id_culture` (`id_culture`)
) ENGINE=InnoDB DEFAULT CHARSET=utf8mb4 COLLATE=utf8mb4_0900_ai_ci;

--
-- Déchargement des données de la table `suivi_pms`
--

INSERT INTO `suivi_pms` (`id`, `id_culture`, `ddp`, `stc`, `ec`, `pb`, `ex`, `img_cult`, `name`, `controle`, `declaration`, `etat`) VALUES
('CS22-52AVT-1_1', 'CS22-52AVT-1', '2022-07-12', 'LEV', 'BON', NULL, 80, 'data:image/jpeg;base64,/9j/4QQwRXhpZgAATU0AKgAAAAgADQEDAAMAAAABAAYAAAEBAAMAAAABB5gAAAEPAAIAAAAHAAAAqgESAAMAAAABAAAAAAEyAAIAAAAUAAAAsQEbAAUAAAABAAAAxQEaAAUAAAABAAAAzQEAAAMAAAABCiAAAAEQAAIAAAAIAAAA1QExAAIAAAA6AAAA3QITAAMAAAABAAEAAIdpAAQAAAABAAABFwEoAAMAAAABAAIAAAAAAABIVUFXRUkAMjAyMjowNzowNCAxMjowNjowNQAAAABIAAAAAQAAAEgAAAABQUdTLUwwOQBBR1MtTDA5LXVzZXIgOC4wLjAgSFVBV0VJQUdTLUwwOSAxNjEoRUVBQzAyKSByZWxlYXNlLWtleXMAAB6SAgAFAAAAAQAAAoWQAAACAAAABQAAAo2jAQACAAAAAQAAAACSBAAKAAAAAQAAApKIIgADAAAAAQAAAACgAQADAAAAAQABAACgAwADAAAAAQeYAACSAwAKAAAAAQAAApqQAwACAAAAFAAAAqKgAAACAAAABQAAAraSfAACAAAABQAAAruSkQACAAAABwAAAsCkAwADAAAAAQAAAACgBQAEAAAAAQAAAwGkAgADAAAAAQAAAACSCQADAAAAAQAAAACSkAACAAAABwAAAseCnQAFAAAAAQAAAs6gAgADAAAAAQogAACRAQACAAAABD8/PwCIJwADAAAAAQPRAACkBQADAAAAAQAAAACSkgACAAAABwAAAtaQBAACAAAAFAAAAt2SAQAKAAAAAQAAAvGSCgAFAAAAAQAAAvmSBwADAAAAAQACAACkBgADAAAAAQAAAACSCAADAAAAAQABAACiFwADAAAAAQAAAAAAAAAAAAAA/AAAAGQwMjIwAAAAAAAAAAAKAAAAAAAAAGQyMDIyOjA3OjA0IDEyOjA2OjA1ADAxMDAAQUZfQwA1ODYzNTkANTg2MzU5AAAAXcAAACcQNTg2MzU5ADIwMjI6MDc6MDQgMTI6MDY6MDUAAAAQ4QAAA+gAAAlWAAAD6AABAAEAAgAAAARSOTgAAAAAAAAMAQMAAwAAAAEABgAAAQEAAwAAAAEHmAAAAQ8AAgAAAAcAAAOpARIAAwAAAAEAAAAAATIAAgAAABQAAAOwARsABQAAAAEAAAPEARoABQAAAAEAAAPMAQAAAwAAAAEKIAAAARAAAgAAAAgAAAPUATEAAgAAADoAAAPcAhMAAwAAAAEAAQAAASgAAwAAAAEAAgAAAAAAAEhVQVdFSQAyMDIyOjA3OjA0IDEyOjA2OjA1AAAAAEgAAAABAAAASAAAAAFBR1MtTDA5AEFHUy1MMDktdXNlciA4LjAuMCBIVUFXRUlBR1MtTDA5IDE2MShFRUFDMDIpIHJlbGVhc2Uta2V5cwAAAQA3AAMAAAABAAEAAAAAAAD/4AAQSkZJRgABAQAAAQABAAD/2wBDABALDA4MChAODQ4SERATGCgaGBYWGDEjJR0oOjM9PDkzODdASFxOQERXRTc4UG1RV19iZ2hnPk1xeXBkeFxlZ2P/2wBDARESEhgVGC8aGi9jQjhCY2NjY2NjY2NjY2NjY2NjY2NjY2NjY2NjY2NjY2NjY2NjY2NjY2NjY2NjY2NjY2NjY2P/wAARCAeYCiADASIAAhEBAxEB/8QAGwAAAwEBAQEBAAAAAAAAAAAAAAECAwQFBgf/xABBEAACAgIBAwMDAwMDAwEGBAcAAQIRAyExBBJBBVFhEyJxBjKBFEKRI1KhFTOxYjRDU3LB0RYkRJLh8CWCVGTx/8QAGAEBAQEBAQAAAAAAAAAAAAAAAAECAwT/xAAfEQEBAQEBAQEBAQEBAQAAAAAAARECEiEDEzFRIkH/2gAMAwEAAhEDEQA/APknyxB+Qo5PRTQAtIlBFAK9jChEu0VYchEheyu1CaVgTyOgdWO9BSFQ/IwElVkvllMlorJNEMvbJaKlIKADTmaoAFZQwHQmiAQxIdBGc1yZG0zF8gNF43szRceSjoT0K/gE1XImQht2hIQeCN6mRBbshhCAAKhw5Ne8xXJUdsqNbUvBLHwiWyKlkjYgFQABQCAAABiAAAYQAIaAAAaAQigYE0FDoApUFDABMVFUAC4EyqFQQqGi1G0NY2BmI3WKyvoEHPQ0jpXTvRrj6Ny5/wCBo4lB3wdeDpJTZ3YuhpWzpxY+y0vJi9NSObD0ig02rR1xxpJaNIxSWho5WtzlHbRUU/Yqhkawq3YIYVsikNBQUQOxNb0FUMBDSEx+OCAcbrYVS3sd62TLIkakD0CZzzzNEfXLjOuzuFdnJ/UOw/qBi66/5FRy/wBQkNdSnwyWGuixrZz/AFV7jWWPuTyut6FwZrKmuUH1Y3qSYw1oPu1Rkpp2NTSZcNWwIc0/I++K8lw1XglciU02DaKLDwZ9zsru8EUNbENSVCvfwTAh1oAvRFAAuBPRQAAWFIGN/gQANX5BUAA6ugrQWhgLyADKhUJjEQKmLgsmQCBj5Eyg8BQDAEJgIKdIAKQQqCigqwJBKx9owBaQAAQADEUUtjRETRFiCgq2AwG1oSRSBcoA4AdBQRjklRMX3RoXVNqJz48z4NRmqyw2ZOJ0JqXIuy2ac3NVeCTqcES8fwQc3kpL4NHiraQdugM69wt8Vo07BfTZVR4KTbXsHa7GkRkqElspiKh78FJPyJDtgOwsTABlIgoCkMlOikyoY0StlbApSpmkZ1+TBcl2DXXiyu+TphkT1Z5qka457u3+DN5NelF2Jwswx5vc2WVNGcVlkhTMcmRwV8JHVJqSPO9RlUEl52y8/wCjl6jqJZZtt6XCOHLkbkXlk4nNbcjsjWLK7jOyginIjuE3sRV1fcJMlFxQNNDctfIuPI1uSRMNbdLinOSlX8noqL0jXpsKhjja0btQ/wBtnOtMVjtcD7K4Ro5JcGcslA0nFokTyMnu2VNX3UO1Zn3KiJSvkGuiclGVPRKXk5M2dyyJ+2j0MS78aklplblZKOwcUbOOuCexsLrHt+Ar4OhYxOAxdc/Z8CeM3caE4kw1h2CeM27UDivAXWagnHtaPe9FfZjcHtvj4PFh7np+mZHHLyVnp9Jjiu0pRROF3E1Nxwqe1A4ooVGkQ4h2FgBn2CcDRgwM+xUL6a9jWgCMvpr2D6a9jQAM/px9hfTXsahQGf01XAvpR9jWgoDL6S9geKP+02oEBh9KNcC+jH2Ru0FFVzvp4PmKE+kxSW4J/wAHTQENcT6LE/7F/gT6LH/sX+DtCga4n0WJqnBEroMS0oJfwd9DpA1579PxeIIX/T8H+xf4PQ7QoGvPXp+FPUEv4Ben4lxFHoULtQNcH/TsN32Rf8B/0/D/ALI0+VR3UHaDXD/07AuIRS+EJenYfEUv4PQUQoGuBenYI/8Au4/4G/TsP+xf4O6goGuJ9Di/2L/BK6HEn+xHdQOINcD9PwtV2IpdDhX9iTOyhUDXD/0/Ff7F/gH6fhfMTuaBIGuB+n4n/av5RL9NwP8AdCL/AIPQaFQTXnP07ClqCX4Lx9FijFJwi0uFR3NIloLrKOLHHiC/wV2xvgbFZFWkvYfaQnQ+4gtR0HaCloO4CZImi70ICO0KKoQEdpLRoySjOiXHdmtCaIjCUbXBx9bh78bVbPRZlkgpLYV8nmxSi2qOaX2rye96h0/YnKjxssN3V/gOvNYb8oIumOWv/sTFX8hto1smi0tCeiDKUX4Yi35FRAqFyPyOtEULholqi1yEuAMmu6kPnQeaKWlsBbsaAdaIF5CvcdbOnpOnebKo3SfGiVLWnQdHLNO6fGn7I+n6XpoYMKSWyOh6RdPjrz7nZVGK52pSKsBN6IInOjJq9op22OKIHFe5o1oSWhrgASAYAFgAFFAJCbIFJ2iByEAAAwEMAZADAAAYhlAAAACYwAQmN8EkAIbROyj89GgB8aOj0BkoFHbCqTAoQ7FYAHkpU0D/AAEBLqx38CKCSit7sPAAAvINAw5/ICH4BiCDVcEsomRUSxDZPksZpgAGmR3PyK7AKAqxkjXJANXZhJbOi6TXuZTRUZjTJGgNomhjA2RBLFZTJ4ClyRIsifIVIxBZUMpPZA0Ea3YpMlPZMmFDYhAAwAAAKApICaEaNEtAShsAAQ0IaABoRS2EJhRdEsCR0LyMKQFJAAgoaRcEQQoldprGG7Y5R2qCJhDyafT9gTrVbOnHhlNW12ktGEcb8GsMMns6seD3R0xhrikc70smubD0vlnRDF2eDRey4KUTOuk5JLQJF9oq2RrACpp0FDRFCDgBoBAw8gAJjoSQ+CBMQ27IckgKvYu9UZZMiXDVGEptos5ZvTWeR+5lKbt2yHPRjLJ4s1OWL02lLRlKWzJ5JVXsJz9zp5Z1p3a5E5mVibY8mte57d7EsjXnZKdRJex5Na/Vfgp5HpmcWrV3XwwckpaTS9mPJrVyaEpNcsyc75C1oeV9NlkriyvqPyzn+poXePK+nUslLkFlfucyk6BSoYenSuods0XUPm0cPd5DubZPK+nYuovmilnZw3S5BSd8jyvp6P8AU3z7BHPWvc4e+0T3tDyenpfWVDWReTzPq/kuObXJPC+no/VXuP6kX5PO+p8g8nz+CeD09DvT4GpeTzo5Glplf1E+LdDwvp6F2uQbXlnB/USQvru+XRnyvp6HcJs41nH9d2TyenZFryFo5V1Gx/VGHp1A3s54Zr8lrJFvUky4emy2BHeHehhqmSyZZELuTIuq8gJccjT2U0BYOQ1QNTyOhisYumkUJBYNMExIpcAAh+BBA18gAIBiaHQ6KiY8l+CPJSAdbGkCTKKBD4QIQxA2K9ASwMertwPN7mnrR6eTadnnZ41J15LEsNZmldl/1MlVV8nHLuRPd8lZx6C6leSvrxZ5/cHd8hMeisqaKTTPOWWvJSzsI9CkDicKzy8FwztPko6u2wcEY/Xt7ZazJ8sJh9vshdhayQ9wcovgGI7aQUa/a1ph2gxkBp2EOLBhWA+0O12GcPwUhVoXcDGq4GZ95SlZUVQAmBUIqLaHFFdgQKbouOdozapEMljTr/qKi7PL6jO8uZvdIvNkpUcc5UvyJME5ZWRHgG7KXBsIpcCCxEOgSEmUaByC0goYEu7Nuih35k3wjGrdWej0kFGKfmiUdzyNRr2JeRsz8g9M51dXKbZDYrH4IJbomWSiJyV0ZTn2spjR5H7meTK60ZymYZM6WmguNu/ulVn0nTY66bGqS0fOdBH6vUxX9r2fWxVQSfgo5/pp+A+klwjopDoprleIn6R1tE9oXXHLC+RfT0dbRDiRdcrxEuFHU4kTigrm7PY6Onl2ZERQnpWwV9X0c+/HFryjqZ5PouZ5Onq77fPuepZqOVUAvAGmTEAgGwAQAAAAAAFAAAAxMAYAAAAAABAAAACGAAAAAAAEAIYMBUFDABCaKYgFQUMCgoQCAGhUMAAVUMQCYhgBLE+B2SwIkSVIhySIphZDyKyXkXhkVpY+6jB5kuWZS6lXRR1/Vof1Eebm6uotLb8D6fqu9JPkD01NCcjDvBTIN7JIUxdwFiDuTE5IAZLVjuwQGHUYY5cbi0eF1PSyxN60fS9tnP1PTfUh4B/j4/Lj7clpci1FaVHpdT0OWM5fbaT0kcM8TTaaYdeemfctfcrIldmna6pL+SGmuURpIm68DfyJSp1yRTsQNrdAA17FSjcRIsisXp75DwVPbI45Aa0OTpb4HGNrR29D6fPLJNXTe79iVm1HR9K88opeT6XouihhxxVXXlldL0mPBjShFfLo7EtGbWLSoKGBlCZnNlSZm9gJFpCSLSoimMQIgYIAAKGJslsBvTE2BLYDexCsYDAV6CwGACApDJGiAGAigGIL2APQrGyLIG2Im9g2ANkp6BsynPtA+GTWqafyh8Ce2tVvYS3SR1dzoTp+BBQAkMStydOhtMqiPLC3YLTCiIJCQ+QpoBcCob5CtlCaZV0HkmwgbsXkZMmroCrFSYgsqE0RVFtkvksZpCsBlQqGH4EioYgGQNbCcKQIqf7QjlfIkVJbEUaQNl7HPF0bQdgErROjSSMrIpkyLQppduuQMhFCZQhoQwGIAAKEMAAAAARaWiEUmBXghlWSwEAAAAgGADjyIFoDRvRDKQmgJAqgogSRfboIrZrGNsCIxRpGC0awxea/g1WCUq7VxzaJowjib9zaGCTe1o6MWFprR0xikqozehjiwQTVpWdEYJa0EFV3/BZztbkNQVBW/gE6KWyLBFLwHkFoTfyG1ArJTKsAoQWLyQA0FAgH8iATkkA73yJyRlLJ28GMs1sGtp5UuHswnkbM3Lu2T3m+eXPrpTaIlOiZTq7MpStcm8Y1csia0ZN93LJfgV7LgsTQJkykkVD8g+BJ2gsAvwJaG2S2BoJu2Sn7hdMB0IO6hWgGxXsBNgPuC9CQAF+xd0iUJsBuVoV7DTCgpp7HZLYWA+QQJ0FlFITdCsTsGq7g7jNhYw1r3D7vkxtjsmLrVTdB9SvyZdwWMNbLI/cf1PdmFjTRMTW3fvkpTowscZDF11wzbpmuO5ZIq+WcuN/cjqwf+0QSW70XEvT0Ov6N4oKSemv+Tyfq0+T2/UsyyuHKUeUfP5HUn+TF5WdNln2Ws2vk4+4FNoeV9OyOdvlUV/UJHF9ViU3sYenes43mSOFTYd7Li+nd/UIr6qZwd1s0jLWyeT07I5Pkf1N1ZxKY3krkeVnTt765GskX5OH6g1MnlfTvc/ZWCkvJxrL8lrJrbJ5PTr70FnL3peR/WHk9Oh8lI5lm9y/q2XD06LQ7RzrIP6gxdbpjMVk+Su/5BqyWCkn5E2uLCOfLL3Oaas6ppOT0ZyxoK4pQIePydjhuhPHrgK4+wTgdf0/gn6fuVMcjixdp1/STB4gmOXaDuZu8ZDxOzSYhZGH1HZTxUT9MGKjkfkv6zRk4tEtMiY6Y52vJoupfucOwtoJj0F1G+So5k9s8zud2XHIDHqxyxfkruT8nl/WaHHO15CY9TVA4KrOCPUfJcep+QjpcX7jpowXVK+TRdRFspjWNlWZxzwfkpTg/JUxopUUsnsZ2vcWrCeWkpGUpWhvZKTSBjmkm5vRhlR2SiS8aYMcUYuh0dE8dLRH07KYyQPk0cH7CWPeyxCig8mnbQdl8FRAV5Dt3QNOioMWPvnR6kElFL2OLpYNO35O5GaKSJm9Dk6RjOZgUppLYpT1yYSn8mM8niw1I0nk3oyyZCJZNGUph0kOU9VZCj3zSfkmTNMMZOakuUFx9B6T0kcUVJpLXvtntJ2jxvTs1rta4PYxq1ornVITKJbvwypoE2lyDdLk5c/Uxgn3DCVvJkSmjgyeoJftRhL1Dy9Bp6ba9yW17o8uXXutMzfWTb+CYr1JTic2XL91Xo431UvchZHJ7Br6X0DP98sXjlM+jXB8Z6PlcOsxyT15PsYO4ljFXYyRo0yYmMTAAQCKG2KwAIAAApgKwbAYgEEMBMaYDAVgA2FiEBQElWAJisVg2BQhWCYFAxWAAhiC9EAxBYihgFisBiBtEuSAoXBHekJ5EVGngnuS8mcsjrRjU53vYR0vIl5I+sjN4HVyb/wAnHkyLFktP/kD0U2yXZzx6pUiMvWJLnQGuSbSe9Hn5+sUbSkZ9V1/dBxiqXu/J4+XK+6227LiyvSfWXtvREuuSemzypzlRm2+RivTn17vyzGfXSa0zjk262TTckXFdayyy6cnXwbYMn0s9OT15bOTGqo2xff1MUqq+CUfQKdpU7+Su4yg/ikaGFVYd2ySkiA791YdzGoh2gVGRaZlQ0yo2sPyZqRS2BGXp45Ezzep9Oi03Ur+D2BNKSpg18n1HTTg3S17HM4PyfVdR0sZ+NnldT6e021yR0nTw3j3tkuKPRn0c9tq/wc8umlFWkRrXMoldjvk0WN+xX05PwRZWMlXwNJtmkcUpulTZvj6TI2qQXXI47LWLvrtjb8noYfT8rmu6KR6nS+nY8S7quT5ZGb04Oi9L76lOLS5Z7eLAopUlSLhjUVSNCWsaSVFeBAZBYnIbIZAnsQ+BEDQxDCmCBDAACxWAgGSyAbJbAQAhiKQCGgCgDkYUDAYyU9BYFWJiTAB2TYMlgPuJbJkyXOiCmxdyIc0c+TJT0wrbLk1SOXLO3yZ5c32un9x52fre1NNfcvcuaPHEK2xrZ0difj3AfgX8AJPbY1KxpL2JqpAUg2PhWJgJNgMfHNgRe+B/yJrYIoGwoAtIJSdpku0+C3OPsTPInsrOl3A3ozcgbdFw0SkLusQFZOxpkoYDYAD4KhWUiClyQV5Kq0xIaAwmtkG2SJi0UNM1xPZiXB0wOl/sv5MHybXcTKSIBDZKGBm1sRckQAACGUIAAKAAAgABAUAAAWIBgAhiZAwEAANDSsaiAKx0y4xWjRRXsQYRRooWaxh3ao6MeB+2iaOfHjbfB04+ntHVDArTaWvBsoKPjZm9NSMsWNQW0bwVN8Ux0qWgRi9NeU1spLV8hVlJGdXyVBVDoBq4QDAauHdoQWGhoX4CwYcE0GwbobehPgA7im6WzOTrjwYzz2vk1IlrZ5DKeUxeUhzs1OWPSpSbkZSdPnYOXyQ5PezU5S9G50rIcxSbZFWzTCm78kSK7WtEcoBWFsdCKD3JZYqKGuACWkSA2xCKAQDACQRToVANkjYgAEDAAbBO+RBdAN86GSmMBeQ8gAAmUiR2A/ImxA+QC9jFQIoYuAYthQAAQNAIYQWNMSADWEnaOvHJ482PJ5TOLErmjr7e2Ub8lZrv6rJc5Pw+Dx8sryNo7py0efkVSdEpB4EFiojSgToQwBNspEpUUii1yFiTCwG3RN3vyNggGmUmSmilQw1SYNisQw1fcCkZ2UMF91FKXsYt+TTGxiavvY1Nh2sO1jyvpXe0NZHXJNCaHk9L+o75K+ozHyNcE8npr3Nh3mdgPK+1vbGlZCdGkSeT2Owax34NIqzWML4L5P6ORYt1Q/6eT8HpYunUnxs9HB0Kklos4T+0fOLp3e0EulfNH1cfTYv+0b9Nh5il/BfCf2j5D+mbVpX+CH0s6do+vfpuO/Bll9Nxva/4MWNz9NfISwtLa2jN4j6TqPT4p1R5WXB2Tca4ZHSXXnPF/kh4jtli2L6Sq6I1ji+mJwo63jF2e6GmOOSJpnXPEm7SJWP4KmOfYORtLHTJ+mEvLNTaZX1tA8dCcPgrPlUc3g0jna4Zz9o6BjqXUteTRdVbuzgpg3QTHpLqfnRcOoVUeV3spZHwEx66zRfsWpQl7WeP9QtZvdlHpSSboccaa0cEepdmq6p1oiY63hviiHgaIh1RrHqY/wC2y6liPpP2B4mjpjki9m+BYpupNDWa89YNXsiePtTfg96PTdPPBkbpUubPMzwglp2nwXUYwnGEUi45Ytr2OHK6lyQsvb5I1j1upcVBNSTtHDPKqo5cmdtqmyJTTWyE5bSyGTlZmpWDlYbkOUiFcnoO3uZvjw9vIakTHG62dGFdtaHGJvjx3Wgrq6K1kR7mLKlFHh4pLE9m39W5NQRY5dPX+qpPRd6OPpmnBM6LtG5HG05u0cmbH3KzeRlNuypryupwSu4nI8WR7aZ7U4KRCxK6oLOnkrBkb4NF003/AP8AD1fppDpExfTy/wCmmhPFKPJ6kkqMMkV7EX0z6WUoZY0fbdHkWTBBp3o+Fbak0j6z0LqO/pVGqXgNPVGhDQQxMAZQIGIGEFgIAGAAAAAAAAAAIPAAMBDQDEJugsBgT3C7kiooCXkRH1oryBqFmMs8fcl9RH8kHRYWcj6i+BPqGFdkpInvRxSztcsUc17v/kI7HkSZLyoxlJKNt8mMsqKOp5mifrNnL9dN0HfYHS8r9xPJ7s53JkOTsDoc17ieaMeTAmSsqNn1PstEPrZRf20jJrRnKPgIvL12SSezj+rKU25cmmSKRg+dEXG31WiMku5E0+R9tq7Jq45M8fk5Zq3o9CcG17mTwN+DcMcPaw+m5Pydy6ZutGselvTdMujz1jXEtFwwfB6C6NVvaNY4VFccGdV5v03x2s7Ok6btam1s6o4U+Yo3hjJapwjpFpFKJXaZCUSu0aABVQigAmgofkZUTRSAaApDQkUBLVkSgn4NWiaIOeWCL24o559FCV6PQoXbZGteRL02F3RcOgxxWz03GxdiIuuKPR41/avjRrDp4Rf7TooKM6ahY41pGiVC4G2QACAiKABNgDJKZJAcioYeCKKABAMYgsBtivYMnzoCiWNvRN6AGJAMKKGhAQOwWxUUgHegoAYC4ExkgFsO4CWASkZubHIyb2BTlownk9gyZKRx5cvFMjWNpZaZy5crfDJnKTfwc+Wagr/yBn1WdRVt7vWzycmaeSTlN2zTrM/1JUnqPg5HI78xl0JUHAndjbMu4AOACix6dWS0CYQ2gQCAYrAVsIaDuVcEzezOUmUtaORm5mfcxN2axjVOZLbYhlxANMQANsBAgihkoooGJAwQDSBjABWy48/BI0QOaVaMHpnQzCa3ZRLHF7JBAdEW2gZONmj4IMrGhNUxWA5EMpskBANoRQwBAgBIGMGAgAHyAAOrQNEEjGojoCR0FDSYCofbZSRpGHkCIwL7WnwXFPxVI3jilN8aJaMoY290bQwN7aOnBh+nLe9G8YIzasjCPTpJWdGOKSK8LRVJ+Dna3OSSr+SvGxpaCrJrWJsewcRmapLgYAQALkQ0FDEhvwIoYuAsL3yAOSp1yJsGROVeS4iu7WxTyJRtbZzzyN3TM3KVcmueWL00nlW0uTNyV6E3rbtmTdOzpjGnP93wKUtaZLlZL+SoHJ2K9k2BUDYJgwATZPA2FACdg+RomRUMLJsQFWAIAqQG0AAh6EAA0HAXQrAbYgQ0AmKigASEDY6AQD8gUJALyBAwTBiAGOibK8AIaFYFDsQcAQFAUuBAIpCBlDB88CTNIqwHg/7iR25tOFo48dLN3fOju6h/Vy4e3it/krFRkdRtnDO3JnodTHtjtHnvbJViSuBcMLI0dgmIegKsLJCwKTodkbGgKG2SPyVDQAkAFCb0FgAo7LW0Si0gaEjfFB2r8jxY75OqKiknRWbUuHaqIaq2b5V3QTXgzcoqO2UY96F3K+CXW6FYBOmxCtByQUhoSQ0A1dmsEKKN8cNFxKqKo6cWNtInFD4PT6Xp26bNyOfXTTo+mbabR7GDAoojp8agdHeiuVqqSOfPljG/gnqOoUVo8brOr7W1e2SkadT1at09I8+fqDRxdR1CvTOGea/Jx6ejmPQyddkm9ypexm+7I23ycCydzSavZ7GKK+nHXgw7z443jvwRLHS4PS+mmJ4k/Ax0nTy/pWL6bPSeBGb6d+Bi+nA8TJWM9B9PL2IlhfsTDXBPF5RCxM7pYZLwS8XwVdcMsZLxv2O54m/AvokHA8dE9m+DulhRP0lYHG4EOB2zxexP0/gaY4/p/AnCjqljfsS8ZdTy5e0VM6njF2fA08udWNSdGzx/Anj0NPLNZJLguGSS8kuHsHaxrN5brO+GzWGeny79ziUWVsuseHpLq32OLk6Zjn6tzr7ra0cbk6M3YPLTJk7vOyO4kAuHYNhTfCLhib5C4hJmkcTbNYYt7R0Qx14C4yhio2hB2b48ekbx6dtrQVhjwtu60dWHDV2tHZi6f7Vo2WH7eC4xenhdRP8A1Wo8IeOVu/Jr1uBwm3WrOfGnfsbkcuq9bpc6UEmdkZqjxY/bu2dEOrcdXork9KTT0TVnPi6qM3tqzb6sa0wmE4onSH3pktqwYbZLYMlgJuzPIWyXwRY5ZLZ7foGdRy/TbtNaR42TTOj0vK8fVQfszLpH2qY0ZwkpRTiyrCtBEqQ+5FQ2FkuSBAMQnJWNAMGKxN0BQCTsGwGBPcLvS5AqwbM5ZUjKfUJImmNnNLyJ5kvJ5uTPLv8AgmWfxY1cduXrYQ5aswl6jFLk8n1CVYHJaafJ5Ueqfb+6X8s3EsfSZPVYrg55+ryutngPqXfJP17d2axl7cvU5O7kZf8AUpSnVs8eWe0EMvkYPpF1yUF3O2T/ANQj+PyeRjU8i+Dpj0squ+TCuuXqEVw9szn18q0zOPRW7bNF0fjwFxm+qnPyH189fbwdePpYpbVmsMKT4QTHPgyZnOKldfJ1qMq5LWJXwaRggMYYnds1UaNFEqkNGVB2bNUkOhozWPQPGjQQ0xg4GcoHU4kuFjTHDPD3PbIh0ri7bZ3/AE9lfS0NMcawqgWJex1/TDsIrkeJVwP6FrSOhwKUaGmOVYa8FLCdPboKGmMFjQ/pm1AFZKBolQwAEhggAYCsLCAAsLAKEFjAEMQ7CGmUiBp7A0QmhoYEUNDoKMqTQmiiWSqloRVAZEsQMnyBVgIZA7BtEtktgU5bAhFWQMTYWS2FVYMlDb0AWFggICxWHyDABAnQ2wALEKwH4GCGkRRYDoNWAwYrEA2yW9AyHIBuWyZTInkjHk5smfToK6HkS5ZzZeojHSOaea/LfwYStzsixeXK5aM6dKx1bFP3ChtUeb1+dW40uK5OnqMvbBu60eJmm5ZG35N8TUqJO298k1Yho7suloKE2Hc/4OTudoEvYTtspOkyhElN0ZtpAUFqiO8lzGJa0ckiHkozcibLjGtHkshuyQLiaYCAoYgAqGIYgGhiCwGDFYyBp6ABAUnQWSMB3ocWK9AuSizPIjUiasDERTQgios2TswTNI2QOSMnybNaMmFIGDEAxiRVFCENgQAAFgAD8AAIAKUXQAlodDjd0aKC8omjNRsv6aRp2LdIqGKTe+CWiIwTNYYreuDoxYK8HRHGl4MXpZGMenhSfbtfJvjgr0i0i1SWjN6bnJdq8lKNLgcY3st8E1qRn20uAp3xopLZRFSvBSE0JP3IKaJ3obF/JAhvSCglsKQD1QgFYK73wAv2227LA/FsXcjGebemZSyNpmoza2nkrSZhOd/kiUrIb+TUjnelt2iO5LRDml5Du8m5GbTlL2WmQ1oUpIXeaQJ+A5WxN9zG3dATVMTG2S3bAExt+wmrSBeAGLyD5BsodiYolBEAx0IAXIyRhRYh6ZLAYCGAUKgAAKQnwC4ABNgDAQ0xAUUxBYAAUA7IEFBdgANCGwAQ6BDAmgHYNbAL0AAAAwbEUM1w/uVrRijfCvcItqsmuDXHLuz44/JLqx9F/wC3Y68lZrq9SaTSXDVM8uts9L1PeaSdWns8xumSrDoQwI0BAADHQeAALBAF7KGMmx2ENMokrwAMKsVWUouwioKzox4k+R4cdx3ybRi4vZUCjVFpoDDPPs4KjfJkUY6OOcr8kyyyZFvyFVY9E2FgVQ4kxdlxAocIuTCKtnRjgMQQgdGOHih4MVyPRwYEnwbkc+uk9N0/DaPV6eHakzLDjrwdcaijTjWndSMcubtT2RmyqK5PM6vqu3SeyVZNV1fV6lvg8XqeocttldR1Gnf+DzsuS3bZztdueRkybuznlJt6HJuT0XjxN+DnXaRp08XKaZ7eFVjXucXS4O2m1/B6CSXBGjiqKoEhrQAojjBUUkUkU1P017CeFexqi60VNc30I+xL6ZPwdiQ+0uHpwPo03pbMpdD/AJPVUQ7EMPdeNLo2ldGEumkm/tPoHBeUYzxp+DNjU7eG+naW0ZPFuj2smFNHPk6ePNbJY1OnmPES8NHfPHXgzcUZdJXFLECxJeDr+nsHHxRF1xPHfJMsVna8Qvp/BRwfSJeLZ6DxWR9Ig4/pUS8fwdzx0jN4t8FPjjcCfp/B2PE74H9JAcP0h/ROz6fwNQ+AmOWGL4NVjo2UG5aRssRRhjx3s6seJy4Rvg6e60d2LAl4LIxa5MPTO1ao7oYF5RtHCbRgkVzvSIYklRaxo0SKorLh6nplNPR5WXpXjb1r3Po6TMc2CMk9GpWbHz1JxMMj7Wexl6VexxZune1Wy6mPPeVp/JcOqne29fJWTp2vGzncJLxRFx3x610P+tXsebtOhOTB5esusXhB/UxZ5KyNA8r9weXrfXi+WJ5o1yeV9SXuDytLkhjvnNXyPBl7Mi7WuTzfrMqGVp7un7eDNWP0LosifTwd8o6O48f0jO5dFG2rjrR6WLumFbKdnn9f16wZVjT2d6x0rPG67ppSzSaV20VHodH1Dn9s3vk6pSUYybekrPM6OEo9S3Tpxo780HLE4+6KPJ/6q7k4pun7nr9LmeXBGb8nzsugms8l2/avnk9zolJdPjTVUgOxyo8rq/Uli6hxvUeT0ZX2v3PB6zpZvOnVqUrk/gD2Oj6j6yb8HU3o8v0ySucV4ezvm2oP3oDj6j1BQm4rx7HMuulJ/uOPqcMozjFt3KTbIwYp5JySX2p8kHc+rd86MsvXpL7dv5DJ0kuxutnmZcM4yS3d2yYrsXVyltol5/tbbMMEXOTStpfAdRgy/Taghg5up6hzjXdaPMyz2dWTFNT+nT7quhYeinn7nHhaOkSuT6jui7Z1T9OzRlGo3boP6Sf1px1LtV6LrOOTd0tm2PDkltLR29D0by4lNLTfB0Zum7ZQgk072S0xp00YRSTZ6GOKrR5WKMnLNv8AYrR63RwcsEZPdq0YaDqKvwEZx9zLq1N5Y44JvzIwimlOd6S4+QPTgk0N1Hb4Dpl/pRb5aOfrG5Z44k32qLk2gOpZIs0ieR085Sh3N6Uqv3PXg/sCYcpKCtsSyRk6Ts4upm8mWVajBcmWCTShO+WFeskJyS5Yf22vY8vPnnlyZHbUYOl8genGcW6sukeX083HJC3yem3qwFOcY6tCWSLdI8jP1H1JZMrb7U6Rv002s0It8oD0kxOcVpsHOMYtvwjx8mfLkxyyvVul+Aj1e+LemV4PMwNrqILudNXs9By7YhTnJR5ZMZqTpHm9Rmc3Ptb06/kfTuSnDue2gPU8ETnGHLCU+2DfseP1OWeaDkm13NV+APXjNS8lWef02R/VUW9UdefL9PE5AXLJFOrBTT4PGzZJSad/dLg7ME3HN2v8gd6JlkS5ZObKseGcvZHlSyyaUnqUgPXU0ws4cE5LIk/KOnNlWPE5PVAXLLFctDjNN8nlZsklBSvcnRphnKGWKbtPkD0+Bd8Vy0Y5cvZBtex5ubNNdrk2pSegPZU07pr2CzzsEpxnG2mmvHg6s+V48TlFWwOjvjHloI5Iy4dnjylOdSb+5nTgk4zVPT5CPTUg+rFcySOXPmeLFKSVujzcryPTbt7YHuxyRk/tkmWeT0mRxyRt8o68+ZxxtR5a0QavPDua7loFljLhnkzuKUW3fll4v9OUdtp8kV6feqZl/UQb/ccnWyn2PHFtXzXscTlJ6bIPX+pfAu45cM24a8F9zIOlSBys5vqNcspTINrFdkqaCyDVCbIUh9wUPbBB3BYFATdlIB+CW9jYqICwoLQAIYAAMFyJspaAaGICBpiYXQPiwpNkuSInOrMXlINJ5O0wl1CXkzy5kuWceSdy0Go3yZ7OaU5N8iV2/Yag7sLgX42VQ1GvBVaIJ7THPcYd3hcmuSfZG7SPJ9R6iTxqOOdVL7kak0cnWdTLLJx8I43tlNknfmYzQwQ/AG0bJ7KVLklv2HeuTljuqyb0yZTpcoxlOy4mtJTXuQ5Gd7Blxi03IQaAqE0APgQDAQwgGSMoAAPIAA0DAQxDRA6AQ0AxAOgBBQwbClRXDVCQeQi1wNrkhsqHBRlPkzNskb2YsIaNce+TFGkGBs0vcynyzTkia0QRVhRUEOUQrNFWFDAkKG0CAVBRrGNlfT+SDHY0jX6dgsfwNGfbs1StIOyjTHHSTVk1UqFN0tGqinp3f4s3hgqHydOLBGDt7Zm1cYYuma8aN44Ixd0bKNVo0rRi1ZyzjHb9ikh1XA/BnXSQdur8C7PkfKLXHAAlSBj8CT0AhgK7YU0SxvRJA1tCY7DRAgFex2EKT0T3fbfgUslWZTyt8FxLWkpqzHJltVEiUrM5P/BqRn0bfnhk3Ym+RXSNyM2k3sXBM3wJs1jBSSsVgxFA9klCkuCguh3ogV7At8AoisO4Btpdq+NiFyF7KB8h52AAHC0Jb5G0AB4EA0AEsb4EwBMdCFYDaGkHIgBiGACALAAQhgAIAoKAQ+BcAgGDAGAIGINlDAQ0QAAAANCY0A6ExgBNCoYwCHJ0wqkcy0bY5FRrVldCl/WR97DHtSr2J6BpdapPhWGa6PUJKWeb8tnmy5Z2dXP6mVvg4p8hYbYhDTI0Y0hMIsCg2CY0AkgaKAogpBSsXARQ0mxR2zbHHuAnGq/czqx400L6cYrSLg+0I1hBRQSlRVrtbObNlSRRU8teTmnK/knvb5FyVBeh8hQlrkAWmaVolGkUAlEuKY0jVRpFxNGKLs68cPZbMsULrR6PS4W3taNyOfXS+nxPWtnpYcVciw46rR0pUiuVoSpGeTL2phlyUjzep6ntTV7JSTR1XV8qzyOp6jub2LqMz7nbODLk3yc7Xbnk8uS3swk7JcrdGuPHf8mHaQ8WNSark9Lp+n7UrMenxdm62dsJaI01hS4NEzHuKUgrdPQ6MlLZopWEXEtMhFoItDQkUjSKSKJQ2wi0KhKQ2wBkSQORLkQRNHPk5N5SVHPkZmtxzz5fsZNbNmtk0R0jOhqJVFJIjWs3CwWE1SsuMS4msPokywt8HaojUEy4npwfSfDQniPR+mg+gmMT08t4eaJ+kz1v6dMiXSpl8r6eV9MFidnp/wBKNdMnyh5PThw4bfFnXj6a2rR1Y8CjwjeOMuM3pljwpLg6I40lwNRooOe6EkOxABSY7IHYFWKQWFkRlKFmOTAmrOliZdHmZcD9jnydJvg9hxTIljTXBdV4WXpFWkc0um3we9kw2YvB8E1XiPp5WJ4H7Hsvp3fBEsHaFeK8Mr4E8M/Y9h9PfgyeF2DHlfQkXHE0ei8NLghwS8EMep6FJrHKDd+T6To2nFr2PkfS8v082/J9V0T1fuRLHTml2x4OTI/NHbNKS2ZvGmWMpwRTgpVs1cbCK7VRRRk8MX4RSgopJIsCjNmU8cZPaNpGb5AeDFGCaikk9lyhaHj4LYHFk6aM2m1tDxdNDGqjFbOuhUBg8SraOafRY5Stx2d7Qu3ZFcUOihBfai/6eLg1R00FAeZk9Ng59/buqsvB0GPFBxjFK+dHe0A0cj6OD1RyL0qMJ5JJu5qmesFBHB0vQxw4o40tI1ydMntJX+DrSCgPIXpiXfTf38nZh6b6eOMfZUddDoDkn06adcs4V6dKMJQTe3yz2aJaCubHg7IJexGbB3QklpyVWdlC7QjycfQTxYowTtJ2d8cf2pHRQUQcHUdJ345Rjru5MYdE4whBXUT1WkFIDnWN9lWc2fo+/H2x027b9z0aCijy4dJPvhtpR/5O2eN9tWbpA1YHm5/TllxRinSTtr3HDpJLLGTX7dHo0FAcs8PdFp+Tnl0VxUU6SPSoXagPPh0co5VK9JUb/RtNPydNBQHnZegi1UbCPRdrjK9xPQoTA5Z4e5dr4ZlLoIOKS4R3UMDgh0ahNS9uDTN08csOyXD9jqaCgOD/AKfjck3trguPS1Js7KAK5cmBTh2y2jHJ0UZyTa4O9oKA449JGMlLyVkwLIqe0dLQqIOR9HjdfatEro13qV8cHakFBHNLBZL6SE2nLxwjroKA5V0sU1WqKlhUuToEBzS6XG/7RR6ZRla4OqgoDF4lLkifTRkuDpoCjkj06jJOuDX6Sltm1AlRBi+nhLlWL+kguEdAEGD6eMl926Inhwa+xL5OpmcsXcwMVGEVSH2KRosKNFjUVpEVw5cNbo55zcD1pY78HL1PSpxdIg4Y535NoZos48sJQtS5XsYrK1JK/Jmj1vqJj7zgjnXuaLLb5IOuyk9nNGezaMk9gaApE9yBcgXYWJAgK8AKwsAbASGA0i/Bm5UiXkING6M3OrJc7IcgKlkZEsr4TIlKjCUtkWNZ5NbZzTnu0xTm2jN2w0JNyI7X3XZrGD02tFdqvgiojHRSjstRLUNAZUEqirZcvtOPrM6x47v+Cyajk9Q6nsTVniTk3Jtvk26vN9bKnVUc5355w0LYNUweg5ZtACG+CCo1lJXohyM+4GzGN6pyIbARU0WMQFFCsQAMQwAQAAQAAWA0NIQwGILABDACAGIAKQxIGwAKsmykA0AIbARUeBDVAOSTTOeS2dNGOSNMozKgyRrTCN0NqyYFgTGNPZo0qM/JpyiKzkia2XLXJNEAkNRvkcYmij/IU8cDaOO/GwgtG0FbpMlRlLEk9EvG70jsWJt2a48Krua1ZnVkcUMDnVqjqxdNji77dnRGMbpMqVa15MWuk5QoJbKSBFJE1rBQ0tbH5H4IuJ/+5TSfgTQEBrgLoExXYFN6JQaE2UNsE+PYSAB6YyXdC2BRLDupETyrxQxNVdcmcstcGEpy7nvRN0jU5ZvS5TcuWZylRPcS5G8c7TciG+RSaaJGIpy5F3EbQWzUgJMVgxBA2HkGgrXyAmC0DuwKEyasb2CKBBWw+AAAodC2AgZS4FQCsdiaABsmx+AooQUMbIJEMK0AXoAEEVrwxeAHQEsENhQUgAaKBcsKGKwBioYWgEIbQUADsKsVUADXAB4IEhiqgQAC0HIANsSYAAMQ6CgBGsDNUaJoI6+njcZN8UYYGllde509NrDP4RxxdZG/corM330YyVl5Zq0S3aAmtAPYVoKTGgoQDGmSMC0wbIVlAAUMYQIqMnF2TYWB1RzppA8qezmsd6A6nm0c8pWybAqHYySqApByJFpFQJGkURWzWCssS1cUb44WTjgzu6fBbWjcjn10rp+nbo9PDiqtCw4qo6dRRpytVGkicmRJcmeXMoo87qOqu6slSNOq6mk6Z4+bM5NtsWfO3abOHLlryc7078cnmy8nNJ2TOXcykjnrtFwh48s7unwpbfJjhjxZ2QZFawjZajRMWWgo7WOMWhxLSAEi46EkWkBUWWnshKi4oqNLLXBmikyosUmFiAFJ2V3WSHBDA2S2Nsl0SrjKboybsubIMtyE0Q0aBQaZUKjVxBQAUYmiXAKOy6NRm0IuMSUi1aaNM6pQLqkNcBZU0kg7dFJWV2hNZ9o1CyqLSBqYxotIdBQTQSUIgkpCYEUBYrAgbYJiEBTdiEAD0TIVibCpaRLSKACHFGcopmtkukgrLs0ZygdGqIkgrmlFI5c6rg75o488bIrn6eT+tGtOz7HpZKKglw0j42CccifyfT+l5XkwKTe4uiJXteCQg7iDNRgrLiZs0iVDZLKZIEyM3yatENFDg9mhEVRSAYmMRFAhiABMYMCRUUJ8gS+SkTIaAYwAgBWEmTYF+BAmBQDEBAAAgGAAAAAAAAAAMAAQDAIQNAMCBNF0FATQqKqhAKgoqhMCaAoKAmgoYUFS0KixNATQiqE0AqChgBLDyNiSAQwoAAAAAAGBAAAUABYxEFIqyEUAWD2hABxdd08ZwbS+5Hg54NPaa2fUSR5vXdPcHKKIrxozadM1jm+TmnFxbb0Qp8USxXpY8yR0xy6PKxySd2bxzVtGTHpRnZopHnRz3Tbpm8MyfkJjtUhqRy/VXuWp2Eb2FmXcDkBq3Qu6/Jldk92yDZyIb2T3WIB3SIlJg2RJ6YCk78mT5LuyX7kaQwhHZaV+BpUFCXhhX+B8j0RUxXk08CSryRmyLHG7RZEYdVnWOLb4Pneu6qWTJSf20dHX9Z3ylGDtf7jzZbk3Z255RLuwQ2I6IACx6AHwKtjHplRzhYARoAAgGAgAYAAUxAAAMQwgCgGAgGIBgIAGAAAAAEDEAwEi1wTWxgUHJNjvQCGuRFIC+4jJwNbCatAc7BA1sEVGkGbHPFmsXbAHyaQYdl7KUaM1SlHuY44fJcUaxVImjP6ZUcZooOXg3xYWT0rDHDudROnHildextDFGOopJt8miiopoxelkJRX/A3EqKr+RmddJyhL4KUV7FUGyNJUUmVQU72HAAwDTERTsTYMNcEQhrgkpCAXyA6Jbp8GgPTYkxt8mcpxS5A1sxlkSbM55tUZSls1Iza0lkuzKck18icrRnJ0axztVdIUpa9yVNL5E5msZ0NkuTsTYAD2JcicrYMqB/kVKwYk/gBideQd1oTKHYefySMAYJiAIpEtD+Q8FCSCxNgrrkCkAJCbChNAyaGVAgoVoAoYcjBLQDpUJhdCsBDAGRCYAMBMLKRLWyg5YBwNO6CiqEORKYA2IbTGkACoYIAHXkTCwH4Ex2KwAABkB4FQxWAAAUAgGwAQWMQDRpGzNGkQOvDLtxST8o5L+5v5Nou8bOdfuYROTwUtonIVB/aAwsEJlAAUAAFAFhTQ7JQ72BQXoQrCKCyR+Cigq0JMq9AFVod6JsZECNEZotFDWjSKsmMTWK2ajNVGPwdOOFcEQgdmDF3Ubkc+qvp8Kk7Z6eDEklozwYaOtaRpyq0qM82WMVyTlzKK5PM6nqFT2S3CTVdT1NJ7PL6jqWk+10LNmbvZx5JUnbOVrtzwWTJq29nPJuQOTb2RKVGHeci6KxyuSdmLdlQIuPRxzujpjKkedB8HTCfyZ1fLthPezZM48c1Lybxmm6GpY6EzSPCMo0aRWzSNFyVF0QUijQpEJjTA1RSM0WmBYgsVgUJg3olsKUmZuXJUmZSZmtSJlyKh2NEaJcjoEUgBRGlQ0Vo0mpopRBGkUajNpKLLjjLS0XErCOwaxs1Q1oImOOgaLJ8lRNIaRQm0ALY6EhkBRLRZD2RSoRRLIpUDY/BDAdg2IPBlQJsBMBWAgbAXkTAPAVLYmUyShPRDZpRDiRpnI5sqOpxMp47YHDKL7uPJ9D6WlHpko+ds8aWJ2et6XKsaTMle5hf2IpmXTyu0bSNRzZS4ZpjdxM5F49I0LbJscjO9gaEtFLgTAm6Ki7JYoaYGgABAhgACBgACsTGAEMaGSBYrBAwJYiqEwCykSNMoYMGBAgGwQAAAAIQxAMBAA7AQMB2FkNit2BoAk7HQQxAACYIdBQAAwAloBtCAKEMAEFDEAqE0UIKmgaGBBIUMYEhQ2thQEUNBQwExFMS5AAHQAJgOgAVDsAIpgIAJkiZRVUWxMDxPVeii4ScLT/8AB4Lkkk/B9pmxxnGmj5z1PouyTklUf/AI4FlXgpZuPk5ZRcWL6lJUt/kzWno/V4N8eS1o8iOd3TqjaObn2Mrj145Ke3ZqstHkxzNRuyo9VtWEx6yzfJayI8v+pSZcerVK2Ex6X1ELu3dnnrqU+B/1CXkhjvUkJzOWOVVtieRWlFgx0uXuJyVHP9R+WHfrYGyloVmXdTH9RN1eyK2uvInK2qZmmO0BomUZp1vwZ5s8UXBtPIsat0eH6j1r3FcMjq/UHOTinpHlTlcm27bOvPKCTbYrE3YrOgdhYCYRQCsYQIboQAYgABoCAYAAAAAAAAAFgAyRgAxDALHZJSAAAGADJGQAANAFAAgKDgSBgPQCHsBoVgAFxZbVoxWmaxdgYTVMg1yp9z9jJlAjbGYmuMg3i6NlFVb4M8cHI7MWGT5VozaYzhib2k69zeGK+TphipVWi1Cmc7WpyyjiVp9tmvZRUV9oJb2ZbkCH2KXIbHdeSNSEotSZVBfzsZFCABJ7ZVANibom3YDsFfduqJ3ZSRA+eRNL5GDYxE/wOIv4C0kSBuVJmfcTPKt0ZSmaZtaTyLizFuxd3uTKRuRj0bdGcvyDZLkbkS01wyZO0HcS2VkWlyTa8CasPIQLyNiEwBiGnYcAABYaKCxNcDom6AdUJ6KsTdrQEgAIqGJhYALkLofgXkBpryJhQFBQMH+RAIAvYBTHYmFNgHIUHAWALQMBEQVYw8ibAYh/gQAILAqmFeRWNPQAAWIBgCCwAQxMCvAhJhYA+QEwAq7ExJgwGhiQAAAACGAWQCL8aIKiwN4v/TZgtyZpbUDKPICyCix5BY9sIsdDoOCgE1XgYmAgAAoCgBugKVCaFY70EAVoBoAXAxIZQFCRSQCVo0irQoxNIoIqKN8cSMeNt/B2dPibSpeTpzHPqtMWO0tHo4MSSWiMGGuTrikkdHG1UftRGXMorkjLlUE22eZ1HUfJLUk1t1XVVGk9nl5czbdsWfI2+TlzT9jl1Xfnks2Wmc8pOQSl3ckSaijDtIbfajKUm2KU7EjLUM1giYxNoqkStSLjpFpmaLS2ZabRk15NsUzBI0x80Cx6OF2dCZy4Ho6VwbjnYoqJmXDgIuyokItAWikyExlF2JyJbEQUp2JuxCsLhNkNjkyDLUA03YUAVVlIhFoqVQDS2NIsQ4o0igii0jTFCLXBJSKypMdkobAfcCJRSYQPgkrwSBSZRIXQVYqF3C7yBtEsHITkRQJisLAGhDbERQxMYiCHyJlMlgCEwsTYUCFYkwq6EwTE/wAEVLRDWjRksDGWjfosyWRR9zGa2GGajlT9iD6Lp3U/ydUuDg6edxizvTtGoxWchwK7bBKioJEL9zNGLtKHHgGC0DAkjhltENbTA0TAS4GQAAAAAAAmIYgEFBIVgUgM0/uNAATQx0BHgktxJaoopbKJiUACGgIEAAAAAAAhiAGAAAmhNFCAS0XZDdBB2BYAAQAAwEMQwATGIAEMAEDGIBeBPkYMBAABRQhiICgAAEwGIAoRQgAADgAAGABQAACAYEUhPgdABDVnPnwRyxcZK0dLRMkB8p6h0jxTa7deDy5wqz7bqenjlg7W6Pm+t6GWOeuCY1K8tRVFRTNZY6sjik+TLcH3JU2CbQ+fAIii2yoOokspBMNTe74KWVpaIQPgGLn1TTSpjh1lJvTfyc02m2vJjJKy4lj0P6zZX9WtKzzJN+BfUa5LjL1n1cWuSoZt22eOsjaGszXDHke7HPHdO17g+qgqXk8RdRJa7iJ55N3b0Wco9fL6gkrs8zqOsnJtJ1ZzzzOW5GUmm+TU5Dcm2S1saGzaICh0AAgavgAuigWiuSR2ENciE2/AK92BkAARoCGAAACAYAAAwAAAAAAAYACAYeQEMPIgGIAIGCAaAAoGCYBQDABF1okq9AKgAABsqLomi4qwHkVx+Tna2dkYt680JdM5zWv4GmOWMHJ0jr6fp5Oa9vJ24ekjFaR1QwqL0kjNrU5Z48EYrX/g2iu1cFpDjzRyvTchJydapFDrYVp6RjWsFUtAi4pKNITWwuF4FrY2hJU+Api/kYq2wHYr8MYNIBNWti7aKQN8lCaHFiTtCpeU/wDIQ5MmyZSSfJnPLZUtaykqOfJNvSJc3eyHIvli9Bt+GS5MV/AmyyM2hyC/t+SVrkTkjcQpSE37ugZD5Ki20o62yXsHwMoSW7Bj4DwESLVjbEAq2C2PwCYBwCAQDZDRTEAqY6pAACCgGVEeWNANPQCBjBhSQABUDQh2CQVP4CiqHQC5QqfuEtUF62AgACBgKhrgIQBQmABQ/Aiqa4AQAAAABYLkA4AbeiQBAPYmMTAAGIAAAAAAAAZI0AxAAAFgIBvg0x8GZcCDSXBlHk0f7TNaYE5CYyorIiUijZSTQWQkVQQNj8EhYUwEFgUFCGAmhFCAfgBWNICojaBDKGloaYkUo2VmqTNca2LHjs7MGFOtG+eWLVYMbfCPS6fElWicGGklR1wioo6yOHXS4qjPNlUULLlUUeb1PUbaslqSaXVdTbZ52TLb2GbLbOaczj10788HkyGEp2yZzbZDZh2kVKVGUpNhKVkojUBcIlRgaRiZtbkES0JIpGa1hxRYkh2RWkdm2NGeOPk2itlSurEqOmPBzY1wdCZqOdXRSQolWUUiiEykyIodiuxANsZPkd0FNkNg5EtkWQmIAIoRVWSkWUNIpCTQGozVJmqXyZJFoqNUUmZJmkSsVaVl0QiosqHQMYgFQ0CQwDwKxsjyA2xWDJIByJcmNoVBTTG2JIAGDYAQCAQEUwFYmyAlRDBsTYVImN8iXACAYmRQF0T3A2RQ5EtgyWFKVGV7LZDSa2B7fRz78Ka8HqYncDxfTH/ptHsdM/tosYrQYMaNMkAwoBCGxFAyXQ2SwGhkJlkADAAABDATAAATRPaWRJgFbKITGnsCkNAhlCZJTJYCRaJBPYFcAA0BIAxJ2QMGgACQsbFRRUQYIbQEikNksIXI1oIlAAxRaGwE2CewongDQBJ2MAAAAAAAE0AwIJChgAmSUJoCRjoAqaAoXBAmIbEAwAAEAwAQIKGAmAxAADEAAAAJktFktkVElo5Or6aOXG1W/c7mRJJgfIdX07w5ZfPg55QPqes6WOaDtbXB4Ofp5Ym9GbG5XE46oXbfg2lHyZ+SNpp7HFUy6FRBLBoqvcTAyyLRzyWzpnxRjI1BlWmZvk1kjOjUZsTdEd5UjNqmaZV9QXcKwKgYhhRQILDgkIYABQACDhgUgYrHyiokq9EjAyAAMtAQxAMAEAxDAAGIYCGgEAxDAAQ6JKAQUMAEAwIBMaYg4AbBAAANCHsB0F/bQbYUAh1Q4R7mb4sEpPS/yQYpfk6MWHvXGjrx9GnF2rs6o4oxaSVWZvWNyOfF00XUn4OqOKKV1v3KhCvFGiXyc701OUdtIaitF9oeSa1hJC7alfuWBlcFe1WOhJq+R3VIKTqlT2nsL0KSuhLSogrlMnyPjQPYA/GgsXCHVlQCbHRNANPgmb9kDaTszyZIpa5KNFKkZZM/hL+TFzk9W6IyS+TcjN6NSuTct+xMpf8AnZNuhXsuOd6Dnb50KxSf5ZPkrOrE9IEyZsqk2xLkTCwim9E1YrH3aKgBiq71Y+EUHgSegexcAAhjAQmUJgIdIQNADRIxeQGKwAAWxvXICKBAAAHgQDoBAN0GihBYNjS8sAFY2yWAMQLYEAMQwh+BAJ6KAYkDABMAYUCsbFQBYAwAAbGACSsfAAAJ7GIYCFYNgAAC5GAgHWhAIYAAAAAAUAIB0XBckFwYFP8AazNO2bcxZz+QCbJjyVPizNPYG2gslDAYAFgAAACQxDAYAgIBfgqxJFUUNDocVopRLEojE2hC2KEDpwwR0nLnavBip+6PRwYeH4M+nx8OtHZFUjrI49dNIJJCyZFFckzydsTzeq6m7SYtxmTVdR1O2kedkyOTZM8jlyzCeSkcOunfnkZJIwnLuJlO2TKVGHWQm6Rm3sJSskjZlRQJFxWzNrUi4rRfAo8FLky3DSHwFDIpo0Ub2RBG8F7gVjR0QRnCNo2xxfcvY0za2gjSKFFFpFZUgVtgl8jiEWtAAAUmFisAp2DdoXIIgTENvQlYaDCgGiBpDoEUaiJSGkNDo0xT8DQkUuSsmkaR0SikVFoqyLKCHdjEkNgOx2ZtjjL3ApiE5oa2i4zesJoXaaKLZSxjGfbLtE0bONIzmXye0NkthLkhy2Tyeld1EvKZuSMpSJ5X06PqoPqL3ONy+SXNkxZ07/qJkuRxxyA8rJi66++ws5FlZay/JMblbtiTMfqouMlzeiNNBMLE2RUPYUPyAEsTKERWbIbNWiJR3YHb6dkp0uT3OnZ870cqznvYHpBmuwZKdoZuMGAhgDRNFC8lCaIaNCWBl5NFwLQ0AANoEAgGxAAABAiWimFWBFA0N6YkUXEZCZSAbEMGQQwTG0Q9FGiAUHobCEyeGUS0BVjITLQCZJbJYAmOxIEwKaJaLRLAjgfIUACWmWSOLsBsTQxclCi9mhKVFEAAMAAA8gAgGCAQhsQAIbEACYwAQmNiIBAAAIQ2AUAAAACAgAGIAABAMQAACGACJfJTEyKzlGzh6vpFki3Wz0GiXG1QHyubDLHN60c0tPSPpes6OGSNJbPF6jpZ43fa6XJmxuVxsaLkqW4uyN3wZaDIa+Snb8C4Colpr5Mpqjoq9mORW/wWDCRnI1lwZvfg1Bk+TORrIynZuM2JDgSGzTATGSNcAN8CAAgGIGUCYyR2Axk2FhFcgkKwTKMrAAMtABAAxDAAEMAALAACwAAAAGADQgAYhiAYAAAABRA0MSKClQxo1jib8aAy34NY4XkS9zo6fpG33tOvlHdixLVoxelxyYel7WrO6GNJ8Un7F9qfgai9GL01OQo7dcF+OLBFJGNdMMK0NKkIBcAuRj0QD+BMTYKUfJFFtcVQXYS880JgDsGHgVWUNteL4EOxLYDsbYiJ5Ip1auiyIuyJ5Eo2YzytvRk+5s35ZvS5ZG3pmfN26E688/ki7ZqcsXppbSp7+TKb/wAg386JbTKwbk/YltibCwgukT3b2U9kvkA7tCsNUIobYlwCsfaqAQmlY+BVbAKKQ0/AmUJiY0DqwFw7GmS2NUAADF45AENi4HYCJaKQmihIGMQAhiT8DsBMPAAAAIAHf28ik9ADKCI5SvwSAA2JjDkBDQhogQAx0ELgORDsofBPkfKEAAABQDAQAAAAAAwEABoBBYxAAxAFMHIljoIEwsKEAx0JIoAEMAAAYgA0gjM1xvYGngwkqkdC8mGT94Ey4MuGavgxfIG0doEKD0MBiGACALABgCABgAwKQCXA0tiI0iawTbJhE6sMFfydeeXPrpWLFZ3YMKaDBivwduPH2o7SOPXRY8aigyZFBBOagts83qc7d0xbjEmq6jqWk6ezz55ObFObfkwnKuWcOunfnkTly0c8pOWypStkSdI5u0iW0jOTsUnYLZG5AioxsFE1iqJWpBGJaQhmK3IdFoUS0iKSWy4xCMTWMShxiawiKCNoIJauETaETOOjaHFmmVJFolFIIdFEjQFIGKxpgCGAAAgAikxDYvIUwGFANFJkoOSxmtEUiUtFpGoyaQ0tgkUuTTJqI6GNbCFTGtF1oVBDQPS2KX2Rcm9JHl9X6iovtjuwO/JnhBc2xYXLPG4qkeV6e59X1M05VGKuj28H2KkWMddYeLD2vZt2lRiX2m8cLUxjQmW9EMImXBzTls2nIwlsqxEpaMJyNZRMpR0RuM5SM3JeSpIzkiLIG0Q2DJZGi7qB5EvKJlweX1mSePI64TM1qPRlnjHl8kPq4pPZ4k+plN3b0T9aX+4jcezPrEuGicXVzlO7s8mM9HX02SK8Ga1HuY+qUkt7N45VX5PG7lzFm2HqNbMq9ZSTEzlx5otXZ0xfcrQUwQBYUmiWNsl8EFYtZEz3emncF8Hz9tbR63p+XvxpMJXs43cSzLp39psajmBDA0EIoTAREykNgZtaJxt3TNHwZpfcBt4JGgYBQqGMCaAbYrCEAABMlZNGtE1sCOC48EtFRAoTGTIBN7E42gSLQEpUhgxAMTExpASVF2JoIgWJoaGBNESLJkrQDhtDaJiqLQE0S+TRkMqAEq2CHYUwoXkoAEMlhDsCE9lrgBgJMZAAMAEIYMBEsYMBAABQSMXIAFAMgQqGACAYAIQxcAADAKQAAAIYAIBgAqChgQS0KigoDKUbMMuBTi0dTRMkRdeD1XROFtLXg4J41bVH0+XGpKmeX1fR1corXkljUrx5RohL4OnJCpV7GLVeDON6hoynE6FVmc6QVxzfKMnya5at7VvwZWaiJkjHIrOgymjUKw4Y2xT0xJm3MwTE2NBAAxAFgAFDExWADvYMSBgUiiCkyjEAGZUgAAgAACmKwABgIYAAhgAAADGSMAALGAkUJDS0AcjoXBpGLlwgqKNIwbaVPZ0dP005rulFqO/5O7H06VKjNuLjiw9K3JWnR34uniqvZr9LtVV/g0jGor3ZyvTUhU2kuEiqS4K7ftCqMWtSF43spK0JcjI0K8FJL+Raa2vwHDXyAw/ICdtgNfBN/I+ASV7/AMATy6DwNrap/wAAl7BSTvkbivDHWhCIQCsLqNsoHV8JA32+THJlVOjGeVtVezUjN6byy1aRzyk5yX3NV4Ig2rt2DlRuRzvRt1th3mfd8g2aZW3oixdwrsAb50IbJ8sBPkExBVBDsKbBf+QTooXb7iobb9hd3uA1GgJtlAQ9DSbLatCASVbY6E0GwFQu0pisqE0KxvWyQpiCwtAD2gtgDCBCsaBoBBYJWFAJByMEA+EK9hZP5Cq8CFY0AmAMABhYCsoY0S2ABKhWNksgdjEkO6KEFDEAAAAAAAAAh+AEAgAB2IAGACALAAALAQwAbEhsAoK2FgUNAKx2QCAExtgS2FgxFFWhxJpFJ7INYPkymqmaxRGVbsis3wZvk1M3yBUSiYclPkILCxAUAAwoBpj5EkUkAJD8jSLjEuIUVSNYRvkcYX4OnDjvwbnLHVPDi2jvwYEttbFgw3Wj0McFFI7yPP10WPElsMuVQVDy5FCFt0eV1PVNzl7UW3GZNV1PUWns4MmRsnJkcpXZjkydqPP129HPGCeRJHPKbkxOTlyS3RydZDcqRlKdilKxBuQclxiKMTZIjUhKJdAhma3IaQ0tgUkZUJGkFbJirNYxpAUkaKAoI2iioIxNYqgSKSKhxWzaPBEYmiKio8lIhFJhFAAwENBWxgMAEyKAYrHYUqGkCGAAKwKzTLiiEi0WM1SNERFGhpDQ0ibKTKikUibQJhGyVoGkk2/AoSMusm44JNMDy/Uuv5hF0jxZZu6W2Pq5SnlbbTV6+DBcge96JKKyzrmUdnt4k74Pluhz/RmmfTdH1MJpO+TUcO3pYcTkuDoXTe5fTSisaetlvMkzTi559N/g58uPtR2vKpLk58vDKPOyIxo6Zx2c8yNREnyYzNJsybDcYzM2az2ZNGWkMhmjJoKzlweb6hX05Hp5NRdcnhdc8k5tPheCLHBYWEoteBEdJVKRthyfelejnHF07M2K9iGkvZlZH2wsy6Gbng+7lMOoyaUVwZabYszSPU6fMpQWzwoS2d3S5FGdeGRY9e7ViJxSv8GtBUNEtGrRMlSIMmd3pkv9TsZxS5Nehn29UvwCvpcLrR0WceKW0da2iyudUFkjNIYmMRRIwYAJiSVgyWwjQTM4StmgCuh2ZTYRdgW3ZLKEwF3UNSsznwOHgDUTBDASQcADYD8AxJjASQMZErsCmRY07FWwKWx0C4AAoSQwAYgAAFQwAAQAEDQmiiWUTQcgxLkBlJiYgqmyXwPkAiS0KhoBgMQAAAQAhgAqChgAmiShNAS0CKoKATEOgAQBQBR4JGOgEFDCiCaAoKAmh0MAJCihAIKGOgICimhUAhgBAqE0UJgZOOycmNNFuavklyT8hXndR0EZpuKSfueVm6dwbUlVH0tHN1eFZI8KzNalfNShTMpq/B2dRCSySjJVT0c02vZkdNcWRU3ZzcNnT1CtXdHMUPlEST38D4E2VK5Z8iLmiDcYpjXBI0VD8CsBAMBoCiRgwQBQwAAGg8CKIoQwMhAAAMAAKAAAEMAAAAAAAABFJCRQCHQi0m0TVJIuKNcGGUskKjas7cfQqP7nbsbDHJh6Z5JLR6GHpFj5rnwbY8agqrRtFaSMXpqQox7eB6YNbGjl1dbwwSTTtMpR8tB+DKyDSVWH5HQe6Io8E0V4JbCqSfyHklMdlRTTqxJ1zyJSbTDyA3sSdjFwwASsd7FZQS1Ve4+3yQ5JJu+DCeeo6ZZEtb5JxxrXJzSyt6Tswk3OVtsSezc5ZvS27ZL/ACPVE29s1jlbov2dku0xNijK0EFiaYx2yiEVVEPkLCrk6RNeRBe9ANg2AmyoPI6EO6AlsKE7HegChgmwvYBYmAMAvYCQLkIJC5GybKG+KZP8jEwooA8Bw6ANi5Y2wsAAOQCBKgYyZAACsVgMOQBhSBMAsAAAvYAJDYigAVhYALyPkaQBQgbEgGDAYCAGIAHYgsAGxWJgMBIAABiQAAhgIYAAAwAAQ2IABhYAAAMAECAEADALAQR5BguRR0J6Fkegi9UwmriZVl4M5GhM0UKBTTJhyjZw0vkqMwo0UB9miprIpIfY34LjjYw1NUNI1WOyvp0XEtZ9ujSHNUNRKjplZtbY4o78EFSdHBjnTR6GKa7VR05rHTvxQSSZWTIscdnNDqHFHJ1eaVpvh8G/Tn5Lq+p738eEeflnY8km9s5skq8nHrvXbnk5TSRzzn3SBybZLZydZA3SMpSscnYkiNSElZaiCiaRQbkEUWkCRRm1rANIEUiKEiqBcItKyBwiargUEaKFsocEaxVDjGjRR0VkR2aKJKVMoIpFohItIofkpImyrAYIBAWqAlMdkA2AMVhQwQDSAdhYeQKEUuCaKjwVmmi0SikVmriyiUVRUABRSRUJWUh0ARpHg5+si54Zxt7VaOhOkRL7uQPk+pgoTcb4Moxto9r1Lou7/VguOV7nlqFeClXjwzabjFuvY6Ol6p4pq7VM19L6qODI+9aaow67tlnlOFJM042a+j6T1SEoqKnvyehjzd7/AHJ/yfBrLOEtPXwdmH1LJCqbf5GsXh9kpq6TCc9cnzWL1Zy5lR2Y/UoNLun/AJLqeXoTZzTeyP6uEvKJeWL8hcRN7MmaSkjKUkRqJZLByE2iNJYtDZDIqcm+DH6UXtpWbuqM5SS02Byz6LE7fbs4s3Qb+1I9SWVJHNlzpvSIryc3Rzx2zKMHfB6kk8mjOWFQXGw1Kzwv6eOvJLlbtjZHkxWotS2dXSO8uzjim3STbPV6LpuJSMtx6HT+1HTZEIqMdA2FWRJjslkVMhdPLt6hP2B6Ik2toI+jxytJnZinqjg6eXdjjL3RvCTTIxXZYdxnGdoWzcrLXuCzJWaIodhYhgTIl8FsmS0BnDTdGiZKgkOiiZbBclUGkA/Ah6HoDOSscVRTJCKTKMykA2JjEwFey1wZXsqLAsljACKplxDQIAAYgAYgAGAwAQDYgAYAAgAZUQ0TRpQqAVUFDBEUJUCGMBDAQAMQwEAwAQxAEAUMQBQihNAIBgAhUMApUAxAKgHYECoBOaT5DuQDAlyQd6GigM5ZEifrE0agY/WYvqsaN7C0YfUZLyP3GmOlsVo5+9+4d40x0NoVr3OdybJt+40x0tolyXk5237g7aJqqlGDYu1eKJ7H7hFNMmiqB7Q7FN0iaseV1+FyudbR404+V5Pf63N24pV/k8Gbt3wrJrccmZOnZyT5o788aha2cE+TSpoGPkTZRhNb80ZM6ntGUoGoxWQcD4EzSAYgsBoLFYFD5oYgsBodiGArGuRUICBoTBBQMKAAAAIAAAAAAAGAAAANFKNsBJDUbN8OGU3wdWPob/JLVxx48Hf5O3D0ipOSZ14+mWOEVFXXLOhRpLXBx66bkZQxqMVSNlBPHfm0OKsfbb8mdaxCi6LSQ0lXJTDWJqwS2VqgW+CB+BLzYBZAAAgK1RDHuimolVKVhQ7Va/5EEJaux2Amlegh2J/gLSM55aa2DWjqtsynnirMMnUPai7Rik3+7k3OWb0qeSUpPemT4E6QN6NY5XoeSWx3ojyzSaabvkb0vNMnyht2uUBNtrgUeB0gCixNux+BWACb9xsHwAgALXAQm3Y+AaTEUNA0G/YAFXuJ+SnvQtAC4GL8CoClQpcC2JteQKQrFdoE0ACaHYFDW1sVUwuvIMCb2D2A0AqoGmNiugEhiSGEH8iHdIkobVioaegAQUMTQUuOQoOAAQVsKGggAAaAQ6EP5AXAmym7FQUgBgAWJsKDwAhiGgAKGACoTHYUAhDYUAAMAFQ6BAAgQ1sAEAwooQDoQAAAwAAV+w6b8AIDRY20JwaYTUDNFiK+mDWDHFO0b/SQ/ppEqpSLVOAkqZcEnFoyrmIkaSVNkSVosErk6MT71Xscxvg0WJW6iiqQIdGmKEkFDQ7KhIYAwgChAmUVVPk6cM6OYakVHpxaaIyR71TRzYMyTpnWmpIlTHm9RCWJ/cml4fucE5OUj2+qxLJCmeRnxPE2mc66csW6MpPYSlbJI6wyooIxsuK2ZakVFDoaQ6I3Ah0CRSRFJItIaVFRRFJI1hEXaawRUOMdm8VohI1iismjSJKRaRUMYVY0iBoslIooBi8lJAAIYEDAAYUhDEyBrkpEWNFFFJEouLKhdrsaRa2NJFRFDRbQKJpmiJoiEi0ismikJIa4CAaQIpFBWhNDbolsgmcUzzuq6FSlcUelYmrKPn8mGWOdeByx3E9nN06kt1ZxT6Z42+1WgmPIy42mYu0ejlwy5cTlyQafATHLbuzSOZx4bFKNGTjRNXy6YdbOLfP8lx9Sn5OEh2NPL1V6l8j/AOpM8gE2NPD136gH/UE0eVbDurnkaeXpPr3dC/rpWeY5Nh3OuSavl3y6xtcozeeT5f8Ag5E2UmNPLf6r9wU7ZirZaGp5dWPLGK2tmeXIpMzjGTv2LWCcqqLJq+WEnb0PHilN6v8Awd2Hotpts9DF00Y6aM2tyOTpOipptW2erDGoRqkGOKhwqL5I0QhhYEkspiYVk3b4E9lskyPX9OlfTJN7idfdSZ5vpkrlKPwd83SIxWmLLR0qcWjz4SZopjUx2qUfcHkivJxfU+SZSbNaY7vrR9weePucSbYDUdn14i+vH3OOxNl0dn1o+4fWRxdw3JryNHX/AFEUTLOjluwJo6P6lIf9UjkaTY+1F0dP9Sh/1CZytAPRjrXUpaH/AFMfc4goejHb/Ux8sb6iPucFbGPSY7Fmi3yWsiR5/cV3tE9GPQ+qg+on5PO+o+4v6jS5L6XHoLIh96PMeV2tlrLL3HpMej3oXejz/rO6spZXXI9GO76iE5o4Hkdg8sqHox3/AFEvIfVXuea8krWylkZPS49H6qD6iPO+o/cuOR1yPRjtWRe4+8895HfIfWfuPSY9D6iDvR5ksz9xrO65L7Mel9Re4PIjzPryvkqOd1sejHofUQd6PMeeVsP6iXuT0Y9NZEP6iPKfUu+R/wBTIejHqLJEO9HmfXfuH15e49GPT717h3o8p9Q75H/Uy9x7Mep3oHNHlPqZIP6iV8sezHqLIvcfevc8l9TIl55+Ce1x7H1EiXlieO80/wDcxrNP3Hs8vWeWK8h9ePueQ8k/dh3yflj2Y9WXURXkn+ph/uPMcnXIldD2Y9R9SvcS6mPuebbvkNj2Y9F9Qvcn+qicNsWyejHa+pT8h/Ux9zi2FF9LjqlnT2mSupp7OenQlF7J6MdX9SvcI9QrOVrwOMfdE0x1SzR8kfWRjTGoE0xr9ZUCzIy7dCUX7E0xv9ZC+rF+TPtdBV8DTGymg7jLtY0mXTGnfoO4jtCqGmNE7GZ7Qu52NMbB+DHuYKbJpjVurMMk/kjJmkuDlyZpbphcR1kouDTkl+Tx5tLh2dfUy77U9nFI1GpBJvtr3PPyKpM9A4+pjU7RpWC4BjpiarkokGtDoTfwbiYwmtkG+SOjFlYsIACzSAYhgAIYAAABQCsB0QR4EMAoAAsAABEDAASAAHVBQCKUbKjjctJHTi6VtpPd+xNHPDFKT0jqxdJJq3quKO7F07i01Gvk6lBexL01I5sOFRjx/k6opJJUOgo5XrXSQLmh0/gajsrtMKXAxOPyV4Cj8B7VtMSdMp6SqgBCugt+aFIBie+CV7FL5IHsXA2xXqyhqhNJoE1ewlYE1SYxcOhTko88gU/2mbdbbqjLL1CUWo3a+DmnlnKS3osiWtsme+HZlN9y/d5I+QRucuV6PVg3zrwJkm2abfwFsTAMjYabC1Qv5KBxFqwsS+SKYJAFgOtEjtifKCiwsPAgC96EOvgT3KiofgB0LgBoLEgsCXaCxsTQDT0L+RJ+PIU/YAfAo7GkOqAl6YKin8k8PRQ2hVXkdgwJY2tC8jVlCrQIGBANsEAgHYrAErAKChsRUKhrkYuAATBMGFAuAsTYFCYf2hYAmAgsqGxBYwpIbEuQkyCWwsGICrJGACGAmAAIYAMVjYCYA2AAhghNgVQqHF6FyA0CQ4wctI3x4tUVKxjEfabSh2vRFbKmp7BPHs0QNUDWf0yljK8FEE9qQJKxvY0qAaWg7fgLoaZUCQUC5KQCoTRdEvkzViUrCHL9ihLUjDbnyLbI8G+akznKCkVB0SCdFSuuD7uDRHPgl9yOk3GaViewYIrJrQciAB0FAmBUMAGAR0deDJumci5KjKmEehSkjj6vAskGjpw5bVGkoqSszYsr5jJjnjm4Ti017gons9Z0yypuvuXk8tw7XTVNHOu/N0ootIEikZrpANIBmWodbKS2Sky0mFUkVFCijaMShKJrGIkjSKDNOi4oSRaRUUkWiVodlFJFErgdkFIBWARRSJRQBYxDCgAAAED4sAAAQeQKRSJSKRUUnRaZmuBxKjWxpkbGjTNaxKozhZqVk0h0JFJlQKJVDQBGbRLWzVontAhIdFUNIBdtozeM24JewOeeGMltHJm6NS2uT0ZR0ZtaI1Hi5eiVnPLorly69qPdlisTx1FoivnZ9Hd0jJ9HNH0MsEX4J/pgPnZdNP2J/psnsfR/0qb2iZdIvYK+deCfsTLBP2Pov6OPsQ+kS8AeB9CdcDXTzlpI93+k90UukSXBFeHHpZr5NI9HkfC0e0unXsi1gS8EV4sOhk3xs6odClG2tnpLEkV2Ig4MfS1ybrB8HT2JDSAyhi80aKJaAgkaB8CQAxMoT4CoBoBNgS0JjBkHR6dP6fUJvzo9PNxo8XHPtyRb4TPYx5Y5IJpmWbAlod0EpJGUsi8EQ3k2VGVnP3fcNZF7lR1JjbOZZ4+WDzx9yjpuyGzFZ17h9ZPjYGoN6MfqjeVMC4t2XZksiH9RAWNsx+qhfVj7kGyewsxWVLyP6qfkC09jcjNTRTkmA0/uKb0Rr3DuRA0NkOSQKVgO9jb0RYr2BSH3CTJcvAFJ7svuMk6E5Aa9ybH3JGHd8ilkdAbdybCUkjljP5HLJ8mVbd2+SvqJOnwcvd8jc7A6FJXdg5r3OdP3YOZRo57H3a5OfusTnXAHQnvkpT7dWc0Z+7oTy7oK6XJNjUlXJy/UD6hB0WrH3JHMp+4nkSQMdP1FY+9UcneiXN1/4Bjr7k2PuVHH9R+5XfrkGOm/I+7Ry/UYd/yQdVqxuUVZxd9eQ+pfkI6+6LH3I5FOi+9PyUdKkhuSRywkt0xvIgN/qK+ClkXByrInwPvrkg6HNDWReTl+ouQ+sgOp5Ij71WjlWRcjeVFG/wBRWP6leDlWRFd+gN3kXsDya0cv1U3yNZI+4HSpr2KU/g5VlXc1ZX1FXIG/1X/BUcto4/qK+dFxyIDqlOhLJ8mHf7+RrJH3A3+oEZbOd5IvhjWRe5B0uY1kSOaWSKW5IlzVclHY8sUH1EzjUu5X7Fd5B19yEqbtM5JZHaVjUtPbIOvRMmjleWXuZvO6enoK1yb/AIObPKMU35Xj3Mp9YmmrVnHnz97qL/k0uM8k3OT/APBFaDdjorUSznzxTd+UdDRjlumWDlexFSjr7SaNolktF9rYqa5NQRPaMGjooxmjUYrOgodiRpkDsKABiCgAAAAAqyRgQAARQIYAIAGlYANIahZ04emlKW06Jq4wjFs6MPSzkk2tHdi6SN21s7McOyLSS2ZvTUjjh0itPzXB1Y8UYLSRr5sKs53pryE2NglRSWjOtYmtDXA60NKyKmMW27ek9fgprfIwAErY6VE3vgbATSD/AMEjS0A0DCh0AopLwOt37CE5UgB7a9gaBcCbQBdLY+/3McmaMOWYTz3wWRNdOTJ2p+5yZMzk2rIc3J7fIu1Lfk3OWL0W3z4EO006Jd+S4526q9Csi7KTSuzSG38Et7H3Jomih3QN2hWPxsITbFwx0J8gHO0KhgRQkC5C370NFCAYAIKGxAAvI+AAED4BgmAmKh+QdsBWNEsEwoa3Yq3ooloqKfFBZLYIBktloieuAGgbFYWAgsfyFoAAAbQCB6SDTBq0ArKS0S9UCdANiBO2DKhiYWKwEAcgRSYMLAoBDEAWJjoAEgsAAaYWAgAEIaABDEAAFBQAACAYeAQ/AEgAAO9CQDAEaQjbM72bYyDaEUmjZJUYwNYv/BdSnKNownGmdFoia1Zplggob0CYAgvYNkrkgqxtiQmUHktEodgUNSoiwbCrc6BNMzeyO7tZmrGzdMXcrRCyB3bMtH1K0n4Obyd+SDeBSb/g4ZcgSwSbZVWXGNMqNcKqPyaWZx0hpmmWgqoSCyoqwYmTdeQYsaM+9LyJ5UXUxuKzmefYPMTVx1Jrywcl7nG88vch5W/I08vRhlUWnZ0w6uDR4n1H7h9TfJLTy976kJbi1Zx9VhUraX3HAs3zRa6qSXN/kzWufgUWuQoqWSM1rn2EtnOvRyEh0OI6I0caNEiYmkEA4o1joSjbRaRUNbNYxIijRFRVUOhFANDEh+QhoaZJQFAJMaYDKXAkUAIeibHYADCwACSmKigBAUkECY0xUOMdlRUTREpFpFTQUkFDRWacUaImKKqioZRNlIqHwCYWKwikxkrYwBcjEgsBtWLtH3bH3AQ0S0aPZPbZFYtB2WbdgdoXWLxi7DdoloGsXEhxNmhBdYOBPadLRLimyDFRK7DSkhEVH0xONGgmiKyoTRpQnF2BHgENoOCBgITCm9k8DQmyABiQNhU1sGh0TIgkHwFgwqG6Guqni/bQpcHNkRmmOv8A6lKS+5qzOXqK4pnBL91kS+SL4dr9Qfhg/Ua2zzxNDTw736imif8AqK8HD2qiXFWhqeHor1CvcuPXvhHlMF8tlPD2P69Jb2S/UTy7daC2uRqeHrf9Tf4Jl6rKSpKzzLbQdrQPDv8A+pSt2C9Sfsee0FA8O/8A6i7/APoNepS4o8+hrToh4ej/ANUaXDbGvVn7HnMmqB5elL1Wb8JAvVZVutHl8saXIPL1f+qS1pEf9Tnejz6EweXpr1Wd/wDga9VkeWkNpkPD0/8Aqj3exf8AVpPTjrweZQ6YPD0v+qzirT7WT/1OT88nmyg2JJlPL0/+pyWu7/gmXqMpKm7R54JbC+XoR9QkkP8A6jLxZ5/a7CmQ8vQfqMq4IfqM7SOLZLi72Q8u59fO6ex/9RaOHsYOHwVPLu/6lNf22J+oSfg41EntoHl2r1CVOg/r5+KZxcDoL5dUfUZq7Ssf9fN/g43ESjXAXy7f+oSa2H9dL/8AicbjoFEh5df9dk92P+vycNnJ2h22Dy7F18tcD/6g9/acXYHaU8up9bL/APliXXSs5aKURh5dS62bQn1cnTObtE0MPLq/rph/XTuzlSbH2+aB5dX9bN7HHrpqLaVv2ZyV4Gk0gnl0Lrp2m+WH/UJKWm+Tma9wUQeXUuvu+Ry66TSULTZyVspLRU8t/wCtyL2+RPrssmvFHPJOyaB5dX9Xk/3A+sycWcqHTsL5dP8AVTS5Gusmmco9g8uldXk7m3Q/63JfwcoMieXUusyDfW5PLZypA7B5dX9dP5GusyLycdlK9ExfLpfVz9xrrZrlnNQdvJV8uh9XNy5H/WzXk5u0EtkTHVHr816rt9mOPXZXS4tHPSoPbQwx2f1s0t8i/rJ3ycgMYY6p9fkSpRv5sh9ZOSpaMO0niTJhIeXJOXGioJ0m2JqzSEaKuHLT0NeGNrwxrwiiWiMkU4m1aJmtMsHnzXayJbN8qOd8m2Q/yDWtjWiXvRYIfBjlTs3ZnNa2bjNc4FMkrJgKwZUOwSBDAAoLAACgaAoXaxdrOjtpCpHPW8YUFG/07eilgb4JqY51GzSGJtaTr3O7D0ab3wdOPp0nSiZva45+n6O6bR3Y8ajykXCHalRSWzneq3IEqQxvTBKyapclaS2Di7HXuFKxrYNcBQU7GvyKh2AfyJg27EQHN/Aou15H8AqQDrVC7WO/YVlDB6JBsAbF+5ccCbSWzLJnjHyMTWzmktnPlz6fbz4OfJmlJ6Zm5N8mpyzelSk5bk9gkQnfPgq6OkjFovY2yL3sSdsrK9C5EN6CJYgexlAg8fIL8qwQQ6ALoO5dtlBaB1QrsEQHgQBQB8jAWyqbfsIAbICxIEK1asByGhNhx4AL3wHIm2wsBsVhdhQD5JaooTCkhPdbDyMoSQmUKghA9jbEAq9gQeQYA5BYmthVAO9E8jDSAaoTBMXkILAAAaQgugWyqBeRsTAAEDIBghDQCGmIChgIAAKAYE0FDYgEOwFQDsBAAxMAAQDEAwYAAgGwARSVreqEC5+APTw+ldR1GGMsWNNtJ/u8HO8bg3FrcXR9l+mYRy+n4/tSp1/BwfqX0r6Ev6qC+13dcszR84kbQMf/AAUpCDbRMlaBSGajLGUdGSbOqSOacadlQLY6ohOmX4AdhyIEAAMAoQAHhhSbozkwk9ksiiyk7M2w7qIr0cbUunafK4OCemzs6KpRlbrRy5lUn4IiVRopROdv5DuKOlzVEPJRh3CcimN/rMTzS8GNibKmN/rNEvLZjbAK1eQl5LMwApyF3sQEDcmFkgBVhYgAdjUmiQA0jko6MU+7Rxo0xyqSM2N813xRVChuKZcYmcdRGLvg1jGgjE0SIHEtKxJFJ0A1opMQ6CGWiUiloCkwJvZSKGNIENEAkMdaElsBoqxAUFhdhQcAAWKxMqK5HZFasNgWnstGKNIsqLRSdE0OtBlaZaZlE1iaRSAAqyoqLNL0ZJbKsIZSZFlIqKsAoaQRUdIdAABwJg2KwDyFDWigFQxNisC7E2ibJ5IG3YgKSCoaJ7TUTCsmIqSERSoVDBhSoVBYECoQ2TJkUmhUFisAokvwSyKCWivBIVLFZTJaogL0TIYmRSQ0tACIqZ6MMkftZ0SVoxktEWOSUdkyhZvKPwRJexl0jDtQnA17RpEGKgHYjaiaAxeJJi+mbVZSWioxUKBxs1aBIDJQH2mi5CiDJw2UoLyaUKgM+1WPtLr4ChohwYdi9i2IujN41Y1BFNAkwhdiolwNa0S0QQoobiUkNoDNRBxLodAZ1YONGlC7bKMlHkaga9odoEduhdhr4FWwM+waivY0oVEEOK9mT2mqQmgM+0O00oaWwM3jVCUPZGwNAY9o+1LwWvI6sKz7VQdqLkqEkBPaPtLUfcYGbj8MnsNaFQRCgNx1osCiO0TgjSgZBHaktE9tmgJAT2pITRbQq2BHaCiXQJFEuIqo0oKCMu2xdht2r2E0Bl2gkXQUFT2hSKoEioSiNQ1Y9PQ3wBNCodDX4AntKUa8F0J68ERKV+Aei1wLlBUD7XspRG0AooGOr4F2tcsIUVd72Jlr8CqwFY1G3+RpFpJEVKjRpGIqtlx+QhNEpbLeyVyVFeETJWmU+COSjkzulrkw0dfUQva8HNJGoiGSV7DpUaRkyZcGjRnPRqJWLRDLnozs0wAAQQxiYWA7GiRlFEjsEB1duhwxuTqjox4e5Lu/4OrD08Yq97fk4a6OfH0ya4ZusKpLZ1KKS4odIlq4jsjGq9ir+EOhpGK1hc6BLZVbEZBXAIYUVQ3fC0MHsKCj2GLgTeyh+QbFYltgNsBP2H4IhWAh1sB6sTBMznkrnVAaVt7VUY5cnYt+TCeeXdrgwy5ZSau3XBucs3pv9Zt8mM5X8mdux7NzlztOtAx8Em8TTQCEEEkCVLYDYQh8k+Sl/IAkv/4FdqYrCyh9qti7Veh3atMhQqbfuBWhNWN3RIAo0gHbACfwMbRNuwC9jEwVgAmN8i5AQVsF5C9kU6Vg3sGTf+AitCaQIApIAAA/gL+ACghXYDpCKoAGIA5YNDACdhsb0hW3qgFYwoVgD4FyHIIB8Etj2JrYB4AGxFA98FIkdgNibEABYmwEADEOwAAAAExoT5AYWKwAAALAKCxoTABMBcgMYgAYhiAAAAAfImIBtFQRC5NIutgfcfpB/wD5SSu0me91OCPU9NLFJK2tWfM/ozMvo54XvutH1SlqzFH5t6jifT9XPE/7X7HMmex+psaj1s5JbbPFskGqLTM4vRaNwqjOcbNL2RNpF1nHO1TBSHOV8GS0VcauQvqIyciXIGNvqbB5EY3olyZBu5i7zn7mHcwrWUwUkY2FgaSkie4kCK9H06dyr4I6xVkZn0Mqzx9jp6+FZL9wjz5Ely5MwAACygAQAAAAAIYgAAABgIYAAAAAAAA0SUuSLHodNLuxo64o4ui2qO9IzXaKSKSEuS0iKcSqBIdAJLZdCrZRAhhQ4qkAFLgVFeABaGuRIYGiegJGA1sdCGVAJjEwJ2CGuAKhoKBDARSBIpKis1a4GJMoqBFolFWVDKRCLRUMaViKRUNRHQIYQIpCAIbYXolk2BQ0iU9lrgARSEHgAsGAmANiALArQWRexrZFOwY6EwIYihMipEVQMioaEytCYVBMyiZEVDEU0TQU+4S2DBEU3pEscmSwE2JjoCKVCodgQIAERoMzkkzSRDRBk4kOOzZqiJEalZOJPbRoxNDFZ0LtNRPgmDGh1ouhtDBFCoryNICEiqsYXQCaJot8CAXgKENECoTiUDAza2UkHkAK8EsaBgTQwBhBSQaBsQBQxDRQwEAByFACIBiooQBQNIBMKFQ+SQVoCqBivYSAEIBogA0MPACsEDBFA/gRRL5AXkpCQ+eAg8/ImMTAKBcjEgGyGyuRVaAFwPVoTWhfgCvIxccgmUDehPYnyS3sCtA9pivQwE+RNWNsaKhxjoTTp6Kslu1z5AI/gqiVZUV52BS2hOIcBugBIVFJ2tBIgSTApbHQE7oO3V2U0Kr8AJRdB2lpJe4UESloKRajoTW0iAiixcAAMl0y17ktbCBcA1oQb+CjLK9c1fucrajKnGzsmrTtHDP9zNREyr4EN2CRuMkkRNb2aX2kySfk0Vy5FsyrZ0ZEYMrBCAChgIfgAGhFWUHgAQyaY+gjj7XpGkdIr3FTR5ddZFPYuBpDrYaSr/gpB4FZA72JvY0g0AxA3sLsAsaZIFU3yIKYKwFTHHXyMnfgC++qJsAdJDEC2KbS8mOTqO20jmeecnvg3OU3G+TOlpHNLK5N2TLbsh3bNeXO9G2m+dBKnwTsfg3GNHBSZF7GnsocttfkTtMfgFz+QDwCQwAVBQm2pfAwhUCHywaAQcj0xpUBPBSfuLTbE9AOxL5EuAAoP4ZKdFWQIK2mFhZQaGqJYJ0ApafArHLYqbIG1YmtjQl7AHGxIJPwMATSDyMT5KAQ/AvJFA1wIVlQwaoSKfAE+9i5KbTYihWMVAAMkpieiKLFVgADoloL9xt2tACBiTC7AloBsRQAAAMAtC7gBi8ByFAIPAeQ8AAWAAADACWA2heAEMQ0BSE2HBLAdgIKAdgCBgMQrCwG2JAFgMBJjAEVZIID6f8ASU4rJKN/c1s+xi9I+A/TuX6XqWKXl2n8n3WOVxsx0j5L9S3/AFcm+HwjwHye/wDqldvVprWrfyfP3ZIq06NIy0ZRdujojH7bNCZSpWcuTI22VnyVKjmcrZRbyMXezMCimxJiEBdiYgABDABAAAAABBphk1NUep1P34IyrweRF00ev3d/Rr3VgeZLkzfJpIzYCAAKABAAwAKAQDAAEMAEMAAAAAAAAABAAWPQ6JVFv3O+J53pzttHpQRzrtFLktCSKSCq8DQIABgNIaRAIpAgAaGSMCkMIoYDQIkooqxCQWEOxXsLFYDAVjKhooVAUNFoiJoqKyaGNDSKhIaKoaQSlFFpDSGaZIaAEBSKsjwUghhYCAcnZBQqAFyaRIouIQwAAAAAKkTKJYCNYrRkXF2BT4M29lyZmyKLAQyKCWUTICbEwYiLCZI2IigllEsikw8AD0AmJoGJsikIbEFIAAigTYyZckUm7JKZLAlktWUxMiool8liYUiJPRZMkBKKEMgQkOhADFf4KZNBQDQrHYQvhi8lcgQKgoEMDNpXYR52VInyBaQMSYMBAxiYAkDGS+QAYmFgMEC4EgKEMQAAhrZFAmMUkAIPIrDyAB5GJgCQ0CGAmNPRI0QAxBZQPYmMAifA0KhgMBeAQBV6BjACR2D0SEEuQToGCKokwT5E+RpoAYmhpbGEQuRhy2HkoKKTEmv8guWA3sO0dINgIuPBCey0A2Lymx+LDlAC5FIY2rIgjwUkKK0NEA1+BUD52VXyUKrQDSY2gFYMBkC9huwTrxwO9kCbtVqxNDrl/IiiRghssRM1cTgyaZ6FXZyZ4XtmojnC2iqRDuzSJ23sVF0DKjHIrWjma2dc0cuTk1EsS0IdiNMhIYhgIYAAyoqxJGuKO9kqx9EgSGkC0jyuxp2ArGAnYIUnYwHehWkLyJ8gALkaQ0tlCCgapgBSoWhCaaCnKNtOx6Rm8i2r48GM81+S4lreWSMednNm6mtJGE5N+TOTcnvwbnLnelSk5Ln8kt06F4HRtz0WLQl8jSVBB+A2r0Jcl+DQVeRNaKfArANgkC5Y/wAFDELd8ip2FOSsKfuJ/wCAekA/PI3tE1ocdECaoLKexVsISboTscb80PwAqYkmDvwPYAkOib4GtogTe69wB7aBsBFaS2JLyFpooLC9g0LgCuSWgi/cb4Ah8joaQMAChDb0AhMbZLALEuaHXuLwA+PyDugVDTASQBYrKGDC7ABcIT5BiCkO9BQECYDoTQDXAmK6CygoAJsBgAMITEMGFIA8hYAAAADFY/BQgHZLAG2FgIBgKwIGIAAAAAGJgAAJBYAMBDQCGAAA0AAeh6O1j6/DJvmVO3wfoGB3Fo/NsGT6cov2a2foPR5e7HB+6Rmo8T9WxcZYslartPlW6Z9n+rYX0OOaVuLPi3/ySRWuK+9M6cuXsx/Jjg/bfkyzz+5r2KMck+57MwfIFAIYigGIAGAgAAAAAAAAAAoBx5PU6Kf/AOWlFnlnb0E6l2vhkGOaPbNoxkdfVpqbVHJICQAChDAAGAgQDEMQAAxAAMLAAAAAQAADAQ0Fj0PTP3Sej1Io8r0xXkkeqtI511iqGuRLZSI0pCCwAaZSJopAUKgFYFUMSGA0xokpMBhewAodiYh8hAgYICgS2UC4GEAhjSNIaLRKVFIIqJouCIo0KhopIlFIrIAAWyoY0HgAApCRVBAIYaAQBQwBFJEosIAGACExgFSwBiAQ46AABuybGBFId6FQPgiixMVibATBibJbIoBgJsKCWxtkMiixN2FCIoJ8jZPkgbYgBhQCEBFNklEkUmSUJoCWSyhPgKjknyWS0QImymTsKAGBAhMYnyAWJgLyAmKi6EwEAkVQAuQAAFJEosl6IB7ENDAQihMoSE+R0JkCGJLY3+QC9DRIJAUAh2FAAABYmOgaAkCuBeSBIBiAa4CxAADFRQCBB5G0AhMb5EyoQUHbe7GgFQ0hgiA4fP8AwKwewoBNNiosFXBUQwG0KtBS/uKSJXJSZQAxiXFhComnZYUAlVFqJNFL8ADXsJIpoSQQJJIL+AGlYFLY60HaFAKhoYXRAFRWiVyUnYBQ60CDyAgGJgIbBFMBJAHlgzIT5BukHkJcFExe+C759iIoo1EJcv8A4OfqFpm7M860aRxWKglpuhJ2ioBcjrYvJRMkjnzQ1fydDZll+5GolcrEU+RGmAkMAAYr0C2V265AI+x0RVIwgqZum3bpGa1H0HwMGkt3di7vg8zqGKwk9fwIgdA+RWCtsAsYIZoLyO0KhS590BemS/hCTa1XizKeVrii4NrVmU88Unvfsc08zldOqOdtydmpGL1jXJmk5MxuTe2PkXBqRi03dC5HyHCNRgf+QJe3yUuCid2NWOhd26AdCvegu/AJIAt+UK7Br2EvyUX4ASCwHdaGtiWxrRQpIFSGwpAS2FV5DgV0BVi7g8eAIG2qBMkegEvkbVjEwCvABQAKwYBRArBcAkO0UDE9J+4MG/ACi9Jew2JaBsBoTYN0JbYDDkVBYAwExgDJHYgEnsdiYANk38D8A3fABugTCxeSqYgDwAciBARDFYCbChiENcFAT5G7sADwAAwATAAEgGACBAAANcCCwGxAIoYABAqAYgABisAAQ7AQDEEIaAaQUCGAAAIYCAAAqMvHln3vpc3PosM3y4nwMY2fcfp+f1PTcSfK0RG3ryjP0nJKW+0+FyqpaP0D1TEsnpueP/ps+AyrbINMEu2LdWvc5crubZrCbUHFcGEnsqpAAKABAAAAAAAAAAAAwAQAMQAM6Okn2ZEzmNMLSmiDv9RSuM1xI8+R6Of/AFOnUv4PPmqAzAGBQwEAAxAMAsBAAAAAAxAAxDEAAAAA0FAFd/pn/dl+D1TyfS3Wd/KPWRzrtypDQkPgy0Y0TZSAY0JDAdgvwNIaKhpAIpACQ6AYCQwEUMQAVDQ6BA2ENMZKGjQpIuKJRRWTopISKQQ4lokpFQwsLJKi1sdkobQFdwrFQUEXFlWZrRaYFCFYwhjoSKRQJDGSwGBNjTIHYrE2IB8gKxWFNiCwALE2DE0RQJsBMgQMACkyGU2TyA/AqARFJktFMRFIVAMKhiLasTRBANA+QsiigoYmRSfAhtiQUrE2NpWSyBCGJAJiY/ImFS2JCfI0QPwSVYtBU0BeiGQKgSAYEt0TsqhUALgAGAgGIAsT14GxNOiBJjJHQBYPgGTsB+AoEFgJiob3QFCoRVWFEAnaAENBRYBFchWwCwAABi8jBPRAhDbEAwBAgBFCGBPkoXkdhEvkQxeSh0IrwT5AB0xFAKgAAgDyAXRQmtAU9kvQCY6AbQEsfgKDZQkvIwt0IgoBJleAgFYxeQAuLIHHkDQTC6C/IDsXkLsEBQ1pgh8gMXAAERuyl5CgIo4VhJ8APwAiheQ8mQWDGJv4AlDQnzoE9m4glwZZto1ZEldo0jglfdSXImu3RtlXgwetFBYMEAESimmZzjSNnRE+3ttl1K45LYmi58ktm4xUjQAVDHbZKKQVUUbLgxi6NY3RmtR77ktBYnFMKo8zooQ7EmAci4k//I1yOrIHZO/FCenoHLRQ78Ezydpz5czjqLMJ5JZOXwbkS105MzkuTlk3u3/glXfNoJG8YvQq4vZC1yW9Ihlc7Tv4DfwNbRO0y4gqmVpi5C/JqAcUrpIcRqmxeQE9gG7/AAK9cACQ3oaQS2QSo3HkaQ1oOAEAxWUNaVjvRO2CZRTEKwthBJCTsbbrYkFPxoL0FjpgTW+QXO+B8MK0QDXz4EwsAGLyFjAAJt7BgPgKQkwbAdolpNp2LkXkCn7oXLGgb3oBNWA0DAVsWxt/Ik7AaExiQCGgYrAbVk/yULkKkEVVEsAoA2MoS26FJUUtMU9gTYDSF5AGIbABUAxMIKCgQWFHkATAITEMAEAxAAMACp2BViASGFhYAIArYACHQJUAElMdARQIoKsBBQcAVBQAAUMBiABiCwAQ7F5ILg6Z9f8ApTJ39HOL/tez49H0/wCkZvtzRfNp/kVH0fULv6fJHw4tH551UOzNOPtJn6Mtr+D8/wDUsSx9Xkq3crZlXIkZSVM1RnNlEAAFCAAAAGJAADEAAAAAAAAAAAFRdMkaA9XCu7ppL2Vnn5Ftnb0DWT7PdUcvULtySXsQc7JKaJAYCGUIYgAYgAAAAAYhiAAAAAYgAYCGFdfp3/fSPa8Hi+nOuoX4PZXBz6deTGJIpGHQUNJgigBFCQ/BUNDJGgHRSEMoCiLGixDGIZUAUCE2UOw5AaQQJFongoqKQ1yJDRUaIrRCY0wihk2KyosaRCZVlFxKM0yu5BDKRn3DiwjSgSAEwKSGkCG2EFDEBQxMGyW9gEhWJsRBVhYgChsQ2goAQWAmRTAVjYEtCGxMihiCwYEsQ2JoCWwAlkUNiYNktkUDQrBPZFMTE3sVkUmJAwQFEsGxEUmCAAoJexsRBNAyiQESxyEBHLGHkKIoF5HYbCgVDYIgVAMVgIXBQgIkBbRLQUgTAK2EMLAT2QS9vQyfJXgCWD4BgAgCthQAAUADQCQwBACqwbAYXQWAUnyAxMAAQ0QJgMVAIfkdIABoIgNaAGIbEuCoHwSUKigvQeAoaAQ+BpCYQg8jaoTt+ABggoAGKh0FAJIG9FCasqBbQUCVCbsA5EAAFeR8hQ0QLYIfn8jSAmtlRQUWkEBLVP4K8i4AQ1YFJACKS2TX+SuABgvPI/YTXsQIA9gAaQ/AroOUA1wIaYECBrQ6DgCWhJbKZBqIv8k0t37D5E7SNDlzL7mznnxydOdUcswEAhlEtEuKfOzTglgc+VKjFo6My+2znZuM0hoQzTBgIAp2bY3rZzo3xoysfRIYnd6Yqa+Tzuphwx/+SZMgBWxOSXkwy5/7U9lxNbSmonNkzN6XBlOTbdk2bnLF6Dt8ijCkPfuwaZuRi0gFY7+C4mk9hSBupA1X8lxDVBWyU6ZoqZYIab+BP4KkxJFQoqQ65opKk2hWBLva9x1YVbGiKQPSob4FIIdirYJDcbVEES5tBZSi6EUOKra0Kga01srlUUShg1QRAK0ItktOrAWgXAaAApPhg+Q7U+SaAdWkAxNAFDp+4kDfsAOnqxVSAdbAQmV4IfJFCHpbErHQE3sY9BWgHqhNXwSmNOwBqkFaG/kSAKDwJ/kPACb2CQqGmA9CACg+KBpoL0IAGhD1YAIbZIBQvICYDExAFMVAh2AUJodiAAsQyoQWJiYDsGShkDQMQAAANAIAYBQAAABYMQFICbHYDBPQmwQAwoBWUMBWAAAgAYgAADyOgXJA0fRfpGaXV5It8xPnVye1+nJKPqEN02tCo+2UftPhvXMX0vUcsH72j7jHJuFvk+R/VMHD1Nyr7ZRuzI8BqmZ5EaNkT4KrMQAUAAADEAAAAAAAAAxAAAAAADEAHb0Mu3IvyPrcfbmk/d2c2BtTR39crxQmuGiDzpIg0ZmAhiAoAAAGIAAAAYAACAAAAAAABiAYHV0H/tET2keJ0F/1MfY9xLRz6duVIPIikjDoEVQJUNACWxvkTABlJCRSKgoAAoAsAKhlEoZQNiE+RoqKRSJRQQykSkWlRUNDENsofkZKKCCxMY6sqEmFjrQJbCDuDuG4ioAts0gQkXFlRomUkZWaRdIItaBsmx2EUmBNjTAGKhtiKE0KihMgA8hQ6CgAEFAMLABANiIES2US0RSQNhVCoAEOgCkzORbJZFQS1ZTQiCXolmjJcSKV2J8DoTIpAOh0BNDapDIkyKGwEIKYm6sCXsgBDEwEyZFEPkAKEMio4Y70NiAGIYvJFHACYrIKAVjAQmMTKELyDEQMOQTHYEtCKZNgArB8BQCsaQUACaoEUwSAlAwfIAA+V4EgvZBSDYroa2A/5F+AAoTWxFCAPADoCAQmMAAOQbBAJiGxUUA0qFwOwAK3oARUUAAAmAMKKgEP8gkAADEAwfIvgAAKGFAKwE1YbApAKNl0BLim4t+HaBuhgEJbLEkBAxXoTewWmAx2KxplDiX4IWiiAAdWD0BI0hoOAgofgWwTdgNA0CDwFLkfIARCZFXstkrZoC5Bjqtk7sDLPHRySWzvyK4s4MmmURKr8iW/wPyPgKlrTDwNioKyyK0zmkqZ1T+DnmtmuWOozGIdm2CEUIAXJvF6OflnRDglWPoE/cYg8HmdDXJGSVbKuvcwytxV82WFY5ZNytuvgiMd8i71bd2jSMo69jpzy5WplFiULOmPYl//ABHcOTpI565ZY3pD7YpqLe2dKceS12yptI1IlrieH2J7D1Lx/bpNbsqGHBKOi4np5MoNO6CUbivc9f8ApMfbSaZH/T4W6d2MPTyFFpquB0+dnqz9NaWkr92Yz6KcVtX+Bi+o4LA6ZdHNK62RLpsqj+1r5Yw9RlzFpEr5N/oyjHghw+Bi6zvYPkp42TJVKnyTAWFXyFPkaICqZSdoCVL/AMlDYJApJjsCaCmkPuVjsBUCVDvQJ3ZQmrQOSaqtryUS48/IE1QqLoYRmosbRrSozlYEgOh9ow1HHAJWU1oEMNQVpoKDgGpYuS9UJhUjChUyAloHVIGSiKa2w4BIGihXYkOhgIGJhZAci4KE0AJgIZQBVgHBQgfIN7BkAQyrEAITdgwCgGBLYFICbCwKYg5AAEArKgBjEQJAMAEAUMBIYgCgYgAYhDAGIYAFaEMTAB2SADAQAMYkABQqHYMBDEAFCEMBo7/TMyw9XiyXVSR56N+mmllivlEH6TFp3XDPm/1bBt4ciqqpn0PT7wY5e8Uzx/1TC+ixyrhuzKPjZLZM19pcuSZ7iVWADrYjQAAAAAAAAAAAAAAYgAAGIAAAAuDqR6L/ANTo3XhnmI9LpneFx9yDgkZs1yKpNexkwEAxFAAAAAMQDEMQAAAAxMAAAAAAaEAHT0b/ANeJ78eD5/pXWeH5PoIox07cHRSEqGYdANcCABjAEBSQxIYAAAVAAAUNMLAVlQFIhGkWVAkVQDKio8DJXA7CGMkoqHY0yUtlFQ0WJUMAEAVYRS2FAigJSAYJFQJFoQwhplWSFgVYkwsQFWBKKAYUFhYAAAACYgsKBgJsgGxCsYAyWMTIpAgsAAT0MTCpexVRQmyCWSUJkVIAKyKQmihEVKQxiYUiJclksBITKJZFIVDACWyW+SmiaIDwRyUxcBRQAHkilYvI2TWwHZJVCYA0KhsXkgAAGwABAQKQipeCGAwBAACodEvkABD4BFAABYAAeBAD5CgoZAgoAIChrQeAABk2x2ygDyAAAt2MQB4FY+RABSQrGQEkIbEUAAC4AQwGUJMYJDWyoQwoKCECAaKEwGS/ggOAKolgNDEmDewABeRsoa8jJ9xkQ7EwDkBofgAYE0NIIlUAkh0CQwhItIiqLiAxMbdCIAb5FyN88gJxvY+F+ATsdFBHgTWiktB4AkEHkaRANWjNalyapIhxplAJleCXwBLemjhzakzu0cedfcBiFh4EkGhd6FY1yAEta4OfLVto6Xo5si38G+Wa52BUkSbcwAAgqorZqnRkjSO2Zqvog8Mnvj3WweWKVWcsb003eyZpNCck13X/AAZ/WhBPucm/CSE5S1zZcclNrt0c2Sc1LhtL2R6f1oOKbj/FGOV4+YxpnaRytcazySRSzvyXKMH/AGqzJ44+NGmGiz15LXUKt3ZzOCvTKcCjf67Wovk1x9Q1qzjlCVxSu78F9jSsJju/qn7muPq5Kt/weW4ytclpSqrdlZx7Mevlxevg0x9b2yTilfyeInOPD/4F9XKuCs+X0UeswNruUe6/Y1c8D3Jb9vY+cx5pKu5M1fUuSUV3/wCAeXufRwZntf4Yv+m9M+FzxTPHXVS7E4St21vwa4+tydu5V+BrOV6E/SE6a4b5Mpejd71dvz4Mv66UV3W7Wzox+rTaXDQ+EvTnn6RnjaUU1x9pzz9MzQf3RaSPYx+qU6a0bP1LDTuF37k+L7sfOf0WSON2nKVv/Biunkv3RaaPqI5sGWk0oxf+TRQ6Ztruik/dFxP6V8pLC0v2tGbj/g+wfpnS5F/3ItPwZT9HwqX2ySQxr+kfJyhVJeSFL7nGj6ifoEXJyUlJ+NcHNk9By/UcopVw2TF9x4Pcm/wM9WfpGRN3B68nPk9OyLhNDGp1HHdcj7jSfT5Ip1Ftp+xH02nT1JeAeoTa/kE/yHa7dqmJf8gWnoaSojudcBdIC+1C7W3rgTk0kNTfuAuz3Ds0V3b5Haa5KiO0iUGbJoqkyGuZQkN42kdXYmDhr4Li640qY2dH0vfgl4PYYenJK0JKzqeCXwL6WqS4J5NYx9hVs1+k29J2Jx8ExfTPyBTg6BQfb8jF1DQqKprkCYajgY2hJDDQJ+R9uwcWVU2IpoVAIGNiXyQSxjf4EFAmPwACFQwAmg4KJCABIYCAaEwAAABDAApiAPIAIoVAIBsQAAB4ALBsQAMTHYgAAABNBQxoBIAHQCENoVAMBDfACGSMBovHJxmpUnWzM0gr17kH6D6VllP07p3J23Ex/UGNZPS5e8WmjH9P5XLoIxlK3B1Z2+pw+p6dmXtGzNR+fP8Ac/yJ8GmXc2yK0yxWEuSSpckmgAAAAAMBAAAAAMBAAAMQAAAAANcnb0k/uUWcR0dM/wDURA+tj29RJLijmZ29bCpp/BxMBAAFAIYAIAAAAAAAAAAAAAAAAAAArfpXXUQryz6GNvk+d6d/60PyfQxejFdeF0CBDMOgABoCkArH4AQ0xBZQxkjsqKAVgAw8gBUCKSEkUioaZSJKRUWgoSKKhDCgoICkJDKiuBxZKKWioCkibKTCL8ATbQ7ABpCKQBQigoISYxAAwoQwAYAADJbCwLECYWANCHYgoskbJIpgAAAMTE2QIdiFsCiQAKCGW3RDIATCwCkSymSyKQBYckUCGJkVMnoSGxADJ5G2IgTEU0S+QoJY/IpMCJMVgwRFFDBsRFAAD4AGS/yANgC/yJgtIfkCQBgiBggoCAZFGnghgIYmICrI8jAoYeGIAAKEOwEwQCsCgYWgsAoQ0OiBD0S+SkgE+RFMEtAIAWh+AJB6YwasBWgoKHQCHehBQD5AQX8APyJgABsaH4EVD8DSDwNlALVByF7CJaopITGkUFIKQ6AIK0S0MEtgS0xGtWie0CEUwa9kOtAJFCSHVAJr/ADBp2AJoVlVSFWwCFUWiEikEMAABeS1olaYwBgOgSIEDKXyOkBCZSChpAMVDQP3AlJt8DSoa2NplE0J8F88kSQQkDWgQwiKRh1MEo91WdNaZjmX2tBqPPk9k/BpPkgjRUk7AdB5AV2ZTiaSXskTLg1Ga5MmmQa5VsyOjAGkA/IDRpFGZrDkxWo7f6h02Z/1EmyKYktmsYXLqJ1qrXgPqOW72iFFvyPs7Vdlxm03mk0KWRtbsSVlJRk0m6QRFvT2PvfszZ4u3ScX+GLtXtsqMe5+zCMpOXDZ0ShFKkOKiByuU1Nt2OOWS5Z2LHBvfAn00JOTVa4A41lm5GndKjo/p4dvyJYIxWhqMVkkttor677tI1eFNVrYPpkqqS/BdRH9Q4tcNP3Q1nldg8OiZdPJ8Maq31CfigWUyeGSvgntknwNTG/1Ulpjjn9mczi09pg9Ax2/XfbyVDqZJLuvR59/IOcl/ITHqLq6dt0ax6xKenquTxe582yu+SXOi6XmV72PralcZI6oepOK92fLwyuLNl1Xu2PTP84+ph6rNp3pG0fVu1VafwfIf1LU9SZp/WKrbHpm/m+xh6rFx0l/A/6rp5/dOK2fI4+vXCNY+oKGpd2/JdTxX1XZ0mbbVPwZy9P6LLxFKXu/B8+uuempP/Jtj9SyJ02mXU816c/RsUrTprwznyeh71LfGkRH1Sfb90teKNf+prtt7Y+H/qOPJ6FmTp00nyjDP6Vm/wDhS/J7GP1VJJe6s2j6jFv7kv8AAWd2Pmn0WaLpwsxydPlxt/Y2fXf1fS5P3KC92S4dFl12RmnvkY1/R8f2S0u1ipq34Pq5+ndJNuvtv2ejml6RhSatEwnb53cUPvPZy+kN8cHNl9LyR2othr1HBHJTtGiy+5UuhyRtqDT+TKWHLHbi38g3Wqy3yhrIvJj9OXsyVGVsqY61OPk1UYNWjzm5RY45ZQ4bGrj0PpRe/bgl9JFvTOZdTJrT2aR6hxW2VPrSXRdq50yX0zivdFLq467m/k2h1GPnlD4n1xPpJbdaM5Ye1tM9RdRivfHsbJ4JJaSb9xieq8P6Nq0R9Jq7Pol0mKdtSjXkl9Dik9JDye3z7xuiGmnR9A/TVJ1Hb+DKfpM+Um/wPLU/SPE7X5RLVHsS9Myx5VmT6Ce+6NE8rP0jyttAo8HfPopwd1ox/p5aaTpk8tenPKJFHRLFL2IcGTyvpkJ/g1+nL2JnFpImLrOh1ort9glrQxdZhRdaEwiOAACKBDAokY2iSBhYCCmAIAGIYigYgsCBiALAQDSGAgAAEwKSs1hglJr2CMVG3Xk6MfSykjtw9LjirlG5eH7G3aktAec+hycrZk8E1ymesJpPwgPHcH7C7T2Hjg1wY5OnxtaWwPLaoTZ2y6K3af8ABjl6XJFWo6BrnQ6H2SXKGgpJFJ0JIYR9T+l5t9Lmi3f3KSPocsPq9Lkit3F0fK/pOdZsuJtfdG0j63B+1r3VGaPzjOu3LOPNNozTOz1PGsXW5kvM3o41yWKxmtkl5OSChAAAAAADEAAAAAAAAAxDEwABAAzTDKpozKh+5Aeh1X3Yov4PPlyel+/pWvPg86aoggAYihgAAIAABiAAAYhgIAAAAAAAAArTDrJH8o+jj+1fg+bxf9yP5R9JClFGOnXhSGAIw6nQwGEIYgbKBiBiKiivBKKAASGCYDAVjWyxlSGJFI0gKQqGgKQ0yR2VFJjJTGmVDKRI1yVlVWMFwAQhoErLSKBBQ6AABMTAItMoyjyaJgMPADAlIChMBCbKoVASNAADCw8CbIoYrGIB2KwJZFVYEFIAZLLsloBLgYqDggBWJsQUMQ2BFSwAQA2TyUSRSoaALIobELyAUmJlNksgkA8gRSbJbGIBEMtkyAkBoKIpBY1QqABMfsKQEsBiCgVjQECAYEAgsAIGQx8IlNgDQimJFCAGIAGIAG2IAAGSUSAeSkKhgNA/gEMgkoRSAVaDwNiXABQNiHyAhiSGUAWAMgEhtCqwSYAyS6ACaCirEwEmU1Qq4K58GkKhiQ6sITAbQVrgBDFewKhgPwCAKBLY9AltgFUIoRQmhFVoTCBD9hIZAmgvbHJk1sCkMONIG9AJcDrdiQ7CGLyCZVATyyvAkqY1wBSoASCgCrXyAeQfIBQwSCgBIrwJIYBQ3wHgF9wExewkiu0iT2UQ1sbGhpBEURmVpmrVEyqgrzMumZm2b97oxXsRqCw5BrY38bCpaIafuW2xbCOXNFrfgyOrNtHLwzpGKBpiAouKtmsI+5GNM2T0YrUE5ugU+6vFMz7JtcDjhyPhM3rmuU68i77Rb6bLJLVB/SZFTtNPwTUxk50LvfybPpJcu38+xL6e+GVLGffvkqORryP6Ekv3KvwZ9tlZarK75Esv+SIxpNirYG6zXwwfUSSpMwT2DA6l1Nx+SZdQ7VHLYu4hjtWbuZf1nW2jgUnehqTaBjtjn5s0jnTj+DgV+4b9wY7lni+VaRX1FfCOBSY1kdrYMd32vwgqEpNNpHG8j/gFl9wmOz6WOTru18C/p4tuto5fquqRcczXkpjaXSN3TtpcJGT6SbWtMf1917lRyyTabXwBjPBOK4ZP05JbTOxdU0qdUN5cb5Tf8kHA0CR29mOW9B9HHVJJBXE1XDGpa90dL6VNXaE+m1pgZRyUgjmafI308kQ8Ul40a0xcupk3T4/Jp/UyVSWSvg5XFksamPQj1j5b2arrHa+/+Dyh20NTzHq/1yu+2/k2/wCopR1Lt/B4jySSGsjrZdTxHvf1zUl2ZG9bs1XXSfn/AJPnfqJ8FrPKK0x6TxH0C65+7ZrH1GXb2t6Pm11Ml5Lj1Un5Gp4fRrrMb5i2KOfDJyTitng/1jXgF1a7vJdTy9uUMErrT9iJdPgkuV/k82HURkr72NZalcZjVyuvJ0WOXDb+Tny9BKCTdpFxzyrkX1ZVzYX6yfTNbSInjktHUup0rihrLG3pBXB9KXsDjJe52txeyaiyDlU2vc0+u4q7NHji2J4VouphQ6mal3dz/B0Y+vyXyjmeBxfwyXidMup5j08XqfltKjqx+q45fu5+DwFFoVysvpm/nH1OLrsE42ls1jLBk4q2fJxyZI3Tqyo9RlS/fL+GX0nh9csPT5NSSRMvTemkuLPmY9dmVd0m2jpXquZVVtfI9J5r08vosXL7OGcuT0OfbarREPWclpvu/B0x9ajX3R/5Gn2PPyej5Un9xzz9PnBds03/AAe6vUcU62N9Xhkt/wDI+L6r5ufSuK0n/gyn0rau2n+D6iTwSjaS4MZ9LhnHuTW/kzizuvmvoOtkPCz6KfQQcLXg55dFvXAxv28J4t0S8bR7OToGla4RzS6STfwMX083tYdrO6XSuPhv+CPokxfTkoTidbxV4M5Y7RMalcwUbPE0S4NDF1nQFuIu0YakRbRLVAJAxodWQQOhsEQCEx8Dpt17gKi4Y3I2xdM2dOPFGANZ4emXMkdcMcYkqSQ+9BF2hNkPIT9QDRtCcklZjKbM22yDV5b+KJeXdUZebGUafVYPJdGYAU1GXhGUscb4LsUtgEMcXVpGq6bHPlGcPB0QkEeh6BiWDrsbVU04n1GK1LfB8r0OXs6mD+T6nFK2Sq+J/UWNQ9TyRr7m7v3PL8n0H6sxv+ujOK21Z8++RFjPLyZG2bwYlUAAAIBiABiGACAYCGAAAAACAYgAqLpiBAer0tz6eS9kefl1Jnf6Y7cl47Ti6iNTl+QMBDEAxDEAAAAAAAAAAAAAAADABDEMKqH74/lH0cH9i/B83F1Jfk+gwu8cX8GOnXhsmUiFwNGHVY0yLCwht0xdwm7EiiwEhlDGmJDoId6EPgQFItGaLLEUmUiEUjSLEABDTCxUNFQ4l2SkMqKSLSIgXZWRZaIopIqGi0SNBDExsCiWNIaKQEJUUmAAOylshFJgUILABiYAQKhUUAEgxhRFSJlioCaBrRQgJSGN8AFJoQyWyAEwsTZFBLHYgpUJlEyIEDATZFJsEDEFNslsGIgBWAgpksYmRQJjJZACbCwAkT2U0RYDEMRFAwBgIllCYCaJKFRFIAABMbACAAQ7AT4JLZIEtjugqxNaAfglbH4JRA9hTHYAKhgxUUDqgQMEEDGkKg2AxhEGFCKogpMAYnwNiaIFYJioaQD8ANAAgAGVAAJARVVoQJ6AIBMAAYxRHWjUCGgS9yq0EKgoYMolivQ2C2AWOIVsKoIq0Akrsb4CCgGrCihVYmhu0IBeR0JlJtkCcQooKCEhVY/IwJodDD/AAkWibDllFeRNAMAHYg4AGIHyFEFJj0hRSoKoBpj3YkvJVaAQ6El5G9BDIpXyHc2F/IE8MpEPY46VFFS4M3tGj3EzbrVAcGZNN/kwbSOzqVq9o4pJ2GoaduwfwTVAnsimuCZMr8EyVNUBE1Zy5FTOt8M5si2alZrIqGnZK5NI60aSNI7RoiIrktcmK3HqRwpf2lfT9kaukhX8mdTGccf3Wy+xf/yh8ANMZTg+05lFRk+bZ2S2jnnHdm5XPqIljjJeeDlnicJeKZ1J7oMiTj8nRzcTiLtZrGG/dm0unnSaVry/YJrhcak07FR05sbSVIz7GDWMo6MzeS0ZtEai8UUy5wVaVEQdI0U7WyNIUaE4s1ZLQaxnwBaVhQMTeqBV7Aw8BMJvYrsGSuQzjZLuVDSatMz+o4oPr7trZTGva0th3taYlnXsapxlHdIJjOORrXgr6vyCUOEzSEMb00BMczj5sv6+vkc+mh40S+ma4YRrHO+3aVrzQ1nXem4J2c30ssb1/wAkvuS2Ux3NYpb7V/Bm8OKXKdfBzLI9LwjRZQCXTQv7SJYElwV9Vrgay3phHPPFJeDPtl7Hf3qXsN9j5iuArzWpLkLZ3SxRl4MJdPJS/wDSRWFji2avDSJcKATkHcyHadBso0UmuCu9++zJD2VGkc0+7bbNP6mSVXRkpJeDXFkxX98bXwwD+qldNmi6j3R0Lp+lzRTi+32th/02EnrLF/CYTGazxqnovvi6cZr5Rk/TeoTbg4tezZl/TdRTai7XNBMdkZJ+S3L2Z5zxZo+JIPqZYOtlHe5tsfdfJwrqZxfC+C/6pvfkDsdEvtZzR6yN01/Jp9fHJqmBo4prkf0Y0ndslSg3+807V/uTCM3DYuxplO71sbb9gjNJqwp+zLUn5QNl0xHdJcaE5yW1J/5LaRLQ0wf1ORVU3/JrDrZryY/TQfTGmR1w6+SX3M0XqOvg86WNtaJ7Gi6eY9ePXJc+RPqoXpKvweRcqpD+73Y1PL2PqYpLRnKGJ8Hlqcl5ZSyyTuxp5dzwxd7IfTKznXUSRa6phcpy6bRjLp3Hwa/1KfI11EZLgK5HhfsQ8b9juU4S4difY/Yi68/tJlGj0HjiZyxRZF1w0FM6nhXgX0yK5u2xdp0/SYvp+5BjDHKcq8Hbh6dLkjGu1Wi+9vyBo6iRKYXqiGtgF35GvySuRgNNjYqDQCTsNCFYDoBWOwABCcgCwsSIyy7SjTuSLhlOH6gfVa4Ij2+myqU41ymv/J9dhltM/OsXUZI5I9jpto/Qeml3YMUv90UyVXj/AKtx2sWXjwfJz/cfafqvG5+nY5L+2Wz4uS3sKnJtGRvLcTF8lVIwEAMQwAAAAAAEAwAAABAAAAAMAADv9Pa+ok3yyeugoZmjPpJduVM39R3lT90EcDEVIgKAAAAAAAAAAAAAAAGACAYCGIAGuT6HpneKP4PnlyfQdM/9GL+DHTtw3AAObqAFYWUMEmCGioaABgA0xDKgbGifJUSoYxeSgGi0SgsqLBE2OyopiQclUVKaHViKiaZVHQ+RWUiocS0SgTCKGmSBUWAkxgNKyiYlAJiHYgGgEFgV4AAABiACkAgAAARFAh0IAEMKATExskgGIBBSYhvkCKhiKYiKQhiIGSx2S2RQSVyhMikxD8CABDEwoZFlMkgL2JsYmFIAvQrIFJ6JWxy2gigBghsRFAuRgAhMbEAmwsbJZFAAIAodDAgmhbsoAJbJsbFQCKFQPgAfBKQ2KgGAxNECHYgKBggbAqKB6QkDICI2JcAFA0IaIGIYAKh+AYihoAAAYcAwCABIdACChpD4WyCaCigKEmMaBlCY0xBWiooQUFASw2iqCggFYwaAVlLYkg4CK8DJTKAloKKFRUKh0PgYEpWNod2AEjodAkwE0IsQEoZVLkQANCGih0AxUQS9BZVBVMIIspgkFckAPgEv8gA0HI60C1wBDjWxNGjdh7gYPkEVJCSplGi4Ikv5LEwji6tP6d/5+Dhbdnp9RHuxyj7nnzVJJ8huM9sVfI38CvwRTul8k+OR3YmBMjnyo6XtmGRaLErBGsI2rJijWKo1qQ0i0hIaM1p7LVir42O9CtmA+eSWwt3yTd+QH+THI68G8hdqa3yWXEricmpKlyNu3/BtOC/wYT1o6zpxvKIPsypv3PUxzxyWv+TxpN3VGuPLOLWtGtZvNelkw45xaOLJ09J0bYuohW2r9irU2Rl5s8crqiJQa5PTlFTfBnm6f7bi7DUrzqBs3nhlHbMZexGtNTbG+DNJhbTDUqrJ3ZWhyVBtFOrDwUxeWQRLkngtomgmJZJbiJxKmFbBtsKH2hMCk0Uskl5JaoAmN11EkuSo9W09nKxbC47l1K5LeWEr9vk89aKTY0x2rs9kJxgzk7peGXGb9y6eW/ZrT18i7Jfkz+ox/Va8jU8hqalu6BScX+R/V7nfkfcnthPI+o0/gp5V/JNRbJcFeiGNe9Pmh1GTMKrgn7vcGNfpx7noHivwR3tL5K+r7lQniaJcGjXvH3Lgo5u1i7WdOmPsTWgOaDaemWs8oPTSZcsaXBm4O+Ajoj10ore352dGL1CVc0vg83sYtp8gx7kPUISVTgmvc1jl6TIknFJ+9HgKTQ1N1thMe++i6XJvuW/JnP0jEoXCfPseRDqMkOJs2j6jkjzLfyDHRP0jt/blTsxfp2aHDi0UvUZP91G8fUFL91JFMcM+nzxf7Xr2JvLB1K0/wetDrocSlplfWwzW1Gwjx45skZVZf9TNHqLH087+1J+5m+i6eX91NhHnrqmmrNI9TGX5N5+m4KqMt/JkvTJK0na5sKpZYNbdMa7JK1Ixn0GZcRb+TL6GeFvta+QO3t1onfucdZoLfc170T9aceG/5A7tiaOV9VKt7KXVKtpBcbeR6ozXU4+WhxzY5PnRTDaJaNPtlwxvGwMqDtuzRwaRCsmjJprgSl28mskYzVjTFprleQcnZzwk1OvBumi6Y0jNvlgs2+18E2qOabrLrgmrjtbvgl2EJXFDtEGKyPupmtWjlzfbO0bwmuxMC+2kNEd/yJyA0tCckzFzHGXc6QFjTJeiXKgNW9GbeyPqC7grSwTMe8nv+QN3IO853O/JLmwN5ZES8nyYWxAavKyJzcuSSWwCwTEAGkZUz9E9Kbl6X0snv7as/O8SUpJO9+x+melYVD0Xp0rpLVko5fXoPJ6Rka/s2/k+Blo/R/UcayenZovnt0fnM0+5340QT/aZPk18GT5KpAAFCGIYCAAAQDEAAAAAAMBAAAAxABvgdSR19XvFGTOHE6kjtzvu6eJEcL2yaLaollVIAAAAAAAAAIBgAAIYAAAAwEADXJ7vSP8A0YnhI93pP+xDXgx07cOnwD4BA+DDqkaAEEMpMQkBYAhlAMmx8lQFIlFIqKGhIaAfgQDoqAYuBoqGmaJmaLRUqh2JIDTK4lJkxKKirGiUNBFAIZUNFJkDApFEWOwGMlDABisLAqhkpjsIBksLCqCxWJsB2FiBgOwF4AigTYNiQCABBQIbJIDkTGJkVImxskimhWFiZFDJaGxEAgYAFIQxEUrAAAlgMRFDJZTZIEsQ2IBDACBAAEUyWOwAQhiAORUMCKVAMQAAA0QITBoQCYrGxeQAdghAJjEAADdgh+QhJAMlgDGhMEA/ICGAAAEUDXAIdIA8gw8jrQCBABQBYgCGwBsCgXI2SNEAiuSa2NNpAUog0LuY2Ak6BgBQLgolDTKhiHYm/hP8gAg/4AIAH4AAQN2AEQIoQc6KHYNiCuSoLsEwGl7AV4DySr91/gYFIdaJRT4AQhu9AEJD0HI62UPxyFCopsBV4HXuJFpAIRVBWwDgEDVtFdtBCD5GlrY6tAJtVQ47BRoABhWgYvBBEkSy5V7kNL3KKTJk0NITVgZz2jzcyak7R6c1rRwZ1bZGo5RPllPkUiNFYPhAk6BgSTJFpoT3rwUY1stDcaAAfICGtkV7PgXkoTTtGUHKJSfsx6YNAKxsVBWwia2RKKdmskmqE6pqirjmeNLxYnjVm7M5KxpjCWJfu1ZMe+PH+Dp7dbZFGp0zeJUrqalTN1l7o0YSgmRuN0zesX83XOMcuLtjKmvgxfQN4e9SWR74XkyWRrb/AMe5ePqWk4vSW2GLzY5nhyXqGiJRamlR6mKeN4m+5OvBzrpnPJKT0lx8oRJXFKNMLN8mJqTWzBK3S/8ABWp0adgS9DUqJW50bQqLTtA1RG2TQNFNAqAz7R1RdCaGmJdE9pbQ4omriO0aiX2hQ0xDiCiVQ0hpiGhpF0FDTEi7bLoaixqYjsKRWxDTCvYLgqhUNTCsVhQUNMOkTWy6E1sup5TLlUDsGgGp5CkzRTaIoC6l5aPIOM/cxaFUhrPl2Qca2jOUIuVnPck+WX9R+wMafSi0J4UuCFNl/UKYh435Rm8b8GzyXoakiaMNrwDbOj7f4E4pl0xjGTRSyzXDot4l7i7BqYX15/7mX/UzX9zIcPYntBjX+qn/ALmUusye7/yc/bQmi6Y7oep5l/caw9Uaku6KkvPczy6Y6Gpj2f6/DLfbfucvU5MORtxhS+GcG1wFyQMXOm9EDtsRVA7JsLCtIt1yUsk4+WzFNlphMa/XmvNj/qJeTBksiY6pStWS3oIzUoJJClwFYv8AebGEuTor7U/FACRjl0zdcHPld8AdUa7U/gHKmRjleJe47IMc+ysf3Q2zPMX0+4sC6ryFg1saRRLTKxRqVldo1pkF5EkjlbtnRN/acz5YA2S2MlgITG0KiqQhuIBCApIGgJoHEdABFANoVbCunoMf1Orxwq02fp/puSEvT1jbVwSVH5v6NF/9SxKrtn2nS/Z1Fttb2vczUep1UFPpskV5iz816lVmkq1bP05xvDKv9rPzj1GNdVlhVdsmZHCuTKapm1bMcj2aipAANAEMQAIbEAAAAAAADAQwAQAAAAwKx8o75bwfg8+PKPRxfdgl8EHBIhmkuWZsBAAFAAAAAAAAgAAGAAAAAAMQAM93o/8A2eD+Dw0e10O+lgY6deHVYbEhmXUUMBEFUADAYNgSygLSJSK8FQ6KSJKRUUkAAADS0Ia4KhsAGioaKEMqGnQ0T5LRUUhgkUlZWQhhRSNIKAYmAIaZLYR2wLAYBAhhQFCChjSAVFJAAQ6JeihMKkLKoO0gEFDoAFQuBiYEsRTJZFJgAmwoYg5CyBABLdEUMmtjsVkUg4GSyKAACKQMBAKwBiIoE2DFQUMQ2IgTAGJgJklMSQAA+BEUgACAABAMQWJgAMAZACGhEUA2IYC5EMGgIYJAwKGSyiZLaAQ6GIgfgXmwGEJisfIqAXkYkOgAPIJbDSYU0JjvQkA0MQED5G3okdgMTEMBDENcFCoG6QMGrWyoEykKKpFIgKChiewFQxoGUTQDYAJDoS5KYQ18g0ERsogYeRhCAAogPYKGBUFAkPYcAMVjQqKBFEooIQ6GACj5LZOvBXKKJsQ62OghLwWtk0NBFAkHgEANfBSEC5oB3saQqGggSKoFQyhJBQMEwpi5C9X7DIJoTVlcBYRm7vgmS9zWVcmUmAIHsEF7oKiXD0cOddtLbO+XFnL1EWot1ZGo89un8CZpOPwZ7XkjRCbGD9wBcCehikURIRT1ySwBFeCQIr2/gNJVeytVSIk9kQNBWg5FTIDt+SkhJeR9qvgKGtfJDRpS9hUBi0Q40byiS0BjTomjVr4IemUZv2B0tUimlyZzZdEOPsRVd2tM0QmNSzWcW48PR1YOoadTVr/yYVr3E/yblc+uHXCcXO2r3wZzw9021EwXNqWzRZvL5Na5XmxHUYHBNSVHFKMl+Dt6jqHNK/BOLsnv/giz4wxOtM1rRUun3cSPuT2iOkorRLRYNEdIzoO3ZpQJBWdDo0r4Dt2RWdDoqgaIqKCqLQNFE8jUUxpfBVEQlFA1RaQMGM6Cin+AqwYmhNF0NIGMqCqNHHYu0GISHRVaBIJiGiaNGgopiUvgXbZpVB4CYjtoVFD8cFMZMRckKgmJaolmjRLQ1MQrRaboVFVoqeR3ULvBoKCeS7n7lLI/cVCoqYuMynJGNUNBMaaYmkRbE5MGL0NUZWxqXwExbiuQSRHdYnIo0oTWie7Qu8B0JoXcOygHYrQWA7tCC6Du2Qb49QE3oUWnHQgjKf7joUqikZNbsrwUW5aZhNW9FtgiAgn2lXSC6JbClNWPCu1MB3QGiKVGKkUpBGvgTJUtA3oBykZMGxADRLextmbApyFZJcYthS5BLZoo0DSASWiWVdIhsBAxNisoYyQQHregr/8Aq3Ttf7kfbZcUV1cnFUfnvQdQ+l67DnT/AGSs/ROizY+tSzY5KUZctGajux39Kn7Hwf6ix/T9Uyqqvf5P0VYksf8AB8P+rsaj6ip/7omR801sxyqmbS5MspqKyAANAEMAExDABAMQAAAADAAAAAAABANcnf0jcsco/BwI7+j20Qcs1TZmzoz6ySRzsCQACgAAAAEADAQAMAAAGIYAAAFCPa9P/wDZonjJWe30icOngjHTpw6Ex2ShmXU7BCKQDABoAE9jEVDRQkMqH4KRI0BaExNgioodiQANMpEItFRXICQyoEaRIXBS5KlaopUjNMdlZaWBCZVlFWKwAqJkEWNoEgLTstERWywhiALKApEgmBYCsLAYgsABDJGBRNg2SA2xWAECYqKAKihUXQiKmqFRZLIJoloqxckaTQmWSyBEjYgoEMT4MqBMLCwpCbG2JsgQgAKKE0MV7AW0JlMhsgGCEhoAExsTCl4AAIFYAHBAmIbYIBDB7CyKQNgBArAdCaAQN0gBgSNIBlCE+ShAJCZVCaCFSCgAgaE0DAoS5KJHYDRJQgofAiq0KiBeRpCrY7AKG0ER0BIwXIMgQcAMoQwodFQIoSK8AKqAAsgAYWFooQAwQQkWIYC4G3bACgAQBDFQ/caqiISVMYJ2uB/koQw8jKEhgLyEBRP4GAxAMoCrJoYQ+QoEMCbHHb+R0VFLQQOkCFLkAGNbEVEBcMdsHyAQWykSikUDBLRVCAQDEiAATGAmZyNTOSqwJWgZPA/DYC5Rz503rwdCMsnDI1HnZNXfJizoz6kYMjSG7Y+UH4C968BSHdP4G9ifgoTd3olj2iZaYAC2TZSfxYV7T1SXA0m/YSVsqmjnqChLY7+RoKS8qtAr4KXlEypMoYndfkTb9hp3yQHjZMkhtGb5CpZEtstkMCH5JatGjVkJc3oojtJZo4vwxVyBC4JSTNVH4Icab/JrRPgmi3dksamIaXkIJJ65KcbQ1Eus+Fwya3wW+2ftZk1XgK3rkal4OeKie1I1U3W0nfm+BaY1n7EVEKXg0UE/BMoyXAanSOAYP/knyG9D0NLQDohpLkaS9tiqikw0aSX8g1sVjTsB0KSsdgQQlz+CkhpbCtFNFfAqG0NKwmkSzTtYuywbEJBRahsr6baCeoxaJN/pyRLxyvSRcPUZBRaxzXND+mwnqMw8GjxMhxa8WVPUQDWh9r9gcWkD0gQ6dhTBppITDgQNFBofglhNAqACmgQ/IAIAJsJ8DEAFPhiGIMh8ElcoTRQgGlekb4umk9vgIjHj7mjqj0if4NceBRp0dC0Ga5P6VLwP+lVcHWFBHBLB2L4MD0OpX2aVnB2uwpBRSi/YTWwIvZa4GsE2u5bQdrSAmXBlNtbN9+THKgq4q4pgxY39tDYGcm0VCXciZ8BidS0Bp3MfcS+RMIdg2IAJbFtl1fg2x41VtAYwxtvZslRdUS7Azb2S2WyGgqWSymSwFQUUIBUNRKWx0VAo2d/p3qHVenSb6fJSf9r2jjgzRAfc+lfqiPUxjh6qPZkaru8Nnm/q6HcseS9nzMZNSTtpp2j1+u6pdX6RjffeSPO9olg8FsjJ+0uW2Ke4BWAAwKAQwAQAAAAAAgGACGAAAAIBiAYAjt6N0ziR19KvuRAdSv8AUb9zllydXVqstHKwJABFDEAAMBAAAAAAxDAAAYAAFRjZFjXpod+VI9qMaVHJ0uBRipNbZ2IxXfmYdFEjRGjGhIYDTGSOyg8jJKRUMYhoqKXAwQMIQ0IYNO6CxWNUE00ikIatFTVAhX8oaaKKRUUSmjRaRUML9xWHJUWhkxKXJUNFckjQBWyqRKY7KigAAhgAFANCGAAhDQFIAsXkCgoYmAmiWWJoCQoaAAoRRLIoJYxMBMlsbIbJVACsG9GWgyWwsQAACsihksbZLMqQC8guSKYMOBMKCRiIBsSAChvgyZbIAYAkMgTEUSFMGICAfBIw8EVIxWMgAAQAAeRkAJsbZIAT5KYgBAHIFCsBPkpcBCFdAACGgYAOvcljfAlsAGOtCATGkMAoYCYWQDBjGBKWhj8CoBAMlgMZND4CBDsQICkMSAoYAJkDEAFAMQ+UEIYq2V4AaQDTpByVEtC2kUJrQDWwrfIkVVALgqvIhhAwGBQqE/Ypol7CBeRiKKEhvkB1sAWguxLkpclQrGmOhVRBSKJGmEOgoYAKvgfwAeSodaExpfA2uAJXA1yOqQr2A+4YktDQBQthYIgADyOtAJuiW9AyG6Azk6ZXKIktjToKGZZE60aOREuCLHn5dzujKSN8n7mvBlNEajNIFrwOh18BU+Rv+KKUPINaKMnyRL5NaMsvuEZ2VHaJteRx5XsB78VRTCKH4ObSK0NCK7QEHLWiqH+EgE6a4JZW/IPgCJtOqM2tmrVrRDQVDpolltX+CZVZRF/BMts17E90LsCsXt1wFU6NewO1BGQmk7NnjJ7HbKMu1+xLhZ0LGwUGBzqIOFI6o4VXyUsaXKCuPssPp+52/TV8EvHZEcbjsTidqwol4tlSxyKbXBcMnutDeF2yHjktosrN5W1GZEsScvkn7k/YLknpFZyq+i0hfTbK+s+KK+r7Ip9SsMmH0pt1RX1HyV9ZhNpfR0qBYJXwX9eSUqV6D+oa8cA9VP8ATzfijSHRZL1Fu/YqPVNLSK/q5+7/AMj4b0cfTsnPav8AILoXft+WL+rn/wDyyMnU5JvkfE/9V0L09u9r/Il0cVpuP+Tm+rkvUtEub92Ph56dLwY4/wBy/gymsadXoxTryxS3smnitPqQi9JAssbMaTH2r2JrX82jyrwQ8z8EqK/A+1DV8IeV+zE5yXBdC7R6XxE/UkxKc3el/gvtBKi+jxEOcvYhuTVm9WHaqGnlz1L2E7qqN3HQu1k1fLnpjpmzh8B2DTyy7SWtnR26JlEanli0Kvg27AcKLp5YKvYNM0cB9hdPLKtBS9jXtF2jTyya9kI27UJxQ08sadCpm3aPtLqeWFCpm3bsaiNPLPFF/UR6kI6XwcEEozTO7FL7SufUxrVAkCkmUkVgUFFUFe4GU43oz+jG+DocUS1QGLwwa2iXgh4RtZnKSQUopRg17mGTtVlTm3wSsM8zaaaXj5Jo5XltkTbktJnpw9JnPcXXwaf9Oy4o3KH+BqvHjJrVMHkPQlgTvWzDJ069ijjcrHB0zofTpIh4gJvZSVicGkKMu1hF1oT5pGiakmX0+NSnZRphwpRt8luFGqVMbCOeUTNxOiSszaIrnkhVZrKJD0wMpKiaLlsVASA2iWwpodmbYu4qNrpld/sc/cUpAbdwnNq0nyEVY+ymBF7G19rHXka3FhXLLkBy5YgAAABAAAAAAAIYAAAAAIAAAAAGjp6V7OU6emdMg06z/unJI7OqW0zjkBIhiKAAAAGIAGAAAAMFFydJNgAUbY+lz5JKOPFKTfsj1Oh9By5nfUS+nD2XNkHk48UpvSO/p+kUWnLZ7cfQ1jh/otfyY5Ohz4uYX+CVvlzxVIpB2ST+5NP5HRl1lA/JI017hdWgF3JeRfVj5YTVCsl5Y+GRLIVPTZFWcv14pfuWvkh9ZiunPfwVPTttD74o82XXwj7syl6jf7Ib+Qnp6zzwjyzOXUxS5PGn1U5PbMXmm3Skymvcl1cYbtGU/UVemjyH9SXiT/gccOWXEJf4CPQn6lk8SozfX5Oe9nOui6mXGJv/AOhpH03qXpQ38gU+uyv+9i/rc3/xJf5KXpXU67kolr0fqHxOJRi+szf72NdfnT/ezVejdRW8kb9qB+jdVepRYBD1LPHzZ0Q9XyP96TOV+j9dHhQ/yRL03ror/s93/wArKj04esKvux6+GbY/VsGrtfk8GWDqofvwTVfBDyU/uTT+UVH1UOu6efGRHTCaklTT/B8esqq0y4Z8sXcckl/IH2NaHZ8zh9X6jHy+6vk9Dp/WcM1Wf7G3qgPVsaMcefFk/ZkjL8Gt0VFWFiQ0VFJjJHYDAlsXcFXYWReykwK8jQkNFFWFiQUEMBDAQmNkgGxMb0TdgHBLZTIZFITGJkVLE2UxNEVIhsXBFAmMCKRLKeiSKKEMRFJggAgTENiYUgALAmQkhsEAUAyWQNiYAwpBQxeSBUBQrIqaHQwIFQUAWAUSxtiAXIDqhMBBQDTQBQmUTICVtleCUMIaQPQIGBIAAA+AQPgKKBgh0IBgCAgQ0FARTF5GC2AAAWAmKrYwCHwhMAsArQvJSYihrgAABrgQ1wDABDFQBYAMIV7KRI0gLXACQyoTGhWICloTGIATKJoasqKAPIWAPgEO7AITSC9gw8lRVAHgKsolauyoiopIIbehWU1oVa2Av+BoENIiGh0Cor8FBQUFhyUNIbQhuqAm7YL+A4BaIH4ChpOgAWhjDnhhE0NbQdnyHAVLWiJRRoKWiDnkl5Fp8M0kQqvQVDTFJWqLkn4JceSDizKmYtaOjKvu2ZSjrhojUY1THSVUimqTsmwp2TugY6AirRlnj9ps0RkX27LEcqry9DToJKmLbKR9N5BpMQzk2Sj5G+BhoCbGvyJrYAUnZLVAtPZQE1ZLSd6KdCXOwIcb0xPGqVeC2vubDlaNCKoGvKG1rY+EBNCarwU9L8hVgSlY2knwV20NrQEpB2/+CktFUBKSCSQwiQSh0FCYUEyXsNy+Bx2BHbaZHZqjaqGkijneBP2Ilirwdgu1sajz5Ym3daIcGlZ6MopESxqS4Lpjz9rkcVydUsBP0HXI0xkkNK0y+xoSVDUwu1jrRomgpWTTEVrgTT9jSxJ2NXGdMGv8GvboUo+ArIUkbKNeCZIis60UlodDIJSFLRfgmSboCWA6CgFVgikh8AKtBRVcCooloKRVINNaIJoVWh7sqrQGdbDtKaoQVDiNoaVjoozoO0toKY0xm4kUayQu33GmM6H2mnaFUNMZ9oVRpQdtl0xnQu01cRUxpiEka49Lkii4rRqVz7jSMqZtGao56GnRt53VHIX3KXg5Iyo0jkXkI6UlRMo+yJjL2K76KM5w+3ZzRw5MsnUXSOzJcoH0HoPpuPPgtrZB4GD09tJtM9HB6fpWuPg+l/6XGKpR/wCDGfRyiqolV5UOnUFwX9PR1ywteCHBozquHL0mPIvuik/dI4M3pNy/05Nr2Pc7fgXYNV8tl9OyRbTjLXk5MvSuP8H2Tho58vQ48zuUUmPQ+ReP3RnPAuUfTZPRltxn+Eedl9NzY2+6Lr4Nekx4bjKH4NsOZQ5OvJ0zitpmMum3tF0x0Y8kZ8MqTXFnH9KUH9rHc437lR0OiWZRySt2geReQCWjGUkhzyWnV6Od9zd0wKlIuD7k/gxal7MuEZrdMAkyGX9ObfBawN8hXPInZ3Lp0uS44orwBwwxSkzaOJLk3k0uECx3toIiKt1FaL7FFbNO5Y40jkz5nJUihZcq4iPHK4s5jTFKmBM1UiS8m5EhSAAAQ0IAGILGAgAAAQwAQAAAAAAG2D9xia4H9yA7OqjWNP3RwSPS6tuXTx+DzZckEiGIoAAdAICqDtARphhCU0py7V70TRSiQelj9NxZI/6eRTftZ1YfTpYP7KXueNGUoSUoyaa9j0ul9X6jCnbWRe0iUex0mFr4/B6WGFHkdL6709V1GHtl7xPY6TrOjzpLHmipPhSdMmjohA17EOMWlxooiufL0mLLffFX8HHk9GhL/tzcfZHqJDoLr5jqfSesxJyjH6i/9J5OWebA+3LinB+7R97XyTkx48se3LCM4+0kF1+d/wBXkavt0/JnLqcnvR9t1X6e9O6hf9uWN/8Apejz8v6UxxV4pua9imvln1E/9wu+cvLPfyejf0+3jv8Agz/poQf/AG0v4GrjxezI1pMqHS55/txys9tRSf7V/gdP5GrjyYemZpL7vtZvH0rauaR6KRVDVxxQ9Mwp/dcjWPQ4E01jR02NMumJjjjB/bFf4KH5EUXHgpUQi4lQPkqtCK8AJDoQ0VFUNCGEVp8q18mcsGKSd44b+DQaKOHJ6R0uRL7af4OPN+n+XhytV4PcQ1oI+Tz9B1WBfdickvKOZ6/cv8o+2X7WmtM5snQdPmTWSOvgD5fDmlhncJNHo9P6zlxSSnFTiX1PoLi5S6drt8JvZ5OfDl6eVZIP8oI+p6X1DB1D1KtcM7ISi3p3R8TjyuL0z0Ok9SyYZJuTa9mUfUgzg6b1LH1C3UX/AOTtjNSSaZUAIY0gppaH2jSGAqGAFQDEMoACwQCENksgTEhiYUEyQ7AggTKYgpUJlPgizNUqBoYiKVA9DEyKl7JKERSAdEsigTGFATYnyN6YrIExMfkTCpsEA6oB3ol8jvQvJAeACxEUxAABYgBkUIZIwAXKBiIBhQvI70APgkbAAAEADZF2NsQAwBh4CKJYcAAC0gsQDsZKGygsYhgCGCGQJAF0HkKAYAQIAuwCAYgAA5AYC4EVQq2UMYkmADB7BAAIYkMoQ/AmMIVDQq2NNAVQMLGVE0BVCewBUAVwOgg5QIaQUADSsBoAdCGwoqFQwsPDCGMlWUUAAHkqH4Ex+BBCWqLJKRA0OxDZQbbRXBKGEHLDY0OgISopLYAgKegChgJ8jpsNgAt7EUvLEAqE0MGyKxyRoxT+5+5vOq2ZeSBsWmNkNhXPmirZzZL/AN1nVl2cs+TNajNklNEkU7APIigetmeTcVo0YTVpFRzOK2hUkXIgpH0LQ0tCfIu5pr2OTa2iXoblfkT4ASGuBJaGAfkAvYIAEkrKvQrTlT49ygfIqQqVvY6osCaVCGwSRQqVIpUhSVMaTQBdhdlUv5F27IFFD0GgSRAULhfI7JYB5YvI2ICmrQkhodfJQmC0MXAAFsAIJlsFzRdCoAcUyO3xRr/AUueCqyeKzN4vg6UFEHKsW+BSi1wjrpEuNgcaTY6On6SQdngK563sGdDxkOCWgMlwJmjg/BPY74AnTF5orsYKL5ogmga0V2g0wM+0O0qtlKIGfaKqNXEVbAgaRSiNRYGbvwgo07Q7QIaFRdeEFEVFC7dl0C2BFaBopokKmrCihUAkrY6GlsZRJLjZYgIoCmhdqAQPY6HRUQkUgaEWVKYmMTWzq83U+mmKVgD2GW/Rt5J9uz2cPpWXLDugrRw+i4PqZ/8AB9v0mD6cF8lSvlMnpuWCfdFo+h/T2GWLp17L3PWeGM190Uy8WKOPUUkgjWO1sJY4y8AigObJ0cJbo5M3Q+yPVEZsaeDPpZr+0yeFrwfRSxxkuEc+XpItaWzPldeG8fwLsPTydK14MH0zXgmGuLsD6a8o6/o/AfSGK87N0OHJblDb9jizeixm7xtr4Z73015H2I0j4/N6TnxSd438NbRxT6eUZtNUfe9uqOfN0eHN+/HH8pF0fDvCvYX0l7H1Gf0GDfdhnTfKZ5vUeldTi28bdew1Hj/SV3XkpY4/7UdEsTTp6a5JcGi6MXCKX7dmbivY3aJcQrGqDlmjS8syb5ogbaRn3NuojUHJ74NFiQGccZpWi1Gh0VXJ1DqNWcMnbO3roaUkcJUIE6YCZRpdoliTodgAgAAEMQAMBgIAHQCAdABIAxAAAAAXif3IzNMX7gPQdy6f8HDJbO/H/wBiS+Dgl+4gigSKoKKpdo6HYWAUOhdwu4C0ikjNSDuINGCM+4O5gbr4Nsb8s5I5Wi/ruuCYj1un9U6vC/szyquHwev0n6gyNqOfGpJeUfJLO7NIdQ4vnRMV93h9V6PNKlk7H/6jthKORXCcZL4Z+fx6mLW6OvpurlCnDI1+GTB9tYHzfTet9RBduSSnH5PRwet9NlaU/sYHpgzLD1GLO6xZIyftZtsippeUmYZejwZHbxq/dHQAV5OX0VSk5YslX4ZyZfTOpwp3Dv8A/lPo6GtBdfJSxyg/ui4/lE6PrcmLHkVTgn80cWX0nBO3D7Gyrr5+ho9HN6LngrxzjNfg5MnTZsS+7G9eUgusRoXHKaGuDRqky0ZotMqGhpiBFFghJjKigXIAVFWNEWNMDRMaITsaKi0MhFWED2RPHGcXGcU0/dFgB5PVeiYMlyxP6cnyeP1PR9R0kmskbh4kvJ9d2+5nOEJx7ZxUo+zA+Rx5XH9rpo9LpPVZY9Tejfq/RceS59Pccnt4Z4+fBm6efblxtP3oD6zpOsx540pJPxs7Inw0M+SFfTlR7XRetODjHOvt9wj6EVmeHPjzRvHJSXwa6KBbGAIoABhZQMVhYrIBsBMTYDYmFisKXLBgDZAmKgsAsDIZTEZaSAyWRTFILE3oilYCFZAxNBYyCeBWU0QFDJooCBESKZIAg2MAqRDYiKQDEQFisGIgoVjZAFDYkwbCk2JiAgLAAAYAAAgYITYCGJAAAFCAYhhQRIUNqhLkBobAQDEgGgpphYUJcgAxMaAW7GHkCAoVDAITQDAoQxDAAQAAw5YBQACBchQAhgJlQDJHyQFguQY46KKSBJoL4HZUAeQbEVDasdBYXaAaYCQEDYeAAqDgaEUgCgoAZUFDSElRVaCBiGxFRSB/gEOtAKiooVFIITtPgfKHeg8AHAVsT8FIBUUAioVAh0JcgUMQwAAQEAkxJFIegamiWjSkTLgKxmrM6abNpIxzeKZFhN6TMpLZd0RJkVE4nLlW+DqbtHPm1u6r4I1HNJtaEmVKSf5IviiNKFwF7FJ+1BA2Dloi6E2VEy2yFv8AwU9koK+hrYm17lCa/wAnNoeBPgpLQnyAouiia2NcgPgG6QEvkom3JbY1FC80CewHwNbQJXyOtFE1+RoatiS2A57aof8A5Dl+QuvAAgYrH4AmvubHYXQr2AmK0uSqsTjsgql7BSElT+KKQA9B4AFooTWhNaGACW/yMP4GrIAAH4ASGFibClyAwYCQXQeQYB7IaJS2vgpL5ABONjoKfgBUJxHYcgRQ6K7QoKz7R9vwVRSWgM+1eUDgi2AGfamLsNKEwJUAcCrB7AhQvYdtGi0hUBl2IOw2oTRBk4CcaNaBoDncBPGb0KtkNc/02HY0dDXsS0U1gI27QeNBdYhRr9MTgU1kCK7RqAENDpFuJMkBLRNFCCAUnQMk6cuPcA7EBtydXQeoT9P6hZFDvjf7T7b0717oerUYqXZOtxZ8AdvpiTy2lTvwEfpuKcJq4STRdHg+mSyKn3M92DbSCKoaAdBSsYUMBBQwCpcU+SPpRfg1oBgwl08X4MZ9L7HYBMHmywteDJwo9ZxT8Gc8EX4Jg8toVHZPpq4MZYmiDFrRNfyauLRDQVy5ejwZf341+aPNz+hxbf0Z1e/uPbkZsD5PqfTs/Tt/6baXmO0cGSLgvuTT9j7h+xz9R0uHNGpY4370TVfEKM8j0qRUcfaj6XN6JBq8MnF+x53UemdTid/Sbj7oaPN7SkaSh2q3omi6JYrKZDLoy6mHfglXKPLapnsSVo8/qMTjN65LKOZollyRDNIQxAA7CxAA7GIYAkX2uiAToCqYhqQ7XkCbE2U68EMBNiGIAGIpKwpGmNfcmEYGiVEHXhdwkvg4p/uZ04nswzKsjCIE2JiAdgIZVIAABiAABDEAQxkjsAGJARTui45ZR4ZmCCOzF1UlzwduLJGa8Hj2aY8soPTJg9mM+x3FtP3TO7B6p1WCNRydy9n5PIxZe+N3s2UiYPocPr8a/wBfD2+7TPQxdf02ZpQyJN8WfH3ZSau62TF19upLm1+Rnx+HrOoxfsyv+dno4vX82OK+rjU/cmLr6AZ5+D1bps0U3Jxfyd8JwnDuhJSXwBQmlJbSa9hgUc2boOny8wUfwceT0S3/AKWVV7NHqgNNfP5vTc+Bu4Nr3RyvHKEqkq/J9YpURkwYc378UWa1dfLhR7uX0jBO3BuDOLL6Rlx/tkpV7F1deeUip4smOVTg0/wTWkVDAS4CyigBFJFElxYUFJFRSKITKTKh8CsAALJ5GAArJy9PDPjcM0e5P/gtGkdjB4HX+hSjH6nR7S5ieRkhPFLtyxcJLwz7pa4OPrvT+m63/vQ+7/cuSYj5ro+ty9NuD55Pc6P1mGRRWaov3fg8jrvRs3SXPC/qQvheEeepb3yvAR97CcZwUlJNPh2VZ8f03qWXDW+5Lwz3uj9VxZqi2lNl0eiwEnasadlCYgYIKYmDYrsBNElMkKBMYmRSRQhWQJk2NiI0bJaKERUgJsRANklCIpAmJ8WYZesw44/dPfsiGuiyThfqUFwrQoeoRk9pUE9O8VmeHLDIrtIq9hZQxDEiKBMYiKORUMGAhMYMipAT5FoB2ITAgYAAAAAFIAGQIdiEwBy8C2xD8AAxArIKF5BsVgMVhYAD4EgBFFWAgQA+RgMA8AhDAGLwMGQCS9goEAAMQFQAA6ATQUwsfgBMAY0ggGFAACQAgpisYqCAEFAADiSxrwUWgbJk6RwdZ1Mk+2Lo1Ga7/qRuu5DcvB4cM0oyuz0sHVRyQSf7kGddNstaRisytJm0ZJjF1SHQCAFyDDyABdsqhJbKCFTGgGVAihAuAE+QAOQiosYkh0VB4GgSDkADyPyGgEyoktbGloIrlhQcDsoTF5G9iUd8hDY0DQUA7odDWgCpaCuCgIF2ky4LfBDQGM27+DnyS2dGRHPONLRG4gU+C4RscopkVh4MJrt/k6Hp0YZePwFjllyTwXN9ttr8GDnZlo5Sdh3EskCm2S+BqmhFQgYMStlH0fhACG/JzaLgLQLhisgVq2kxodti2mACjyxguSgaEkNBQAkU0IYE78hwUxVZQIKoaWg/IEsHoGJgDEuRjSpcAC0h8h54EQNAkwsAEwSBodADCtCopcAIYgsKYmF6FXuAfwHkYBADBoPyAlsfboXBceCKkYxFCb9hrgEg8lCaFEpiS2iBsQ2JgJoaY1wACDwDCqXIATQwAFEGh2D4AkKGgAKExksBoTFYWAUJ6KJYUhUUgoIkaQ0ACZLVlMEFQ47DtNCSiGtioqXIgIcLYnA1oKAwcCHGjoa2Z5Imo5dsRpDopI6OSZLR6fo+F5GmvJwNaPY/TnUdP9f6eSahJ6VhH1fQYeyKPThwYYkkvtpr4OiJEUiiUUUAAAUAAAMQDAQihAIBiATM5Y0zVoloyMJYEzDJgaWjtB0+UQeS4PyZyievLHF+DKXTRaIrynEXad0+mfgwlhcSK52ie02cWT2hXLm6Lpsyf1cSf4POzeiRl/2J9nwz2qDtA+R6j03qsMpXico+6OWWNp01T9j7VwMM3S4cz/1MUW/etjR8c4sjJjU1s+k6j0XG7libj8M8vqfSupwtPt7ovzE1KY8PN0zjtbOSUGvB7c8Mk3GSpnPPp1LlGpTHk0FHdk6StxZi8EkVGFCNJQa8EuLAkB0KgAQwooAsASYBYi1BsaxsgzBRZvHF7mihFDTGEcdmijGKL7fCDsrkmriBSlQ5ujF7KjqxSuic6+4nA6NMytJgczJLkiCoYCAB2AgAYgABgIYUAA0rIBIr6c6vtde56PQ9BkywUuxuPl+x9P6Li6Xsy9P1uGM8Nfa62mTVx8KB6vr3QYuk6yTwf9qT0vY8kqHY1ySNBG2LI4STR6WN98bPKjyd/SytUB0jQDAO6hOT8g9GU526jtsgp5XG1F8+Dv6Hrc3TR+2XPj2OHHBLb2zVExXuYfXJx1OCa/J34vV+kyNRlLsk/c+WsE2MH2sMuOauE4ss+LhmyQdxk018ndg9W6nHzLvXsyYPprGmePg9cxy1ni4y8Ud+Hq8OX9s0vyFdVgmQmmtNMpcgW4xmqkk/yjmzenYMy3Gn7o6EykzWjyM3o8k/9LImvZo5cvp+bEvui2vc+jVMbimi6Pk1GUeYtMpH0mXpMU190E37nJP0rHbcLT9malNePQjvy+n5oXVSOWeOUf3Ra/g0msxJ0NqgrRUHdsbkjMOAq+RoEtDAaNIqjNWUmVGomJAECVHndb6Rg6r7owUMnutWeiJgfH9V0PUdHNqUG4ryjCGVwacXTPtcsI5Yds9o8jrfQ8WSN4WoyXBMVy9J6vlxUpytfJ7XTdfiz1um/wDB8p1XT5ejyduZfhpEwzzhuE3+APt1JPhoZ810Xq0sSUZ3JPl+T2um63F1CqMl3Vf5A7HsRN1yN8BUsBi4ATFY2150Yz6jFB7nEDYls4s3qeHG39yklzRyZfWoP/t45fyRXquVi7jwcnqeWS57fhHPLrMkuZP/ACZH0v1YLma/yQ+oxf8AxEfNPqJPzX8kSzS/3Mi6+mfU4lzNAuoxS4mj5dZ5+ZMf9RL3YNfUfUx/74/5F9SPhpnzK6iSfJX9XkSq9ENd3qXqEleLCqT5keU2/LbNJZe57IbQTS7gWT5NsX0Yu5xbOj/8lL+3tb82Bhi6iUHV6O3H1M5JdrOTL02K7xZU17NmcJuEueCD2sebxLk6E0+Dxo5e5G+LqJJpNhqV6RLZx5OsnH9pyP1LK37EX09e9C7vc8aXX5WtyMX1U/8AcwenuyyxX9yM31ONactnhy6iT/uJ+tLywa9x9Ti8szl1mO9M8WU2xd7Br2v63H7h/W4/DPGUw7xhr111kL5LXWY2eL3+4+4mLr2l1WNvmivrxfEjwu7fI1lkuGxh6e8skX5H3Rfk8JdRP/cyl1E+e4mL6e53JeSZSPJj1k4/JpHrfdDD09FMo4I9cr/aqNl1UHzKiYuugoxWWDepWaLJF8ExdU0IO6w8jDRQAKwoY0IYAHAAQMBDAAQIoBIJDF5AEDAADyNgFe5UCQ/AhtgT5GIZQDXyT5KoBiGkwoIQIYktkBQDoKAQDEUKrCigCIm9HidTN/Xkme5NWjxevXbmdrk3GawTbZtCTg/Ywx8o9HLhWTB3Y1tIrC8WW0mzuwSUkeNhyPXh+x6fTz7ku3TXIJXbsVEwevyWRoeR0IpbIE+AQSWhoAGFDRUCoAYeAgAB0AIpk8DTfFlQxLY2JJhFC4HTEkUOPyWqIpjjfAF0gcdj8AET2jSoYAAUFDATsPA6sKAkpchwJcAURIYr5Cs5IxyUuDabo58miLqY7HNa0Y93+oqZU8tWRdZS5ZnlqrLlOFbfJnkkmkloNSuTNVGFUb5mroxe/JMa0rVCqwbS5Yu6PvomLo4RLsHNXyHf7FTQF0LuEwa+mQnIPAjm0OV7CSfBRLdEDqkGhdw1sACtjoAElXgtJUKmxKwKYmF7sbKFQ0DC/ACYrGxcFCslvQ2IAsaloSQuGBafIE2NJvjgBoaQJeCpL2IpNAtCsAGDBAAgGIgLSQWHbYVSCCwAXmrAHsa0JcocgHqhX7AwCnYhDrZRS4ENcC8gF2ABwANWS1v4LE1oBJjJoaYDAT2LgAYBfwIBgNAAkAnoSYDB7F5GBIMYmArDkB0AkMKAoBUFgAMVDYrAGS9jEAqYJbKEA0JgAUiJrRpQpLRYx1HMVewnyQ9s6Rwq3wYtdsrNLpGc3W3wVHtekeqdXgUYxyykk+Gz63ovV55YL6sVfwfF+kY3JU/LPq+h6ftSdER70MqkkzVM8+NpqjeE35A6RmamUpIB2FgBQxkjCgBgAgAAEIoRAqChgBDRLs0YqIM6QnCL5RbiS0QYz6eL4OefT1wdm0BF15ssbXgzaPUlCLMZYEyLK4CWjrl07MZY2vBFY9qEoo0kqJCufL0mDN/3MaZ5/UegYsjTw5HjrxLaZ7A2rGj5Hq/SOowy1j7o+8Tz59NKOpKj7mULMcvS4cyrLjjJF9GPhpYl7GMsSfg+v6j0Lp5wf0puDXCPJz+jdTjtqHdFeVyX2uPDeGJLwxR15MM4NpqmZfTl5RfSYw+nH2D6a9jZ42Jxa8F9GMHBDUUaOA1FjTEUFFtE2NBVBVsai2XRNCiqBsCZ8Ac+V3Ig0mtkGkrTC/uo2nuNHPjdSR0cxKjnZDNJLZDAkAAAAAAAGIGAAGDAVD9xILklV9r+m/U/TcOKHT9XFwSXPKZHVer9H0/UZPo/fibdUz5vG7iZ5H4IrbrurfUzcnGletnnvk0mZs1GQMkaA0hyeh0itHnxPS6VduOvcDoVIUpJEzkoq2Yfdll5UQinNzdR4NceNRXyEIqKKboBjTMnlSIl1UV/AHTY0zil10fCMpda3wQel3DUjyX1svkS6ufuVXsOS9xqdbt/5PI/q5lLrH7kwe7i9Rz4mu2XHuejh9fapZIWj5WHVpm0eqj7omK+0wer9PmaVuN+52QzQn+2SZ8JHqo+HSOjB104SuOV/wCQPt1IanR8xg9Zzxruamehh9ZxSS+pHtYR7SlZ0Ynj4kjzcXVYciTjkTOmE0+Gv8liOyfTxkricmTBGVqUUy45mvIvqWzeo4snpmKfEXH8HHm9LlF/6crXsz6DDkiuUmbSx4Z7pJ/BdHx0+kzY392N17mMo06fPsfYy6JT4d/k5s3puN84037pBdfNLSBnsZfSo77bicc/T80G6VxNDkRVDlCUHuLQk/YCkBLYrLouxEdwKa9xpi6Imx98X5RM5xrkaYjJjx5oduWEZL5Wzxuu9FVufStb3R7P1ItcolTV6aJ8MfJzxZcLqcHaDHllGfdF0/dH1GfBiyxf1Emn7HkdR6Qv3dPL+CA6L1fJhklkbmvZnr9P6ph6jSfbL2Z8tlw5cM3HJHfwEW1vgmq+071Vpqvc4us9Vw9OmsbWSf8AwfPT6zM4dne0vhnO5v3Gj0uo9Tz5lUpJfg45ZnW5P/Jg5NiScpJe5NFvI35J7meh03pmHTz5078JndHp/TcSpNNr3dhXgrvk6UZN/CNl0fUyf24pW/c9/wDrOm6ZtNQjJeKMn6x03y2B5H/TOt/+DX5Za9I6yrcI/wAM7J+swTqMJSfzwYT9YzNOoxhvwQY/9K6lLcVZD9N6lRvs/wCSsnqWeV/fV+xzz6rNLnLL/IETxZMbqcXFk2Dm27bbCiBplIhJt0tmsen6iX7MUmBcVF+aKlgU9lQ9P6iTTa7TddBnS5TA43gcVpUZOLTOzJizQ1KDMnNX2y0/YDKM3E2jkvzsXZGWzJxpkHZHInFxkQ+jlllcGtmUXZ04MnY9vQCXpc9d00vwUvSornLf8HdjmpRKtBqOFemYFzKTLXp/Trw2deg0RXN/Q9OqqH+WWulwLiFG1oTkvcLjH6GLxBAsGL/YjTuQu4mmIfT4nzBEy6TE/wC2jTvQ+5MauMP6LC+YkP0/A3q1+Dp7g7kNMcb9Lj4y0Yy9OyJ/bJNHpJqxOSGmPLl0WWPyZvDkX9jPVlJVRNoamPK7ZR5TQdzPVqDW0mZ5MGFr9qv4LsMcCyuPkuOeUd9zN5dJjd02vYyn0kq+1j4n1pHrZpcm2PrNbPPlinHxf4J7pLlMhr149VCXD2afUT4dniqT/BpHLKPDJi+nsRd+Ro8uHVzidMOtjKP3KmTFnTsTGc0M8W/3I1WSLqpExrWohWhrYxdNDoQANggoSAbAAAYXYBYQJA1oLABDAGAlyVeheBAVYJi4GkAwQr0CYRQ7JsLKG9iAAAAYJFZJp14PM9UxOoya0eqkc3X4nlwOHEltGoleCrT0ev0U4zw007Xg8mSlF0+Tq6LqHhyp8p6ZWGueEcWXuinTOrpcijL3TVMnqsay9O/e7TOXDNxf4CPXxy8f4NE9owi7lF+GjoilRFlMaENcBTewXIArsChiAIBoVjTAPIDHQRI4pjodUVAOxAUUthQk0lyPuCHQJUF0Fuk/AFKuB+DNSj5a2DzY4/3JlF0LyYvq8SdNuzHJ6hjxy5T/ACB3JhyeVP1RXz/gzfqaq02B7XHIu6Puv8ngZPVG9W/8nPk9QnLhsg+knlglt8mcupxLidnzL6rK0qySjRD6jI9ObYH0suuxqzB+qYY/9ySjfueAsk4+7JblK7Tf8Aexk9UjwnaMZ+oLjbfweesGZ/txSfyP+l6h/wDu2vyFdEut9rsyfVyfAPoctLVOuGNdBkfmN/kgzeeT3ezN55tq5M6X0EldyWvYT6NLndoiuV5Plic/k6ZdLGO/+DCWNJkajO2PuKUR9qDWIvYNmnZojtfBTCsLH9NktNBH1F+4MJcoV7OToLCgqx0wCh0C/wCAcqAKCqBMZA70IaCyieLDkcnQk234ABWNk3sB2CbFeg5QA2CBJ9qvmiqpFEg1Y34Dmq9gEkVwgpi2QMaEC5ChIdaGxfgAdpCSfkb2HKIAQwaALFVoEMBMFsPyNBCaEUAUUKihfwAqAYvJQ/cLBA0ALYDrQmALnkbJsLYDEERgITH5EAJBQxAACYXoAZI2AAD4GJsBByJDoBDE9AFPyIA4KgoYIl6YByT5aGJ8gA6AbAXgKGAE1Q2AmyKYVYgLErHIqMfJ05VaOZ6Z0jz9GE8dw0It5PsorL6H9O9OskG3uqPqseNRWj836L1PqfT8qnila8o+x9N/UnT9VFLLCUJ+dEHuKJoomWDPiy/smmdKQQvAXRVCcQBSKUjPtGtFGtjMkx9zA0AhSKTCmAhgAAFgAgsAEAAQJkspiIiWiaLYgrNoW0aMTRBk2vInGLLlEntIusZ9PGRi+no63aF3LyRrXBLG4+DN2vB6VRkZywJ+CLrz3szZ2zwb0jCeFolVhuyZJ+5o4tMTRlXLk6XFmi1kxxlfOjzs/omPI/8ASyPH8PaPZfBDQV8z1Ho/U4dxh9SK8xODJikm4uLi1ymfaKTi9GWXFjzJrJji781sekx8Y4Mlqj6efouBxk8c3BtavZ5Of0TrYO3FSX/p8m50Y8p/c6Qdh1T6d42k01LymiHB+xrUZJAW4tENAIlptFqLG0VHJMzOrJC+DnkqZuIlHTjdxOY1xSrRQZOTJo3yR1ZlQRnQUaKJSiRZGaixqDZskkgug1jP6YdhpYgYlQRX0ykPwDEfTQvpo1AgIOiJvZT0zOQREiWinyPt0VGYFOLNcHTyzS9orllRXS4u+VvhHfPJHHH5M/txQ7MfI4Ykvum7YCUZTfdK69jXUY29GObqI41Sds4snUTyPl0B3ZOpjFUmmcs+rk3o57vyII1lmk+WQ5kiApsQhgA7EBVOwsQyAspSZA0BopyrkayyXDMrHYHbh6uSW2dmPqVKPJ49lQm46sg93FPtScZNfhndg9Qz4mu19yXufO4OqcHT4PRw9QprXJR9Hi9caa+rj0d2H1Ppsz1On8nyymF7sI+3hOLVxmmvhmyytHxOHqMmH9kpL4s78HrOfHSe15NI+sh1DNY9QvJ87i9bwyX31E78XVYsi+3Iho9VzxzW0jnyQV6Mu9pXegWQaFLp4z5imc+T02E3cY1+DrWQ6sGWLVMuj5vqPSuog28cotex5maHV4W1kwyVeUfevHCS4TMp9JCSdf8AI1dfnrzNurpmcpzT/cz7nN6Lgyp3ijb8o8nqf07CTbhLta4TI3LHzTnL3Zm3L3Z6eb0PrIttdskvZnLLoM8HU40zP10l5ccpSXlk/Ukt27OqXR5L8Cl0WRRbomVd5ckupyJV3OvYzfVTj/cx9Slh1Jq/yefKbbfsX6z1n/x0dR1kssO3Trycjdgy4YZz4WisMmSzs/p6W1sl4E0Za8uSxqVG0unQvojTyzUvkqMkkXHFFP7kdEIdO2u6Eq/JdS81xSkpSbe2+WybR7EMXRPiDv5N4x6dL7ccV/BdTHhKM5aUJP8Ag1h0nUZOMT/k+gjOFKqX8FKd8uxpjw4el9RJJukmzeHo3meV/wAHrdyF3ohjhj6T0+NW5Sk17rR5OSKjOSXFn0WSacX+D57N/wByX5Bi+h11MW0n4pn0CX2o+d6SXb1EH8nvrJpN6BIugJ79EOaGteVSimZy6fDJbVfInkF9Qmnly5uiVPsl2/wck8GSPiz1JysybvlE08vLdxe1RpGd6OueGM+UYy6fs3EaeV4Mji6b0dU3KCUluLPNjK9M6+kzqN48m8b1+Cs/41jmUlyH1WY5un+nPvx32kRlvYWV0975JeR2JO0DRmusw+9sO4SWyu1WZaxNj2V2/AKJBDcvAm2a9gdnwBnbJcmbdgnjA55Nk90jp+mL6SA525e4KUjeWLWhLF7hMY979g+o09o3eITw/BdTGH1NidSe1Zq8GxPE0NMYTjF+DKUL4OmeMn6b9i6nlzOLiLu9zeUH7EPEXWfKFJFLLJcMh42LsaCZXXi6ua09nQuvjpOOzy+5ofeF2vZh1eOepOmbqUfEkzwVJM0WaS/uYNe23QrPKh1WRKnVG0OsSeyYvp6Ceh2cketxVt0ax6iE19skyYvpsJiUkw7kMNMYfgSBqvBLKEAIaExWDVhZKY7Qw0wJckvJP1EvIxNagzL6y99iedLllxNagY/1MfLQ11GKtzRcS9NRpnNLrsC1bZH/AFDD4TLjOu2xTdo4JepQi9Rv+TKfqifGL/kprDrsP0svd/uOeEtmnUdV9dbSRzphHsdFkjkxuMndI446bXyYYs0sbuPJUZuTthHesknjST2npnpQn3RjJvweEpvwWuuyYl2qmvkD3u5e4Jo8L+vyOg/6hlXkK95tBGWzwX6jlS1If/Uc9fu0B7/cvcG/c+f/AOp5uO7Ql6lmenLgI+gte6H3x8s+cfXZebf+Q/6hlXDb/IH0inFvRXd58HzkfUcnlu/gP+oZJN92STXsyo+kdpJtaIlkpX4Pnn6hmUaWSX+TKXWTldyk3+QPof6lJvaFLqoLlnzbzzrlieab8sGPov63DDmZE/UsaWrPnXln5bD6kn7gx7eT1Rpfa6Zzz9TnV92vY8zbK7e6vwUx3/8AUJy3dmUurySfJniwxku2UnFe6OjH02Cv+5Jr8Axi+qybM/qTm9s9FdP0qSuMvnZrhj0sZU8ca+QjyXGb4UpfgePDmlP7cORr4R7sc/TReoRSXsjVdZiUai3H4RB4uP03qcvMOz8m8fRcvbcsn8JHo/1eNStt17mn9ZBJtN0wPPj6Kv7sr34N4ej4Ix3G217m/wDW429tWV/WQAWPoOnxpf6UXS22arp8KpxgkZvrI1etkrrMa5ewOj6UaojJC3tIyfWwozfWxf4JauHkjp0YRpWypdTHhGX1YmdXCnTte5CVL4K71dozclte5NWRGTejlmuTeckjKS0NdJGVDoAsqmGhAAVoiSt8GlCa2Ux71v3saJprbeikjkq0Ju1oT4HBWgEgUXWxpNaH4ICqEJvZWgB/t0JPQ9IGURzyhrjYMCh8ktDvQmQCS96AKKoAXAWDH4AKvYoqhxsbQCdhQ60gAlqgv4KFVEUXYAMoXkFsdEvXADetoESrKAGNcCY7AVWD8IaBgLhgFWHLoB+BcAJgDFsftQ6ASGFAkAqpgMQAABYDDwKxoCQHQmANhdC8iCnyxVQ0MIkAYAFioYAKhWNiaCjwHgB+AAAsQQCZTE0UL+BDoKIEMAAADwIAoQ7Ewo8AIaLEpPgwmk38m7MW9m44dRk1QFNomrNMM5K+eD1PS4ObTTaPPlG0fReg9L344ulQHt9BgcUpbTPVhklHzZlhxdqSN1EiNYZU1s0TTMEqGm0BvQdpkpstTsBNUBemKgJGOgooO4akTQmgNLEQmPuAoBKQEDAQAMljACWIoVEVLENolkAIYiKTJcSgAyqgtotk0RUd1iaT8FOJLTRFZTwpmEsFHW2xXZMXXnTxNeDOUWj03GL8ESwxfgmNa8xomjvlg9jGWFp8GVc/a2xqNbNuwTiUYTwwmn3Y4u/NHn5vROnyKTxuUJP3do9ah0WI+XzeidTib7Y/Vj7o8/L088WRxlCS/KPuVEnJhhkj25IRkn7o1Kj4bstcEuB9V1PouDK/9J/Tfzs83qPQ+pxv7Kyx/wDTya0eK4GGXDe0j0suGeGXbkxyhL2aMZQ2alR5UotBDTs78nSpq/Jg8Pa2qNaG6krMZqmax9iZxCIjstIzTo0TsiwMzlI0ktHPN0yqrvGpmVggjZOy0RBFkU7HYgAfLJnwNcilGT4TYRnRUU3wrNodM5cnRCEca1/kqMcfTt7ktGqk19mNaH909Xo1x46WiomEFFW+Tl6jqOYxfBXV9RX2Qe/LOK35AJOyQABgIAAAAqAAAAGIApgIAGAAtuvJAxWe56V6Ni6nDLN1MnS/bFHr9H+mug67pcn3fSyRekyauPjQTOrr+il0WaWNyUkuGvJylFJ0a4s0sck0zAtBHtYM8ckU0dEXZ4vT5HCWuGevhl3RRUrVFNolAVkFxnKLtSaf5IZLn2xdsK78HqmfB++bklxZ6nSerwzRbn9r9j5RzlllS4R0432+SYPr8XW4cn96R2YZqauE1/k+K+o35Zrj6zNipRlpe5R9zDO4c8G8Myls+Nwes5Y19Tj4PT6b13p5VGen7sI+jU0KTjJbo4MHW4Mi+3KrLyZGnyn+ALeCMn8ET6GM41SZMM1GuXrsPTYfq5pqMF5YPry+q9JxRjKT+yt34R8f6v10cM5YcGRT8No9X9Sfqz+pwvpugVY5alN8v4PjXKteQ1KnJOU5OUm22QrclFbb9jt9O9O6r1PM8fS4pSrmVaR9h6b+mcHRYrzL6maXL8Ii6+X6H0p5Kn1CqPhHrrp8UIKKhGvwe1k9Nil9jOXN0WSCur/AWV5r6bFJP7NmEuhh7Hodkv7ouP5BxQxqdPJn0P8Ato5p9HJPi/we5KNcIzcSY3OnhvA/MWJ4X7HtPEpPaJ/p4+UZsbnTyVjaQ+1o9N9MrJfSr3M5TY8/d8spTmlpnU+lp6JfTy9hlPjFZJeWV9SRX0ZewnjaXA+mRLm6p+TyupVZWes8Ta4PM63G4ZNlmsdRji/7ifsevGbkkzxoOpI9bpk3jTLU5a9zE2WsTYPGzP1tmCNVibK+iMVi9hRssY+xImGse0UoWbKKH2lR52bpnbcUc909+D2HFNUcHVdM4tziteSxixp0vUpwliyrT4Znmx/Tna3F+TnT3o7ullDLFwnyzWudjCLdWjTHk7uTLPiydHleu7G/PwSpqW0MWXHclF8FKKTObFlOqLTRmx15606iHahpDMtkkh0gGkQKiGaEyQEpJh2jQ/AEUVSHQBEPQJWU4oaQEUhdt8o0oNBGMsaBY17GjVsZRg8Sb4Jl098HTQ6A4P6beyZdNR6FWHavYDy5dP8ABnLA/Y9ZwXsS8afgaY8d4JckOMonrz6cwydO0uLRdTy87ukilkOh4N70Q8I1PLPvNITrdkPEyexorOOhZ5Lhlx6vKn+45KYLu9gn13R67KvY0XX0vuTs8+5ezDufsDXo/wDUYrmDGvUIv+xo83uF3g16UvUI+EZPr+adHFbfCJ7Jt/tYNdb6/K+GqE+um38HOsOV6UWaR6LK+VQFPq5Py0T/AFUvc0j6fN86NV6avM3f4KOV9RJ+WZvLKXMnR6UfTMN/fb/DLh0WFJVD/IHlqTa5D7vFnsx6fGuIRRSwY01UVSGpjxY48suISZT6fOl+xnt9kUtKhx0xpjxodB1MnqGi16ZmlVUj15TSSt8EfUi/I0x5b9LzLyZZejyYYd7Wk6PWlmitGOXPCcJRabRTHkMvGKaSb1WysYRZcemlli5qSS9mSOLktK6Ab6OUU7yRW/BL6ZLnImUnN0nZSjN+GFxi8MVe7J7YpcnSumyTfBS6Kfs2DHF2ewdjR6C6DI1cVQ16fl8vQMea4sXa+T1l6Y2m7aCPpk1TctewMjy1ETg/Y9qPpirguPp6riip8eEsb9ilil7M9+Pp+OqlFSXyaY+hxwX7FXhJA+Pn1hlV0P6Ev9rs+ij0kK/ain02PXbBfkD5z+nnX7G/wXHpm1+1/wCD6J9PBLaSKWCK1SBr53+ln/t0C6bL4xv+T6P6EUtJD+knyga+fj0+Ra7HZccGXhQZ78ccV4H9JewT08L6GZRtx/gX0Mz/ALT3vpL2D6MX4KenhLp8j5RX9Lk9nZ7f0lvRaxx9genhLp8yW1oP6XL+5Jv4PdcPFE/SoJ6eL/Szb3Gh/Rmnfae4sUWuBPCr4Ca8R4ZXSTBYMvc/t1XJ7X0kw+kkTD08J4cl/tFLDkr9p7jxRa4IcEvCJY16eEoSvdoTjJM9bJhT8HNlxRtbarwYxrXE2yL2dM8MW+dGaxx2GoylRk3wjonFeEZSVkaZMkqSEVSGAAMLEFlHv1oB9zfIHIAXQe4ANO2NvdE37MEQPlg2IG/YoEpPfa6YX8Bytio0HzzyCQ70ACDwNol6JQLwUgQ9+xAMQwKBIYhMCrsQlwOgCwsQBVMExCCKsl7K1QklQCSoYb8AthTEOqAAQAgASQ2CegALJd2VoNWARQ7AGACAGAhFA1aAQh0FACQB4ABNgAgE0KimKgHwAvAkrfIFcktFAwE0IYqAXkYAwExA38AAivBLGUAAAAh1oV6DlECGgBBQyRytommAMRQmAmAWLgqDyY5dM1IyKzUc+oxHEBo24iStHpejety6HMsU8alib8cnneDP/wB4mB+ldF6jg6mK7G037nfp8HyPok04QPrMX7URFUFM0SHQGdBRpQqAlFWFBQDsBUADALCwJaCigoCaC6KoloA7h9yJ7QoCrAngXdXJBTEHcmPQUmIbJIE0JqhtsVkUrE2USwEIZJFDExiIpNEOJbEBlTC/ctoVEE2gcUxuJLTXkiolhXgzlhZvbH3WF1yfTaF2HZSZLxpgctDNnjolwKMqCi+0VAZ5cUMqrJFSXyef1HonS5bcHLHL4PToFEo+a6n0LqMSvFWWPw9nldR0mXHJqeKcWvDR93RM4Kf74qS+UXUfnksTW6oznjfg+46j0Xo86dQ+k3/t4PK6j9O54P8A0e3JF8+GjcqPkpRaZUHT2dXW9Jm6bPPHmg4tHG00Ub9tkyxRfgWOfhmy2Fc/0EP6VHSlY+z2AwUB9jN1AdIg51jZaxPybJFIDKOBJ7NoxUeEFoU5pLXJUNtIhJyd+BQjKW5P+DWioEqIy5XCLS5KOfNuRRxyW2/JJc+SGBIABQgAAAAABiAAGAAAAAEAbdNSzwv3MTTD+9Eqx+h+m+mLN0y+jNNKNtow7o9L9WEpfelatnzWD1Dq+mg10/U5MSa2ovk4M/UZckm55Zyv3kYkVv6rnWabd272zzi3dGbOkQykzMuIGkeT1OgyNxp/5PLhyel0i1oM13WNcEKxSyKKtlRU59qOduWZ+0RLuyytr7TdJJUighBQWkXZNhYFplKRi5B3peQN1Iru1p0cv1Y+ZJB9aH+9f5A64ZHB6k/4Z14vVcuOl3OSXhs8h9TCL/cc+frdVDn3IPppfqaGCP3Y+6Xw+D531D1jqOvnKWXUb1G9JHmTyt+SJZPAVpPLfJ6PononUeq5FJpwwJ/dNrn8HD0nSvLNTyftXj3PqOh9WydJijjhFfTXhaA+o6HBg9P6aODpY9kUufLNW0zxen9cwZGlk+xvyehj6rFk/ZNMDdpEygmgsdk0Yz6eE1UopnPk6DG1UVR3WJjVeRP06cX9rtHJl6ecG7iz6AmUYt7VjVfOdlc6FR7mXpMWRNOOn7HJl9OrcH/BNalea4kNHZPpcsfFo55xcXtNDWtZUFFg0F1k4ia+DRoVA1m0keT6rCpWe00jg9UxX0zkk3JArwPwe56dNSwL3PF4dHpelzuXZwGY9RktWxsQb0JDAZAiGaE0BNDodAQKkKUe6Li+GPdjd0B5fVdM8bcoceTCEmtp0z15R77T4PO6np5Y5WloM2O3Flh1WBYstWlVnldVgn0ebtl+18M0x5HB2mdcskOt6f6c6U09Nllc7HHjyXR14ZHm5Iywzp6Ovp88Zum6ZpNx6EJJos5Iyp6OiE7Rix2561YMExmGyFLgbE0BI0FDAkpCaGgABNgghiYAUCCgHYCoAQMAQeBUV4ClQeQ2NBCoXaWLyFZyxp+DN4U/B0eAoI4p9MYzwNeD0qsTgvYDynjpbRKjTPUnhUuDJ9IUcfc+GrRUe1vaNp9O4rRl9NoJi1jx89qLhjxL+xGNNIcW0wnl0xjBcJc+xooK0/JyrI7KjmryNPLpdAkjD6wfW+Bp5dNDb0cn1X7gszGnl092x96RxyyNvyS3N8BMdksqRm+o3o5qm/DCOKT5TKY2fVb0Zy6iTlyOPTt8mmPpdgY/VlInbO+PSpcmkenitpAecoSloPoS8o9NYkvA+wI8jJ0bmrS2cyxSg6ke+o0zzvUElmaXg1Ga4/g7OhwwyP7qdHEXhyTxZFKMnGn48hHtLp4eIL/BounjW4RMuk6mOdatS9jsT0BnHDCPEUaKEFugGkAdsfCF20XyDQRKSQ6THQ+0oSiNrZSQUE1NfAFtEhNNJVsfaqBbLoGsu3Y6dl6HoCUh0FbBFZ0qKQJFJJACQ6EPwVR2oaQrHoICShUAWCCgAHoh7ZoKgI+KIlE1JZFYuJzZsdxdafudkzCTuzNalcLhadmLTV22/Y6JalVGeX93Bl0jnkuTGS8G8kQyNRzSM2a5NJmS/wAEaPwKxhwUKhMbYgPoFpjBLhjOYS/IBYmADYnYfwEKxsSXNhy1plUwp2NIKTfkoFwP5FwUuCBXYcqgSt7HVIgXFDE1XuOwAXkfgVcFBe0hjTBgJIdCQN/IUNUIf5F55AYMGqtgmENBwIbVgIEg7WNAPwHkAXIUCBiKGMQwF5BDEQADEAMBiAVjBIGEK2ADAT4JspvwSwosBBYBehN7GheQAYDYCAAQAAySguibGACoEMQAwALATYAwAVJlcCoZFK6AGACsd/AmJgPuE2AmACATKBsmWx+9hKOixnqfGD5AJKmB0eeqiRKozV+SlobStP2YR9P6HgkoRrfk+owzaSTPmf056j0s4/Sk+zIvD8n0+OMZU4tNfBEbqRaaZl2grQGwEKRXcAwoLABBQwKJEyqCgI7hqY2iGmQaJ2BltAptAaiJUx2AMmSKFRFZtULuaLaF2gLvGmmS4k00RVsCLYKRBRLY7FYBYgEyKGSx2KyKBDJaABBsLIoE0OwsCHEVFiZBHA+4dCaAakgdMloW0FNxIlBl2x2UYUFGzSYnD2AzoVF00SXUCQ+1CTKLKPN9a9Lj6l0zUajngvtfv8HwPU4J4Jyx5I9s4umj9PZ4/r3o8fUMTy4kl1EV7fuNSo+BWmbY5XQZcMsc3GScZLlMytxZodiTLSofpuXp55Pp9VJwUnUZJ8Hs5v09l7O/p8sc0HvmrJR4onZ1Zujz9NLtzYpw/KMXHmtkGYwaol29IAlL2HGPl8hHHXyaGkFBYwoolNNmGdNNnT2mPUxtaCOCXJmzWapmbKqRDABAAUAAUolqAXGdAka9gdgXGdBTN1HQdqIYw7RdrOjtQdqGrjBRZeNVI17UNRSZNTGt/ac0+TovVGE+RBm2SNok0gKTJBBG2N7R7HSR+w8ro8byZ4r+1cs9eU444ugKyZFCJzwUsz7mmo+EOMZZX3TWvCNZTjjiEaKNLQpSUVbaOLL1yjaWzhydRObbtoo9TJ1eOPk5svqFP7Uec5NisDrl1035Zk+oyP8AuMRpNgX9Sbe5N/yVFv3ZKjQwrRSpESnslyozbbCKlOwjLZAAdUesnFrfHk6Yde+LPMGnQHs4+rjL93/k7cHWdu4y3+T5vuZrDNKPlkH12H1jPj82j0cHrmNpLJFqT8nxWHq5NpNndjzJ8Mg+1h1+DIvtyKzT6l7Wz4zvrhtfhnRi6/Nia7Zul4sivq+8O48PF601SnCzsxep4MnMux/JFehYmZ48sMn7ZJmieyKlqzHJ08Z8xR1dth2BdeZPol/ajnn0OVcUe52IOxF0183PFODp45fmjOmz6aWGMuUc+TocU7tf4GrrwHrkx6ld2KUVyezk9Ndvtdo4s3R5IP8AY2vcumvj88XHI0adJNwzxaOj1XB9LNdVs4otxkmho+kUlJJodHN0eRTwr38nVRWoQDoRFIAAAEMTIAdCGBNEzipRpqyxNbIrzM/TuErXHsc8lKO4+D18kO6NHHkwOK+AxY87JJz5FCVSRtkx7dHO1TNSudjux5bSOiGRp/B5uKVM7MU70ypLj0IO+CmYYZeDoMWO8uwrE2MTRlohghsBeBMYAKgYUOgEHgB2VEgU0v5J8gUIfgRFNAIaAdaAACCxDABMEMAAEHAIoYmMTKiaTexPGn4LY1wBzTwJkPBXg7GrYOKA4Xhd8E/RaO5xQuwiuL6dDWOzt7E1wCgl4QNcbwsI4W/B20vYT/ANc6wFxxVyaoqioz+kjSMElwNIaKzS7UvBSQhphDLSILToAYUFjsqJaPH61/6z+D2JvTPC6ubeV6NM2sG9k20zTGu5pVZ35fT+/CnBVOgOPBmlCVptfyez0nVLKknqR4DjPG13qvhmuLNKDTTphH0wzg6PrVNduR1LwztjNNJkGiAAAYAkOiodD0gQFQCqxjAIxopggYQgDllKICSA0SE0VELkpIVNMpcBBQmtFCYVPkaE1Y6oBhZJXICsAoKAaAQABMlQxPYGUjKUdG0kQ7ozWo8/LqbMpU2a5eX+TKRl1iGjKSou7FMy1HJlW+DJrk6ZrRhLkNJTE2NIdASwKolgfQx3Ch0AGAqE/I/N2L+5gNc0LyMP4CAerpC8B/5AqhB8isKY0hIoBcBYNWuRb8sgdtsQAwGDFsH8lAMAAQ0gaGkAmgGDRFHgVAhsoQ7EgSCGFD4BgKwYWFBRY0hUABLgfgTGmUHkGJsEENAgAgXwMQANCehoTAAYrFyUAeQYBUsQ2heSACgBEDQAuQfJQWCYUJ68lBJiExoqAAYAIGMTAQACIpgFDogQUHAWFS+RgJgJoTKEACYAUAhi8gIYPQrAzmjO6NZ8HP5ZqVx64XYStRsmL2aNXB/g0xjq9GjGfVa/fetn3vQRljxq/KPzDpOrydL1EcsVbi9o+59J/VPR9Qljyvsk1avgM19NF2h1Zliz4ssU8c1Je6ZsuAhdoUUhgQnRVg0KgKsCR2UMZNjsABoYAS4kuJoAGXaJ6RrRLiQZ9zGpCcQoKqxEN0NSIGxUHcFkEtENGpMkRWQWU0S0AKQWS0LZFWIm6H3EUCCwAViGxEUqFY2S2QNSHZIgLAm2FgUJoLGBNCcSxARsFIqhUAWmFJiaFtANwIaaL7vcdplGQeTTtTBwA8L130WPXRefBFLOltL+7/8AifE5cE8cpRnFqUeUz9QcWjyfV/R8XqMHKCWPP/u9zU6H5+17nteieuZehksWW8mB67W9x+UcHV9Fm6TLLHmi4yXHyc24s3o/Sunz4OtwrJjlDJF+6ujmzek9Hnbf01jk/MT4zofUOo6HIp4Zv5i+GfX+mes9P6goxtY8zW4Mg8zq/wBM55OTwZlKPhJbOHL6fm6bU8UlXwfbLTKk+6PbJKS+VYR+f0m9ITifZ9R6R0fUtuWPsk/7oHmZ/wBN5FbxZlNLhVTZR88M6s3QZ8Day4Zx/g5+2i6mJQ3FSVMdBbRR5nVYpY8lSRzs9nLGOaDjNfh+x5ebBPG9rXuUYBRooD7QqFGy1EpIdEaJIYgbpAFhZDmT3sDXuAzUjRBTspEpFcEUwACAfBlJmj4M5FZqY7Y3AUeTSiowcaLw4pZcijFX7m+Lp3kfwd0YQwY0or7is0YoQ6bFSW/LGoSyS758eEEIObTl/g16rNDpcVzpzfEbCMs2eOKLvleDzM3UTySu6XsZ5Mksk5Sk+SSgtgIaVhQBSgUkkBMYl8A2kQ5AVKRDkS3YgHYAAAAAEAAOgoRSEkMgak0XHLJeTJggPSwdXqps64ZFNaPDTZ1dP1Dg0m9EHrRZd2YY5qST8GqkgNsefLB6yNex2YvVOoxV3NTivB53cL6hB9Lg9axSUVOHbfsd2LrOnzK4ZY37M+N+oEcji7iyK+3Uk+HY7PkcHqXUYFX1G18nrdN61inBfWklL8kHrgceP1PpZulkS/k645ISSakmvyQFWRLGvY1ALrgz9BgzKsuKMv4PK6n9N9PlT7G4PwfRtEOIXXyeH0TP0kn96nH4XBrPFODpo+kcPYxngUuUNa1884szbrk97J0UH4OPJ6YruEn+C6uvNA6snSZIf2t/JzOEovaZdCEOmFBQJh5KIJAqhURUtETjZqJlHB1EFC3R52VJu0e5kxrJFp+TyeqwyxS417ljFjlVo3xS2ZVascHTNOdj0cU6o7YtNHnYnas68MiVvit6EAzm6pYAwTAdBQwKEAMAheRDAA0IYiKGADQDFYyQK5AlWUEDAGACGgoaKEwGOgJQFioIkaH2hVFDEwQwJodFUIgQmmUBRI6sYwhJIfaFDYE1Q0g9iiomgS2UNbKhJFUOgCEIrtBrRWbWGSXbGUvY8XLLubfiz1Otl2Ymn5PJfyVGnTRcskKXk9+K7ZI8n06HdlXxye1VAcPWdCuqfiMldOzxZ4p4Mjhki01/hn07Wjnz9NDqV25QPBhkp64PT6Prv7MnC4ZwdV0s+lldXB+V4M4yCPpseSM1cXZf/wBTwen6ueKS26Xg9bp+rhli6dNc6IOrgq9GadjTsotcl0TFFlRI0AVoIpIdBFFFE1TKQeQoMn4E+BDKDkaQkOwChMYEE1sYVyOgJoEVQUAqCh17gFKhFcE2AmJlNEtAZzM3pGzRlNEWODLFd7Zm4/bwdPUKjnlwZrpHO1TZEraLlyJ8GHSOfIYPk6JK2ZSi7DSAa9hgQTTCrG/3DKPdboXc2JjRgLyOvIvAwCwAPADAEMA52JIPIwCx3oSTYcJogBJjS0JraArkQlfgfgATB7FEeygQ7AH8gK+CrJH4AHsL0CDwFCKJQwGkFAmDYCYAwSCHFeQYwAQBaGAqJdoqxMABBQIB+AoKGAgARQWDAHwBI0CACWgobEFAhgwExAFEDQxIGygYgQFQmKxtiAdibATALGSkUAqGgBEUeBgS2QDAAABcgxFUByAwJAGhUAwATYA2IGgRBMkZSidDM5x5GjCmLv8AFOi5IO3RfSXnXHKD7m/BeODV7q+To+mhrGh6TxGvS9f1fSJrD1Eor2s+i6L9XzxxjHqMaarbTPmXjGo0uC+mLw/Rui9e6Lq0u3LFSfiWj0oZITVxkmfk6pccno9F611vSNKGbuj5UjWsXiv0mwPlui/V+KXbHqsfY3q09HvdJ6l0vVq8OWMl+SsWV1gJNNWgCABgUKykxUICxCsEwGAAAmS0UBBnKBHabCaCsWmLaNWiXEgjuDuQ2iXEgYmiHcWHf7kU2iWilJMGRWbQqNKE0FZsXcy2iXEgXcF2S0S7RFaEtCUh9yIEA3sTRFMQAADskAKsaIBFFgybHYCBgACoVFBQEbRXdQUDQB3JiaTEG/AHN6h6X0/qOF480an/AGzXg+K9V9C6j0+Tc9wb+2S4Z9/ZM1DLBwyRUovw1ZZR+WuLiVjySxyTjJpr2Pq/WP0xaeboF3Llw8r8HyufBk6fI45ItM6S6PofS/1LPFGOLq08kf8AfW0fUdJ1OLq8SyYckZxft4PzKzs6Pr+o6XKp4csoe6XD/KCP0duhWeD6d+pMHUNY+qj9Ob/vX7T24TjOKlGSlF7TTtMBvaadNPwzi6j0npc93j7Je8TvGkEfO5v07ONvBmU//S1TPNz9B1GBtZcMo/LPtKE4xaaaTT9y6Pg+0icE9NWj7TqPS+j6i+7EoyfmJ5vU/pzIot9PmjL4kqLo+UydKrbiYPE09o9vP6d1fTyay4mkvKVpnK4Rl4Gq85Y9g4aO14F4M3hYVydlkzg6OrsolqwOBp3wTR2ygm+CXiXsVHLFM2Rf0/gf02AkA1FhTI1oRQKMnwmNYcj4QNRIhnZDpW39xvDpcUFq2/kJa87FhnklUYv8ndi6SMdzdnTFKKpaIyZKVR5ZWdTkccaqKX8Cx43L7pBjg27lyb6SKyPqQwwc58LhHh9RllmyynN22dfW5G2o26RxdtgSNKy1D3KVIqpUBpJDbIcgLb0RKZDkSwKcrJAAGIAABiGAxDEAG/TdNPPNRjpe5jHk+h/T+BzyxklFxXh+TNoOi9Aw9RnjjnncXLh+7K9b/Suf0uH1I5o5IPheUfQ9X02dtTyYuyC/bJRqjh9TyylgvJPuVVtk1cfFSTi2mtiNupp5W0zE0hplJkopAdfTZnFqKO+Mmzysbppo9DBLuXyQb2wHQJbIEK6NGqWzFvvl2oBpub+C1HVNDglFFFwSl2u1o6sPVZMW1N/5OcTGM69bD61nx6lUkehg9cwSivqR7X+T5a3Y+74Q8rr7fH1fT5VcMidmqp8HwiySi7jJp/DOzD6t1WKksmvkz5XX17iiHE8PD6/KK/1Y9y91yehh9V6XOk4Sp+0uTNi66nAh40jWM4TrtknY5LfyTGtc/aYZenjN20v8HW0S0RqV5mX06ErcXRx5PT8sE2rke5QnCxq6+dlhlHmLRDVcn0MsMZaaswydFhkmuwauvGaoDvyentL7Gmc2Xpc2L/3cn+EXTXOwascouP7k1+QKuoZnkxrJFprk0YFiV5GfpnibcVo5mt6PcyQUk7PP6npuz7ocP/g050+n2kjpx/bLkx6ZKkXkmoZE5BmXK6kV4MseSM1cXaNE7M2OsukxIoRGgAAAxMLEwBAAAAAxEVQ0SUggYJAMCa2MYAT5KSElsoAEFgUA0SMARQgCGJj8AUJIYeAABMdC5IDwNCY4gNhyJuwRUUAL5GVCoYDoCQToGNIItACCvISmmHILgUmlFv2NRh5fqsryQjdcv8nCuTfrcv1Mvd7aMFb0uWUep6XC4SlXk9FHP0mL6WCMfLVs6CAGoglssqMp44y1KKknyn5PK6v0qXc5dO6/9DPZboVJ+APlXKUX2zXbJeGa4cjxvuTb+LPY6/oYdTT7al7o8jL0ebBJqTTrygPS6T1CK1O78Ho4ckcjTR81CSvemv8Ak6MXW5IvxS4QR9MM8/outjlhuW/Z8nbDIpcMosdAnY2VB5KRJQQBYtgENACQJe5QItJC7aKQCr4EygoCKGiqFWwAKHQMCWrCikGiCaF2liAmiWjRolgZsymtG0jKbCxydRwcLbt6b/B6GZWmcT02qMV05c72wFIa1tvRz11jN8sxyWbTM5DWmI6KapEMBuJK4GrZVKgPaqxNaH8XwNSS1oyElY6Gpc3V2+H4EwBhYqXuCWwHXBQgAKEOxECbaBux3YUgBIGC8hwAAmqDkaRQq2xoGCAYUKh+AENvQNbBIAAfgQUeB2AAAw8AAeA8CbGmEKhjsV2AgAAAAK8AIaoKAAF3AJoAAAKB2PlCb2JsCfIxWOwDhCH4EUAACYAkOhktgJiasYgEAMLKhkt/AxMBAgKSCkgoYECCxiIoEMQAkDYmK7AGAAAAIdgDDQEthTZIbY6IECHwCACZclCqwrFxfdbA1a0ZsigEhFR5INoJPkt440RDg0V2EZPDu0TLFXg6hNWUcji1oMbnjlcJSi/g6XAzlCjU6ZvMr0+k/UXWdK4qTeVee6R7/Rfqjpc9Ryp45P8A3Hxco/BHa+LNemL+b9Rw9RjzRTxzUk/Zm3g/Lun6vqekv6OfJF/DPa6H9V58eupx96XlMuud4sfbiPK6L17o+rpRyKMvaTo9OE4ZF3QlaK54sBDKAQwALCxAA2TQwIJYi2rJaAhoVFtCZFZtEOJq0DRFc7VBbRpJEtEE947E4ioiqEKxWFDRDVl2SzKoolpmjRLRBnbQ1OinElxIqlJMZlTQ02gLAnvKTTAAHQqAYgAAHYgKHYyQIGwFYWAUFDBgSyWiwaKJTa4Z5/qPpvS+oRaz46k+Jx00egDVllHwPqnoHUdE3KH34V/elx+TyacXT0z9ScPHh8r3PG9S/TvTdZkeTFWKb9uGblR8RGdcnd0HqnUdBNSwTbXmEn9rQuv9G6voZv6mKThepLg8+/BR9x0H6l6XqZrHmTwzrn+09vHOOSClCSlF8NM/LlNp6Z39F6p1PSyvF1E4r/a3r/AH6GB850X6ojJJdZi3e5wev8HudP1vTdTFSwZoTT8XsI3GIaICTtU9r5OLP6b0fU39TAlL/dBUztAqvn+o/Tur6bM//lkjy8/pvV9NJ/VxNr3itH2jRLVqnwUfB9qbryT9KN8H2fUdB03UP/Uwxv3jpnl9R+n4tuXT52n7TRUfPvFF+CXgXg9HN6d1WCVZMLrxJbTOVqnTAwWCPsDwJG1ByU1zrBH2LWGC8GnAFxNJQj7IfahiLiaa0DdAZZW60gJyZd9q5DHGty2zNOMV9zVin1CXBFdXcvejPJmilyccs7fkyc35YF5JRk23szdEORLkyjRszlImxMBuTEIAABiogAHQUAgK7R9oMQMrsH2BcQBfYxdg0wlyej6b1s+jzRyxXd2taPPUTaBKPq/Uv1h1fW9OsUMOLHHz5bPnOp6ueW022vBlN0YydkEydtkjbEaDRSJRSCNMZ39KvJw4uT0emX2kHSh6W2LgxyT7vtQBlm5tRjwVCPagxwrfk0CABOSXJlPqIx8lGtg5KjjydUlwzKXWPxZUdzaYrV8nmvqp+CH1M/cK9Xuj7oHJVyeR9ad3ew+tk/3Mg9dSVcjUkuDyV1E/cuPVSXJFezi6rLincckl8Wd+L1rPj/c+5fCPm11fvZrj6tXyTB9hh9bw5I3kg4t+3g68XWYMy+yaPiV1Cb0zTHmalak1+GYvK6+35JZ8xg9S6nE125dezO3F65L/AN5BuvKM41r2aE0cuL1Tp8i/cov5Z0rLjmvtmnfsTF0qApolkEzw45/ugmcuT0vBkdruT8bOtMdl014+X0nqINuDUl4OXJhy4tSxy/NH0imNqM/3JP8AJuGvlJNceTm6pNQvwfWZeg6bLb7FGXukeJ6z6esGBTjNV3VRpLXldPdqiOu/7i/B04I9sbfg5M8XmyutsrDmxZp4J2m2vY9HB1Mckdf4PMyRljdTVMUZSxu4sNS49tSsq9HB03VKWpaZ1rJ3cGcbnTQBpAGyoAAgTAGCTYAANDIAYvAwABiABiWhsASBh4AAAAKEUhUUgg4F5GxBFCYAAv5GIE6CqFQ34EEAwAoVIEAAMYhN0BYJkdwdxUXasdoy7th3AbJpIHkSOdydkudhMdX1EYdTlUcUn3LgxeRr8HL1WVSfL/BYzY5csrfJp0sVPMk1pGen4o16VNZO7wWpI9yM0i+9HmvLK6ph9aaM6vl6amilJM8v+okuSl1TTLp5ek+RpHDHrUueC49bB+aRdZx2UZzxxcaaTTM49Xjl+2aZtCSkrtBMeb1XpcMlyxScZeE0eXLBlxN98dLyj6Z0/YznijOPa1o0j57Hlqvg7MHqOTHSlTj8GvUelRk3PG6l4XueZlhm6afbkg4/NchH0WDrozitnbHLGcdbPkIZn4f/ACd/T+o5cVRruT8vwVH0Sdj2cGD1DFOlL7ZeDshNSSafIGgBY1yghxRSQIGUMBFIIAKoTAQxB5AqhB4ABUIoKAVCoqtCAloTKZIVEkzGX5NpOjGaIsYT4Zw5NSbO6fBwZtT2YrpyxyR0ZeEbTZktHKuiZ7Zm1pmzM5BqMnZJo64olpBUpU7vgq9CQUB7QDvS0KmAcK20H/I60OiBJDE0wiQO6E9hV7DVlB275BjukSQCGCQAJugTHSu/NUKVJlDQWFibAd2xrVElJsBhwHkAGIa5GRUr8DEvOhgDAT2H8gPwFisaQC8DsAoqDkYAAmPkfawqgEhiB2AyW9hY60Akw5H4IsopiYXoVgPxsnyMKAQUMLATugoaGUKgSYNkuRRZLEmHIC8gABBQNaAVgHgljewSAVbKrQBYUCHYEAAA/kBMQxBQKvgYMglAx0FASMYgEw8jEFAD/kXkgAoGC4CkAMAJkZtGrJaIrNIpIEhoitIPwWmZx5LTCLTKITKAY1wKwsIXbZDxLlM1Q9Ac0oGfY0dlJicExpjh7XGVo9DpPVur6Rr6WWXb/tk7RlLEZvHRqdM3iV9R0f6ugnXV42n4cfJ73Sep9L1avFli37Xs/NZRoUZTg1LHJwkuGjc6cr+b9XTTVoZ+e9F+o+v6dds5LJFfG2fQ9D+qulzJRzp4pv8AlGtc7zX0AGODq8HUJPFkjJPdpmz0GcAAAAIYgEJjYiCWhFMTCpeyaLolkEtEtFiZFZtEtGlCaIrFi7mjVxJlEio7h6JcSH3JkVqxEd7XI1NMiholo00yWiDNoTtGjE0BCm15LWT3JaFQGqaYGLGpNAagQsi8lqSa0AAMQAJoBgIdgIB2MmhgDQh2BQqFRdCoCJRUoOEoqUXymjw/Uf0v0nVSeTp28OTwv7We+Jxs1Kj889R9E6zom3PFcatSjweZtH6pJWmmlJPwzzOt9C6Lqm5/T+nka248GvQ+AU6Nsedxl3W1JcNM9frv0x1WKLlhrKl7aZ4ufp83TyccuOUZLxRd0ez0fr3W9OlH6iyR8qe/+T1sH6phJqPU9M4/+rHs+LU2qNlkdFR+gYfWOhzUo51FvxLR2Qy45/syQl+JH5pHPJPxRrHqmnatP4dDB+kb/InfsfAY/UssdLJOP4kzqxet5of+/wAiXy7A+1SsTj8HyS9ey1f9RkGvX8v/APky/wAAfVU6qnRz5uhwZ1WTAr90tnzq9dzy/wD1UvxRE/W89f8AtWT+Cj0up9ASjeDM4/EkeV1HQdT0u8sU4+JLgyn6vmbV9Rldf+o5snqE5XeSUr92aiNWth+Tjl1Ut7M3nk+WVHoNwS3NX7GU+oxx4bZwd77mxOTY0x0T6tuVRVGWTPOfMmYttMhuyauKcxOZAAPuYrbGolqAGYM2WMynFpgSIYqCgKKUSlEGJSGolUMi4ntHQwYCGKwsBlJE2NMKqgpAmMgXbspKmNIAjOZkzWRm+SohgX2ktFANCRSVhGuL9yPUxaSOHpsVu3wdrfatcgPJk/tiPHCtsmEPMuScudQRBu5KPLOfN1SjpM4s3UOTezncr/IG2TrJytIxeSUuWQxFRfcxNsQFDABAMBAQMEIaCmWnogLA17mlplRzSXkwsdkHUuqcTpxdWmts8yxp0TB7SyKSNcfUZMTTxzao8XHmcfJ14uoTGD2sXrHUY67l3rzZ24PXunmqy45Q+UeB3poV0zF5alfWY+qw5lcJr8M25R8Y3TtOSfw6NcHqHU4n9uR17PZnyuvrk0OzwsP6gqSjlwprjuR6WL1LpMtVNxb8MuUdbkfP+v8AVKeaGBL9u2z2c2fFHBkyLJGkvDPksuSWXNPI3du0WMtHNQxP3aOv0Ho4Z3PLlTa4R5OWbk+1Pb0fTekY/odHG+TSJ6v0Pp+pTTk4vw0fNeodBm6CSU4uUP8Aelpn2qyJkZceLPCUMsVKLXDGq+CTp2jpwdTKLVnb6j6LLBJ5MMnKD8ex5L06emgr2sWdTRopbPGx5ZQVxezsw9VumGpXZIEJNTSdjvdEb0FLgmiiKQigCEPwMApBYDAEDGIgAHQFCGABANBQ6oqBiSGAAhDBAKgqxiAYJACAbJsbEABaE2TYFdwmyWxEDslsGHaUS27HbGo2zVQKjNJ0Jpm6gV9NVwDXHOH2tnnZW1J2er1c1DDJeXweRJ29+TUjFup5peXwj1MHTv6aaRy9DgeXqI0rSez3oRqNeL4COP6GiH00mz0e1ewKK9iYa859LKqZnLpp8Uev2oXYhi+njvBJaoiWKSktHtPEhf08WMX08NJp3VUV9bJHakz159HB8JHNk6OLtJcFw9RzQ6+cGtvZ14+uwtXNu/Jxz6Ga2mc8sM4vaf8Agpkr2f6jHOu3/k0ywjlr6kVJM8NNw2b4etywjXc+3wNYvH/F9X6Pjc+/pk4N8q9M87P0+bpv+6te6PXh6lGkptJe7Z1PL0+SLVxafl7KxZY+bx5L8v4O3p+vnja22def0zHmX2vtfiSPM6jpsvS7yK1fKKj3Om9RhPUm1Lxfk78eVZNo+Qj1FcOzt6f1DNhj2qVp+4MfUrgZ4/S+qKVQen5tnpY88Jq+5BMbDXBPctbspFQ18DENBCEXRNANDEMBUCHyxNBSYh0ACJaKYmBlIymbSMp8EWOeXBx51uztkuTlzrRiukcbfvwZvk0kZyVHOx0hSRnI18GU+SNxm+UxLk0ltIz8gNrZI7AK9sBWADJuivGxUQFgtcCoKYFrgT4/kVuhWQPhfIXoTGl9uwFsqkxBdADF+7Y+Q4RQAqChAVpDrV8ijtlMCf4GnuhV5DyA/JXJDGFDv3FQ60CICgegYAJfgrgQlZRQ1wJewR+1UwhivYxUgKTfuA/wKigE2DF+QAExWFgDYgYIAEN7EgGFiYIAYDSFRQcDuxAVDr5E4poA2BNDS0VQUBFDodCYAxUAAIaQwQCaEUxMKkaCg8EAJsBMBWAxoKBXsAAd/ArGmTJ7IBsQhgMKALCkJg+QogQwaF4KoAARAUJooGQZ+QspomiKEVZI0FaJlpmRSYF2NEWUmEV5AlMYFIpEjTAZLihibCM5Y7JeM2Hoo5HjaZMonXKKIcEXUxlh6vqOncfo5JQ7eKZ7PRfqvqcKUOoh9SKPHlj3dGcoGpWbxK++6H9RdD1aS+o4Sf8AbLR6sMsMiThJST4aPypr8p+51dJ6n1nRNPDmk68N6Na5X836awPj+h/Vr70urxJL3gfQ9L6v0fVRX0s0G34bpjWLzY7hCtSVoOAhMQxMBBYAQDJaGxBSoTG2IipE0UxNEGbRLRbJZFZuJDibNEtGVZ20Hf7lNENBVKSfkZn20PuaIKoTQLJ7j7kwJoTRdA0Bn2htF0IBLI0Wp2Q4hQGtphRkmyu5oC6EJZF5KtMAAKAAEMQBbHYgAYyQsoYNC7gsBONcGWbBjzRrLihL8o3ADxer/TfQZ19kXhf/AKTyep/SGVU+l6iM68S0fXtEuJqdI+Cy/pz1HFLeByXvHZw5Oi6nG6eDKmubifpm15E1fNP8o16H5dKE4cwl/gnur3Z+mz6fDP8Adhxv8xMJendI+elxf/tHpH513vhi79+Ufov/AEvoH+7o8b/gf/SfTn/+kx/4L6H52p15CTf5/B+i/wDSfT610mP/AAL/AKZ0cf29Li//AGj0Pzn7pcKT/CLhgzTesc9/+ln6L/S4YLXT41+Imc9L7YpL4Q9GPhcfp3Vz/wD0+T+Uar0jqtXFR/LPrGm5XuyfpOTJe1x83j9IyNrua/wdOP0TC3cnNv4Pfj02jbH0yTJ6qvmcn6dc/wDszp/Jw9R6F1uB/wDb7kvK2feRwpFxg0JR+aS6ScZVJOL9mqEsHsfpWXo+nzxazYYSvzWzzOo/TPTZG3gySxy9qtG5WXxawP2NIYX5R7nU+h9Z01vs+pHw4nE8bxy7ZxcX8o0OSOB+xObpe6L1TPQUUJxsqPCnhcHTJ7T2cnTwnyjiydLKDetBY5Ei0inBrwJJkaSyWW4sTWgM3KiXIc00RTCK7iouzOi4JgaBQ6HRFLgpDSHQDQ2JAwM58EeS5EeQi0hONjjstRbdLkqMezZv0+B5HtPtXk6cPS9yuaOh1jhS0ETqCSSDHB1b5FGLm+58GuTJDFjbf+Cox6jNHDDfPhHl5Mspu2x5sryzcpGYUCGIAEFgAAAFAMQAMQwCAYgIpgKx2ADEVRAgH2+zQgHHRVtO0RdBYHVh6hx52jrhkUlo8tGuLM4Aei+DOWmPHPujyEgJTLjp3ZAdwwaSm5at17WZzmoxZMsiirZyZJvJOkTB3elqGXrF9RpRvyfX4O2eNLG014pnx+BfRgv9zNsWXIo9vfLfySw19VKNe1mTPm/6nNhf2ZZX8uzpxerZNfVSk/dImK9n6ijqStezPM6303B1XdPEvp5P+GXH1PpsjS7mpvwzRSU1cWv8k1XzGbDl6aVZY1vTQoyPf6nFDLFxyR7keJ1PSzwfdFOUfjwXVXizyg7t17HrdFLp+oXbkyKE/Fnz8Z7N4T1rTKmvp8npWZR7sXbOL2qfg45YckLUoNNGfp/rGTpUov7o+E3o+i6Trel62NvsUvKYxfT5/wDIUfRZ/Tenyy7uypfByZvR5xd4pRa9mRr08igOrN0mfC334pL5o5mmnT0RZRQw54DgLoYkDGkAwFQFB5ChiAZRBQQMABAIaBrYwEwBjAQxeRgSyW9DeyXoik2JA2CAGCQ0i0gJUB9vgtIZWbUxjRpQkWtFZCQ3pbH4MeqmoYZP4NJa83rcqnmcb0jjS02wludmuDH9Waj8lZep6VgeKCyNbkjvonHDtglfCNKIEUtiocSoBx4Aa0ADQ6CioKE4J7rZdCBrPsV7SMZdPGXKOtIVDDXnT9Ohc2lpnF1HQ5I/9tX8HvpWEoLmtjGp0+Xlhkk7S/lENOK5o+jydLGbelvk4s/pqb+26GHqVydN108X75Wjtx+qY5pd9c+UcE+gmr7U9e5hLHLE98gyV6XVdB0nVKWSDUMj4UUeVm6PPhu13JLbSHDqJxepP+DqxdfNLdSCY8+GXdXs6cPVZMU2/qNprg6ssej6q7Shk96OLqOiyYId8JfUgvK5CY9fo/U09TVNHq4Oohmja0/yfGRySTXMaOrB1eTHJOMtPn5KzY+xqtDR4vTeqrUZOkerhzxyqovZWWwnyNbViCGC5Eh+wB5AAAQnyMAEyfBQpAZyMZo1lsykRqMZUc+VfabzbRhN6+CV0jhkvuZEueDSaqZE4nOukTqmYz5NHryS41dmW2bIad8GjREiBPkHRPkbCva4sEJlEBfgLE0m1ew4YDQOgfPAnsAY6FTfga4IEC2MK3QDSE9DWhMqjkN+ARSAW6AbQqCBJobBAwBME9ghsBMRSEwoAQwB8AgoAhpAlsFofJQBWwoCA4FYxMAsd2S1oaKGyefcpksAFyUtia0BNUMGIBsOBD8AT5KRL5GioqxWAih6CtCXAwhUMYBQIYALwS2UyaAkpIAAAsQBTEFAwF/ADJbIAAGgEgGIKKEMAJ8hVjYyCKGNiCkJsbF5ABsAAQDZJFDDgdBQAtjoEhgSyWi1thJEVmMKAimNCQ0gKQyboaYQ0USAFhZFgQXYzNFWUUPwQnRVgMQrCwhtEOCY7KRRjLEZPGdTJ7UyjklAUG8TuDcX7pnVKHwZShoalkrs6L1/r+ldfV74e0j6DoP1b02WodQnjkv8HxzgRLHbvyalYv5v1Dp+swdSk8WSMvwbVfB+W4uoy9Pf05yj+Gev0n6o6vp4qOaP1Yry+WXXO/nX3ZJ4/RfqPo+oqM5fSm/7Z6PVx5YZVcJJ/h2GbLFiC/YLCEJjYrIpCsGJogTE0ArIoJKZLATRLRQGVZtCo0JoKhoVGjRLRAu5off7iaJYGlphRnsdtAXRLQ1NeR2mBNBRQ6AyaDaLaE0ALI1zspTTMmhAdAjJSaLU/cCgEpIfIAIYMBCGMBWwTCgAoKJC2UVQmgsLAmh0NDCIoVF0JookakFBQD0zPJiT4LoAOZ9P8CWGnwdXd7jVEVjHEWoV4NdA0UQhj7QooQ0FAWUFmWXpcGdNZcUZX8bNQNamPI6j9PdNPfTzeKXs9o8zqvRus6aLkks0V5ifVDtl1MfCSTx/92Lh/wDMiaUvlH3OXBhzR7cuKE0+bR5vVfp/pczcsUnhfslouj5TJ00ZHNLpZR2lo+h6n0PrMKbx9uWK9jz5qWPWSEoP5RR5MsbszcT1vpwk/BlPpYvhgec4LyT9OJ3PpJVpmb6bJF8Acv0V7FfTo6PpSXKYnCS8MKw7SaN/pt+GL6b9iDNAa/Sl7MP6efsBmhM6YdPJvgv+jt7loGuCUdEqEnKlFs9SHTQi+L/J0KEEtRSKmvOw9FOk5aXsdkMMMaVLfubESkkrCaUmoIzjF5JXLglJ5pbX2nRFUghUkvY87rsnc6TPQycHldQ/uZRzPkQMQUADEAAAFAAAQAwEAwAAAAABgCGBePG5ySR9J6X+nJZul+vKLm2+LPE9PUXlXdxZ950GDJl6ZY8cn2PymYtXHJ0/pPo+XpnDPi7ZrT7dNHynqnp+LpOomsE3LGuLPresw4+khJOS7nzs+Y9Uapu+Rv0x49gK9jNooCUygNsORqVWdTbSOGC2dDyVHYFuZm8lEORDdukATk5HT0nT/wDvJ6rgnp8DbufB0Slwlwggq5MpaJTtbNIRt2QL6Xdt2S8LXB0ARdcbhTuhd04t9s5L+TraT8ESxpksWVMOvyqlNX8nRHrumyLtyJwl+DjljpmcsfdyiYrq6ro8eRKeGSb+Dz3GeJtSVG3bKP7W0TLLk7e2SjL5aKIU6VNm3T554pKSbOOTdlRm1oqPrPT/AF6MEsed2vD9j3sPUY80VKElL4R+eY5r3OvpOvz9K/8ATk697IPvm7W9r2Zjm6XBmVSxRV+UjzfT/WYdQoxy1Gfl+Gespf49yLrzMvomNL/QyuC9ns5MvpfUYYW4/V+YHv2NOloi6+UnjlCVSi037iVcWj6meLHl/fCL/g5M3pHS5G5Rj2P4C68F0I9PL6POMv8ATfcjjy9Llw33xaRV1gILT4G0FCGFCYDAFwABY1wSNAHkpcAkAQhMYpEVEmQ3ZUjJsKLdlpExVs2UQBIqgqgKlCK5BLRSKylclocY+SqKhM831PO3kjiUUklcmd/UZFjxOTPB6jI8k3J/uZWalK2z0vTcF3N+ODz8Sc2ox3JnvdNj+nijCthHRHgoSWh07AdAkBSKhVsaQ/IeCoYIQwGh0IEyoYnsdkv4CNIotpExWivJQmiXGzSgoIweKL5Rjl6PHPwkdnaNxBLjws/paf7VT90cObosuN/bTXyfU9iZEsMHzFMmNe3yTjKL3ygj1OSC0/yfR5vT8Ek5Rxqzy+o9JlL71yufwTG5ZXmZckcjtxqXnfJlTV0zpy9Jkg39r17nPKL2BSyrVnb0/XzxpJP7fY8xxoUZyQZsfV9J6pF0pc+x6UM+PJFOMl+D4rFmpprTO3purcJp3r2LrN5fWxK8Hk9L6pB6yPj/AJPRwdTjzL7L/kMNAG5IChMTKBgQTItksDJ+TOXJrIyk0FjDLJLXuc8n48G2VGEjNdY5s+pmMtm2au62ZypxZzrpGKdoJErSfNDMtIitMiS2W9ESYVHDDwOhMiva0MVWHBAXsE/AUNUgJ2PyN8CWrIKXAt+RsSKEMA5CnYgvQ0iAHwJCu1xX8gULkV6HyAhoeqJQFc+Q5EvAwAORCKKQCQwAYgKhj4BUHgBaABAMBcMfgArQ1wAioGKtWN/gCKSDwLYADFQ7GigSBisT2EADQNFABSqhNUAUDAOQEPwAAAMBNhCoGGxAAMACl5AAChiGxEA+BFCoBDQgAB0C2DdBSENioB0AB5ACCmKiBJjCqAKZLGJgLkaQJFECCgrYwpAMQBQ+RDAhqiS2iWZaCHZK5GA2UiUtlIBhwITYQ20BLBEFoa4JsTYFNhZFjQFWOzOwso08jsz7gTA0TAmx2UDE0gACXBESx2jZIGgOV49EuJ1ONieNDRySXc9m/T9d1XStfRzzhXswnjM3jLqXmV9B0X6tyxXZ1cE0v7lyz3ek9b6Dqq7c6jJ/2y5Pz9w3wJLsdx0/dDXO/m/UO5SVoSs/Pek9X67pHHszOUVypbPf6P8AVeGTS6qPa+LRdc7zX0bEc+D1Hpep/wC1mhJ+1nRzwwmJBg9CsgCWOxMBWIGgIpAwYiKAACBVYnEoVgTQmWFAZ0LgvtFTAFJlqaZm0FAa2DRltFKdcgNoXaUpxZSpgZ9oqNaE4gZAm0X2iaAFP3LUkzOgA10BlbRSye4FskakmACCwaAACgAAtoGwAouPA6Myu9oIdB2gpplWUR2iaLGQZNCo0cSe0KSbQ+4KE0UUpFGVBbQGoqJUn5K7kwE0Ipk0NAADLoQwCjWoCMuLHljWSEZL5RbRI0eZn9A6TM3LG5YZP2ejzc/oPVYL+m45I+N7PplZaVmpUfCZYZME3HPjlCXyhalVOz7vJhhljWSEZflHndR+n+iz24xeOfvF6NaPlaF2nrdT+nurxW8M45Irw+WedlxZsFrNhnFrnQRl2J+A7EvBUZRfDG0UR2pjcVoaB8AHagoaE2MTSoTG2ZzlW/BcTRKajyYNvI/gHeSXwXGNIuJqoVFUaJmSLRfKanM9M8nNyz1ssbWjy+pj2yZLGpXKxDYjLRMAGAgHQ1ECRlKI+0LiAo1UB9g0xjQ6Zr2IfaTVxgFG/ah9iGmMKGjRwF2DUxv0nN+x6vTes9X0UXHDk+x+GeVgXbyXketEG/Uep58ybyzcpvls8/JllNfdJsmbdklwSMO1vwaRxNbZUSkaRj7jVITYDuuBdxDkVCDyOkAXelydGHp6pyLxYFDnk0lJ8IB2l9qH26CEUt+S6vgMoitmy0hKNFIihDEAQCGIKhxslwdG1A4mWo5pRa8GUkjtcU0c+THXGwuOeULMpY0jd6Rm2DGNuJpjy7p+QcUyHAqOzHL2ej1Oj9az9LUcn+piv9vk8BTlE6MWZNVIYPuui9R6frIXjl2v/bLmzsTPg8TyQqeFvXlHs+nevzUvpdTHuilqT5RLB9KBx4Ov6fP+yaT9mdSktbMjRaDtjLckn+UT3DTCsM3p3TZr7sSTflHDl9Er/tZV+GevYwuvmsvp/U4ucdpexzSg4p2mvyj62jPLgxZlU8cX/BV18qloTPe6j0nDO3j+z8M4s/pGeMe6DU0guvNoqlRpkxTxfvhJfwQmmuGDQkDHQmAvJMv/AAUTN6IrKUif3ClyOK2FaRWjREpaGVKY0gRRWQhggKikxt6JJyZFCDlJlSuD1DO3HsT0vB5rNOqk55m70yIx7mkvIZdvpfTvJm726SPcVJaOXosKxYFS2zqQFIZF0ykwKoaEmNFQDsXLsZUND0SNAOqGAyoEhNbKQSCKXA0KPBYQh0JclIqBIKGJsCSkiSkEHbol44+xogKrj6jpIz/tu/B5vU+iv6T+i1fi/B75MoWtExfWPjuo6LJgj2uEm2tujjlBqNNUz7meFTh2yVr2PO6n0bHktwVfyTG51r5Kn4KjkcWenn9LyYZ12N/Jw5MT3apojSo5uGdXTddKD8v8nnOLQlJryGby+p6X1RaUoqT92z08XUwypVJfg+Jx5rVM68PWThVyYY8vsk01oLPC6T1VxSU/u9rPUx9ZDJG24r+TWpjdiofMVJcMUtBGc1yZSVGkjPJpaCxzZk7Oaao68m1s45tGK6xhl2jKS0bSozezFdI5p3YJ/BWSL9iKdGViZPdEtF+ReA0zfkNLYwrb0Qex3aG2J7De+KIo8jfwF0K0wC2KxiZA7pC7/wD0yHegTCnduv8AyAmPwADWgqw8AHkGHgQBVlInhv8AA0wgfsFbY3sQUcBdiG9IA8gC2FbKgj8liABMBgAqCw2MoAQJib2A6tjSoTdILKBsX5GJBD8CHoAAllCYUgsT5EEMAYJFDSK1QvArsCvACQXsAfIABQxNjJvYCsLGJkDFWwQyoVA0NuhWQIVDAKTEU0JIgEDAApUFDB8aATdCsQ6ChMYkiqAKEwsTAKHQh+AEyaGxEACH2tgosKOAKpvVNl/Rk/7WDWIypxcXxRFkNMlh3CsKoLsm9DsBtkibGRU2NC5GiKoLEKwHdgLuFYFACYAADEQHArHYACBsQACKToQrAqwTJXJRQ7BMQBGiAmwTCmDCyXsBtWKkCAgzlj3ZEofBuJoDllBkSTo7O0iUEWVMc0JZINOE3Fryj1uh/UXW9P8AZkayQXmXJ5zhRnKLRdZvEr7Do/1R0fUazf6MuPuPXx58WVfZkhL8Oz80lFcNWjTB1Ofp6eHLKFexXO8P0pok+R6P9UdRjjXVL6i8NLZ7vR+udF1dJZVGT8SDOPQsBRlGauL0MgBNCYWQAh2ABZLY2SyCkMz7qGpAWHIkwATiLtLACKJaNGhUBm0NNp6LcSaApT9ylJMzoQGwmZd7Q1mT5AqgoO5PgdgS0S0yxNARwNTodC7QKWRFJp8MzcSVaA3aFRmpNFKfuBdCGmmFAAh0KigDdgUgCxqSEJgaCZC0Pu9wGFB3IYENCotoVASIuiWgCxqRKGBWgIodtAWgJUyrRdAKgGNAkUShmpUVYWSMuiiMsY5FUkpL5QwLqPL6n0To88nLtcJPzFnl9T6B1EN9PNTivD5PqKHRdHwuXB1GBtZcM017IyjljJaf8M+9lBT/AHJP8o4M/ovRZ23LEot+YllMfJ8iZ6/Ufp7Pjv8ApsvfHwpHl9R0vVdK2s+CSrylaNamMZOjCd5JV4D6jyPtUWvzouEKRpMKMe1UihtAajFIpIVAVk/Bwdbj8pfk7zPLj7kxVleHJUxUdPUYJQlxoxUTnXWJopRKSHRlrCUR9owCkNCHdAMCVJFWQAxAFVQUFhYQ2KilCUuE2WsM3uqQREdBJNmjjCP91sHkitKNfJUc/wBGT8FxwRW5McspnLKVGknGPBnKRm5sltgU5CcrJGgBcnZ00TnxxuSPQxQ7Y29EDk6M47kEpd8qXCNoxSQCWkaxXkmMLZqlRNCoTKFQQkMKGoNl0wkh0dGPpckqtUvc1h00b2zN6bn52uOrquTtwdCsiUssnFeEivoY478o2hm+1J8nG9vRx+KH0mNL9tkz6XG1qNfg6FOx6J7df5x5XUenQ7W8en8nmZcEofuVH1v9K8mNtLR5nVdPF3GXg1OnPr83zzVCOvqMHbJ1tHK1R1jz2YcIwlyRLHKO0nQLRrDJtJmmayx5p45abOyGaORffz7mc8EZq46ZzzhPG6YR6EcuSFOMnXujvw+pZo12Tf8AJ4WPNKJ0YsysYa+mw+tKKTyK15PRxep9Nka7ci34Z8lCeiu5xfwZvK6+3jljLiSf4Ls+NwddPH+2b/yen0/rD4mZ/wAV9AM87B6ninpun5OuOeEqcZWmTRqBPeh2XUHanppNezOfL0ODLf2KL90dIWB5Gb0edf6ORN/+ryceboepxRTnjX/9rPowpPlWF18lKPa+1p2vgjJwfWZOnxZItSxqvhHBm9Gw5FWObg/FhqdPm2XBHd1Ho3V4k3jisi+GcqwZcbrJBx/JWtNIdDap17AkwmgLBoaWioLKRIeSop7ODr8qS7bOvLLsg7Z4fUZnkyP2KymUu5nd6bgU8nfLhHBGLcko8tn0HR4ljwpca2B0Q4ooSRQQvJQhrZQ0UgSGEMTsdiKgGrEikBSeg52NDCEDT9x1YUVFR4GC4GEHkBDoqKSB8ggCJ0i0iRoooTQxoBIexpDKidhQyq0QZPEu1peeTzOq9Ix5bp/P5PYBx9hjU6x8Z1XpmXG39ODfwzz8uGUJdrjs+9y4VLbRxdX6Vgz432xqX5JY3O3xjg4i7nHk9jqvSsmFW1KS+DzpYvgzjeyoWeTaTejeHUVNNPSOSUafAk6YLHvdN6xOFKTbR6eD1CGR03z5s+RWRGkM9PnQYvL7FZIytpoUp0t7PmsPqOTHru/k7cfqndJKfHD0Ex6OR34OTLSZa63FJVdezMskovdpkrcZPkzXLNG0yGqlyYrpEZEZm01aMX7GViZKyL0WyPgNJd+wu74LfwTWyD10D4DgVmVDBKg8AA6ChoGgEkMVgFNIYBwACYwAV2MVUygJSBBVsKoIoBeA/BQIHtD4BccEBXhj1QIAEF/AMCgsLAChqqC0KvcP8AMHsWrGAmAxMoAEFhACYIQFCY/BLAPIDS2NgKhoEBQPkQNgA1wKgGEFAx3WiW7KCwEMKABuheAAdiAB0Id6JbsAYJABAMRRLIENcDSB6CpobQwYE0HAwAEMQPgonyMpRfhFwwynOkgayofbJ8I9DF6dkyf20elg9HUVc5X/AAMZvT5+GKUuEzWHQ5ZP9rPpcfRY4f2pm8cMVxFDGfT5yHp+Xjt/yaw9Kk5fc6Pf+n8B9MYenlQ9NjGtHSumxqNfTVnaoDWNExPTy+p6DHkg/sSZ81mxPFNxbumfcSx2j531/oniazQi+18jGuenhJjexcq15BaI6yrWkILCr2RQAhogATK8B2kVNgOgoKSKQUAAMQAANgLyQAwoAFQ0gBsBMEJ7BANggACgFYFDsACwANisLIpghWMBgIEAxNWAWEJx0ZyhZcmK0UYSh9xLgbtJk0VHPKOvgjh2dUo2jCUNhPLbpvUus6XWPqJ1fDej2+i/VdVHrY7/AN0UfNyi6JcQzeX6J0/qPSdVG8OaLfs3TOnUkqdn5nGTi7jal7rk9Lo/Xuu6VJd/1YLhS8Bi8vuGmCPD6P8AVHT5Kj1GN4peXyj2cWbFmVwnGSfFMmM40sBNAMA0hNBY7IENMYmgHYWTQbAoBDAAAAE0S0WIDNoTia0HaBjTXA1JotxJcQKU0VyZNBteQNaGomKyNGizRCq7QcQU0yuQjJxF2mrQUBjwNZGi3EhxA0jlT00XaZz0LuaA6WhGKytFxyJgWJj0wookYMAEG15AYB3MaZIUBYE7QWA6FQ+4EAqEVQUBNCLaE0ETtDUgoVBVqSHZnQW0BpYzPuKUkyiwFYIuoYWFiLoYCGXQNWZumqklJezRbejOT2NHN1HpPR9VbnjUZVpxR5HUfpnIrfTZrXtI+gjIuyzox8R1Hp3WdLbzYW4+8Tl7o3V79mfoLaappNfJx9T6T0XU25YFGT/uib9sXl8XYHv9T+mnTfT5nftI8rqPTus6a3lxPtX9yNztm8uagJ70/DX5RWjXpMZ5YqcaaPOy4ex6R6vbZEscXyiX61Hk0FHZl6arcTncJI510RQqNEn5BxCsZujJyNpxswlFp8BkWNTCMJSdJGscFbl/gGnF9yNYYZz/AGx17ijKONVFb9weaTVXSC61jixx/wC5KvwPvxRX2wv5ZzOfyS8jYR0vPKmovtXwZSyN8tsxtsKbApzFLI2Cxt8icKBibY1FsKouLQMCxjcEXYAYuFAo2zZR7jTF07vulpBFdPiS20a5Jd32oU5dq7UPFDyyCscKWzRRtjVM0jGiKIqkNgACCi1GyowpktWTRixOTpHbDFGEV3JWPDCMY35HPejnbrvzwUpUtcGUsij5HOXbE4smVuTDXVx0fVc27ZpGWjihKmbQn7nLqPT+M/8ALpU2Pvd8mH1CXl9jLtj0I9XOEaT0+TnzTU3d7ZzfVryZ/Ubk9m+XLvmRWfD3RuPJwZcDT2j08UnI0n0yypWztK8fXO/Y+fnBxZntHp5+m7ZNUcWTHWzeuNgxTaOiKWRUzjXJrjm4uy6xVZuk13Qe/Y5ZKUHTtM9OE1JfI5Yo5FTjd+So4cWft5Z1Lqsc4VxIwzdDODuG0cbbhOpKpexR6Lp7iyoSmpLejhx5muTpxZ0nvaGI9CM6i2zbB6hOMe1KX58HF3Kcftd/BpDUdGbzF16vT+rTi13baPRw+rYcvP2tc2fND7r8snldfZR6nHNLtnF/hmilZ8bjzyx12uqOvB6pnxyuUu5exnF19RYzyMHrEciXdFRZ3YusxZI2poDpGSpJq0NBBRE8UciqcVJfKNQKuuDN6X02XiDjL44OHL6Vlhf0mpflnuikrBr5jL02fHbnhkkvYxXGj6ymc2Xo8E7bxq37BdfOeR+Tv6nolik6TS8NnJkwZFjnKEJTaV1FWXTXl+oZV3dl8cnmN3I26pyU39ROLfujPHBzaUXtmkdvpvSvJlUmvtR7aglwY9Jj+nhiq8WdCCBIYwASKWgAoaYCBMIoA8AEC5LQhooYIASKi1wMSYwhoKBFFRNDAYQAMZULRSRI06AqhpCGtBDEV4FRUIpAkADY0xDQVM1aJUdGgAYyg9fBw9T6Zizf2qLflHptEOJFlx8l1fpGXFdJy34PPy9O4acWmfdPGn/JydV6dhzR1BKVc+5mx0nb4l46JlGj3Or9JnC1GF35PMn08oJrIqZG5ZXJbRccjG8etolwaIuNY5a8v/JpHqWny6OZY2+AcZRW0DHoY+sT1VM2+vB192zx0640UsjM2K9dyuOpIT80zy1mmvJpDqXdMzi67mjJvZC6hNcgssWMa1YmLuT4Yd2yYa9YEhpBow0KFRdojyA0UyBphRQwsPAAALkb5AXGxiscV5YA0CE3sLArQpchF+4BC+Clp/AikUIBhWgDgPPImIBvgLAACxFP/gkob4RLY2CAcat23xoFsEJsIrgCbHZQcBwuBXoTYDsQCAbd8AkLga2A0FjbJAY3smxXuwKAEwKF5K8CsTboIQ0wAof4AYmFJgJoKAaGJKh+AEA6YlyAAUKiBcAOhMAF5HpoKAlqhldraLjjlLhMGsqK7bOrH0ebKqjE9DD6PkklJtV7Fxm9PFWNt6N4dJkklUW7Pew+lxjppHbj6WGNJKJcZvbw+m9LySrvVHq4PTsWFLVvydyhSKURjF6ZRxpLSo0UdF0FBNZ9odppQUUZ9odpdDSAjtDtNKERUdpy9d0yz9PLG1d8HYKXBCPz7Pi+lklDynRj4Pe/UfRdmaPUwX2y1P4PBszXbmkNBQ0iOgGgoaRFABQ6IFQ6KQBU0Jlg46IMxh27KfAVIIAZACAYAgYrABAMEgF4BDCgCwTAApsQhoBNjWxBwwGAr0MB2DYhAUmJsTYrAdiFYWVAIGxAMlxKEUZuJPYag0BhKBDidDQuywY568eC8eXLhmp4skoSXDTNHBEOAZ8vW6P9TdVgfbmgssffye30n6g6LqUk8n05P/do+McKM3HfyVm8P0qM4Th3KSaflMfa/B+fdJ1vUdK19PK0vKbPa6T9UyhUepxccSiyYxY+n2uR2cPR+rdJ1iuGaKftLR288bIyd2MmmgsCqChKQ7TIALAAAVAK2AbKTC0AADQgATiJooUtIDNxJcDVPuH2gYU0VGckaOJPaBcct8lqSfkx7BNOPAG7IaIU2uSlNMAoHEtUx0RWLiTTs3cROBRkpSXkpZWuQcROIRrHJFj5Oeh90kBvQUZLKzRTTAYw14AAABAFCGABY7JCgKsCR2A6CgtAAmgoYFENBRdCoIm2NTodCaKH3opMyaC2BtYWZd7GpDRT2ZtbLsORqoHYNBQ0OykzMpMuixOKemrXswTGXUcfU+ndN1SayYor5SPJ6n9Mq76bO4/Ej6IDWpj4jqfSvUOl3PC5x947OSUnCVTTi/k/QaMM3QdL1C/1sMZP3o1Okx8N3J/JEsakfS9V+mMMm302WUJez4PJ6r0f1DpYt/TWRf8Ap9i6PKlgfgyeN3s6XklF1OEote6McuS+OQrGUUiaj5KcjKUgKckv2ohyfklsIxlLxoqF3Cts2WBeS1jSIrnUW+S1iN3Enhk0QsdFdtI0SAarEmRtKN7RDxSfA1WLErN10034Lj0zT2EYKy4wcn8HQsKRUYUEPHjUI2VKVRHWiXvQREIOUrZ0JUqCCUYlxXcZU8caNGhRiVQCodDSHRARNI6ZBMpma6cf69CH7A8mfT5HPGlVM0Ry369knxy9Y2oHnd9HrdTDvhR5OfHKFo3K4/pyuMrLU1RwqclwaRyvyWzT8/1vDqckT3mLyL3IeVe5ny9P9+XQ52KD2c6yfJazwiq8mpMcP1/X18jrw5lDJTa2elF2tHmdPi7oKTW2ehj1FIWs8/4jqcSlBvyeXmx6PZkrTODPBKTNcuf6THlOFMbVHTPFZlPG0tG3FGObjI7cUro4+01hKmlZWXZyjLL0uPN+5b9zTGrXJpoqPGz9HPBJ/wB0fDMIyaZ7so9yd8Hn5Onjmm+2o/JRhjzyi7Tr8Hbj6t5KUq15OHN0+TD+6Nr3M4yplHsKaaGedjztas68WRS4fBEbjshOwbCtIyfh0WpSb/dwYp6LTGGu7F1+bF/c5I7cPrC0skX+UeJ3ewW2ZvK6+qw+pYZuu+r9zqjnhJaaZ8cptI3x9Xlg7jNp+F4Jhr65STGfN4vVMiScnbO7B6tjnppp+7Ir1gaObH1eOfD5OjvQVj1OL6mKUfJ5q+tgypbSZ7N+CJ44zVNWB5mTBh6nuWTHCXct2ji/6R02LIp48bTie0ulp6ZX9OVHjLHukq+BPG4bZ7EujjJ29MqHTQh4UvyUeJ4sEezl6HFkW1X4OXJ6ZJL/AE5a+RqOAZpLpssOYkdruqpl0IYNUNIB+AQ6ElsqLQ6EuBlQUNANFACGNIIaGCAqChoOR0EIY6GVCGojSGECQUUhNBCGhWWiid2OiqCgJoY6HQE0A+1gAeCWihNhUtEOi3slogyyQ7ji6noMWaDTgr9z0mvgznEmEuPmeo9PeO+1WvY82eOm0j7KcE1wcefpceWLXak/hGbHbnt8t9OnYU6dnpdR0EotuPBw5MEoPdsy6/6weNS+CXgl/aaNNDi6IY5u2S5TE2dqaqmTOEJeAjlUw7mzX6C5smWFxASk15LWVohxfsRLuXigr6hCbG2Lk4ugaaEVwqE2gooKBMbClQ/wLjYwgXyDewfBL4AsG9Ep6+QsAoKGl7jAS0NbGg8vZUHkBWFgBS4JY70ANomwYUA7Y7EuAsB2gtESdsEBT5AKAAbJsGBRSFJhYPZUIA0BQAgQANisdWhJbAbAKEAAkCGiBpiYAyoOQoKZSRQqCihAHAvPFDQ6AVCrRVAFSMdDSCEgoY6vVFE0FFdruqNYdNkmtRJiawoHG0d2L02c5JtM9DB6RBNd7/gYenh48E5cRZvi6PJkaXaz6XF0OKNaN44YRf2xSGM3p4mL0hyjv7TuxemYsaS5a8no0OjWM3phj6eEOEjZRoaQwzpUOgSKQRNDSGMBCoqgAVBQxWFFAAAJiGwACWigIrz/AFPpl1PSZMbV2tHw2THLFklGSaafDP0WatHx/wCouk+h1iy0+ya0/kzW+a8pDJGjLtFAJARpVhZJVEDQ7JDhhVDFdjATEOxEBRLKYiKSQDEwAQyQGMSGArCxcjoABgAUqYx+CQBsABgCGJDsBADYmwExWFikA7E2T4CyhgKxhDAVgmAwFwBQ6AEMKhq2HaWJ6AznEycDexNWBz9onE6OwHAJjlqnatP3R3dH6x1vSSTjklkiuIyZzygR2hi8vqek/VGCeupxyxP3W0z2un6vp+pSeLLCV8Uz86adU+CsU5YXeOTi/hhi8v0jt9hU0fG9F+o+s6ao5Ky41ynye30f6j6POv8AUk8b9pEZx6/dQ+4jFkx5oqUGpJrwynH2CGmMlJoLAoT0FjuwEmMKEBQqEOwDgYrABhQAAqE0MYGUok0bNCaIMra8lxyNcg4icSK0U0yuTmaa4BTkgOhoVERze5aknwwE0S0akuIGQGnYHYBmpNFrL7g4E9pUaqaZWmYDUmgNQIWQfegGAwoBAOgoBMLBiAruBSsmgoDQDO2NSApioadgUS0Ki6CgiKFRbQmgJ4GpUFBQFKSY6TM6BNrgKtwF2gpMpSQCRQcjouoQABdAACLKGZZcsMUXPJJKK5bHkyKEW3pLyfI+ueqPqpSxY5OMFrXk3EY+s+qQ6zK4YccexOu6ts8abo0k0lSMVCWSWjQzbvgmUZLk9fpfTlLckepD0rFOG8ezHpcfJqJtG0tH0cv08ppvHJRfhM5M/oPWYYqUcamvNFnSY8lNoq37G+XBLC6y45QfyhRgmtDRlv2GoG306GlQGXYOOK/Br2lJMCY4V7FfRSNItofPIXWNMaiadodrCI7U/Anjo07SMs6VLkoym99qHGFcjhDVvktb0RCS7no3SpExjRaIpxKrQkMBoGhWUTBDM3LZpJaMHyZrpy68ORUqOqLTXJ5ccnZR1Ystrk42PZxdjpb7kc+fHGcaaNFPYSomt3nXkZ+kyRlcVcWYft1K4y8I9pxsmeCE190V+Tc7cevy14mS6oy2+T2svRY5L/7GS9Nhz3S/Br3HP+VeUk2zq6XppZJJvj5O/H0EIs6IY1BUlol6J+R48ahBJG0WQk0Nv2M66znFuRx9TJOeka5sqgq8nI33bO3Lj+ppJkZMZpEqrR0eVwyjRNUdWWG7RzuOwrbDPtWy3mSdHLbSIlJoI68mTSSfJeOH2nJh3O5M7IO+CocoqS2rOLqOjUk5Y9fB3CoqPF7JRl9yqi8eXsej082CGRO1s8vNhlhnva8MqvQx5ozivEiezI5OSlr2ZxY50+do78eSORJr9wCWWcU+6N/gpdRFcuvyXqiZxhPUopoDWMlJWnZSOKWBRbeKUop+Lsru6iEVTjJf4COsaOWHVaqcHF+5tDLCXErINbGpvw6IsOBhrZTa4k1+GdGLr82NpKTpe5w2NMmNa93H61GMV9S7/B3YfUMU4p9ytnyhcZSjqLomGvsceeE+JI0Uk/J8jh6vLjdd1o78Pqsofu2iYa+g5Cjy8Pq2JyqTpvyd2PqsU6qav2A3QmgUk+GMDNwT5M59PCfMUbsKA4Mvp0HuDafyc8ulyQXHcz1hNWB4rhJfuVCrZ7EsUZcqzKfSwfCLqPOQHRPo5b7FZk8M48xZrRHgcRO7qikVDGhD8FRSAEMqBMa2Lt2UkECKSsEikVAkV4EhoqEtDoBhE0OKGwQDCrE+RoB0JodgwJtoHbKr3ACaYqLQMDOgaH5ACGiJGrM5JsgxkZySNZR0ZyDUceeC2vc4M2JNOz0skbs5MqVP3MWOvNeVmwJ8I53ia4R6co0tmSiq7aRh1lea07Ed+fHaSrjycs8LV0RpEWU/klJrQ6BhcMvtUltEGuNaGmPW2NcDoGcmwGhiXkACxPQiKodkplvgolsltUUKgiRodaAgd6YxU6BfIDQrdlITKhJqyvNCSBXaKBsTYSexXYDXA6JYeQKbJtjEA6sdUSh3YDboVgJq18FDqxUC15Cy4gYgsFwUC5GSNXRQilt8Aki4qnZAJVQDFYCaEMQC8FIVew0AAMVWEUgACoGIZSiBKQyu3QKEnwmwamhG8OnzS0sbOvB6bkk13KkC9PPirNMeDJN6i2j3MPpcFd7Z24ulxw/tVlY9PAh6dknX2tWdWL0xrR7fYhdlFT087H6bjjVqzrh0+OCpRNh0E1MYJcFpCRSKmmhioYQxiABgAwAYrGA0ArHYDEKwsAYgbAimAhAMBWFgMQCIoZ5nrPSf1PRz/wB0VaPSInFPTVp8kqx+dy5r2Gjv9Y6ZdP1kqVRlwcFGXbmmMQWZdDRXghMpEUWDAQFILEJICkMm0FkFUSx2KTCpsHwAm9EBY6EOwGkJhYAFhYgAYxIGFOxCBANCY0DAQmAAJkspskBDATZQMnyDYWAybHYACGIYDsGJDAVlIka0BXghsJPwSBXIAkMAB8AxAKrDtKoAM5QszcKNwoGOdQE4m/aJxCXkun6rP0rvDmnFeEnwex0f6ozw+3qsayR/3Lk8VwIcWVi8Puuj9Z6Pq4/blUZe0tHd9slaaaflH5rVV7rydfTeq9b0tLFmbivEtoMXl972tBdHzvSfqqLqPV4nF+ZQ2j3Om6/pOqinhzQlfi9kZxupDtC7U1aCqCHQCsdgAwAAsYAAMQAADEABQ6ACCXFGbhs2FQGMoaI7ZLg3aJoipjkmudlxy3yJolqgN00xnMm1wWsjRRsyZISyJlWmEZtCo0aJoipoRQmioalRSmRQUBspJjMFZSk0UaCoFNDtMgQDACQKoKAmh20MCgUvcfciGgoCx0ZptFd4Q6E0NNMGBFCo0E0QSIqgoonuaKWT3FQUBfeh3ZlQbQGpMnRDyVyjn6zqo4cTkzUHk+veqPF/o49t6Pmnw2+XydPV5Xnzyb27/wCDnyx1SOk/xHP2SyzpP8nrdD0Le60ZdB0ylK5aPo+nhFRVJaOfXTUTg6NKKtHbjwJeC8UUzojGjMELEUoM0oEbiMMvS4cyrLijL8o8zqv050ua5Ye7FP3T0e2BR8d1PoHV4Lljn9VexwTxZcDrPhnj/K5Pvmk+VZnkw48se3JjUl8l1HwcXF8Mo+p6r0Ho824R+k37HlZ/071OO3gyLIvZlHmWFjz4c/TS7c+GcH71oiE4y4YRp3B3EtoTdFBOVIyUW3Y39z+CuEAVSLxx3Yoq2arRFMAEAx2QVZUOx2RYrGCm9GTZTZEkyWLKznsWPI8UrdkSck9iuzneXbnvHfDMpx1pmsZaPLblWm1+C4dVKCqdv5Od4enn9Jf9empFWjix9TGS5NIZVL9srMea6eo6ClrwYfUadAsrsYfG744FvkxlmlxwjOWV+WXE+OpySjcmkjDL1MIqoJ37s5eozpVFyOdzlknrg3OXPruR097yu2zRIjHDtSNUjry8nfWigooEjbiiStGMsezpcRUt2BxyVI5p/dKkdnUtQi1zJ8GEcTit8hUq0b4sngycaQoOpgd8HZTMsckaXZULyc/U9vY46dm8tI5n9+T3SKODJhlF34LxTcZJndLGpRaZ5004SYHppqePvjwZOch9BNTwTxP9z3EHHdMVeZtJT9y1JEvG61/yS01yia6X86tqL8EPDBrSp+6DfhjUpLlDWfFDWWCqMu74ZT6mUVTg/wAi7hpoup5WuohJJp/wylNPyZSw48kWpL/+BH0nFVGT0Gcdaey0zi78sFfbZrDqoOK7k4t/7gjp8hZnGalw0y7KjWEi/qyUlKMqaMExpkw134/Us2Okjuw+sPtX1EkzxEDJ5XX1OL1HBkX70n7HTHLjl+2aZ8cm/LNodXkxtdrZMXX1vgOD53F6zmhJd0Lj72ehh9Wx5Oa/KIr0QModVjnwzVST8gKhSjZYFGEunhLwYy6VPhs7KE0XUcDwOPgiUGj0XG/BDxxa4LqOJRHR0/RXgiWJrgupYyRVB9N2PaNayEhgBUA7BDoqBAxgEKuBoaGBNFJAOwCgoLCwEIqhUEAmND5AgKG1QrCoZMlRb5Im2BnIxyO0ayZhLkjUYzOHL+5ndk4ZxZqox068uaW9EV8FydEp2c3SE1aJlBUaNaI8URY45Q+9kNNeNG+ZbpGbQbjFlx45oTjzsaIPZGDViMNGLgTYvcBt2nXNBQnoPJFOtj8idAiiqJHYqKgBDS0C5IHfgllNIkBxYADABpkrXAywDryKt/AVsYQLkBBXsAAFbQEA9CHTBFwMAIk7NIpvYlyT5GmBTRIXsaRQq2UkNRKUUAIPAUGwCxAOgEMKGotlTSAv6bZpDp5SvtTdDE1gNI9DH6fll/bo6Yek2qk6GM+nj7ocY2e4vSY+5ti9Nhja4f8ABYnp4kenm1xs6MXQZJupQde570MMI8RRqolxPTycHpaj+5KvJ1w6LFF/sTOygGM6wXTQXETRQS8FhQxNC0UhUNFDodCQwJaFRYNATQ0FDAAAYCAYAAWAgKBMmwsCrHZNisgqwsmwsKpsVisVgVYEWOwqrEKwsgqxWTYWBViYrE2RXkev9J/UdMpR04bs+UladPlH32SKlBxlw1R8V6l076bq5wl5dp/BmunLlQ6AZl2hUOwERRYyW6EnsC7CyWybIqmwsVisCmwskLAqxCsZAxAAAiibHYUxVoENhAKwXAIKAQeRlAAAAuCWU2QwhCKrQmQAmhibKqWhDEwAaQ4gwENIEhgHArBhQADYUJgIpCWx8BTsG9AtiYBYCGRDAEACoaAYUB2gAEuJLga8iZRhKBPYdDVi7AmOdxpEwlPHLuxzlCXujaUCOwrN5d/Q+u9b0zSnk+rD2lye50f6l6TO+3MpYZfPDPk3DRHa/ZP8hi8P0bHmxZknjnGSfszRxryfnOHNm6aV4csofh6PZ6L9S58FR6iH1Y+ZXsMXl9ZtDs83pPX+h6pqP1OyT4Uj0YuOSPdCSlH3QZNMomhXQFsQu4dkAAxAAxCAoCbKsgTFQxUAUJoqwAjsE4mgNAYtApNGlCcUAll8FqaZl2hTA2pMO0xTa8lxnXIFUA1NMegJoVFUMDOg2XQUBKk0UpEtCA1TQzGxqbQGoiVNFWgATQxlEhQwoBUK2MCISkV3ImkJoCwITaKUgHQUFjAVCaKEURJKjwv1Dl7cPbH/AAe/Lg+S9eyuWekaiV52NWmx4cE82RqMXJLbrwXjSWK+T3PROnUcTyP+5bSOl/xI4MWN42k1TPT6fIqR15ekx5PFM5p9K8b+12ca27sTVaOmL0eVjyZIcrR14uoT5A7BkRmpLRVl1DABF0ADEXQmrF2lANREoRlGpxUl8o87q/ROi6l2sbxy94HqCouj5bq/051GJX02RZE+E+Tyuo6PrOmf+thde62ffESxwmmpxTT5suj8+hkUX9ydF9yfB9l1fo3Q9SvuxuP/AMujxs/6YyQt9NlUl4jIaPJizRNCz9B1nSN/WwtxXLjujm+sm6un7Mo67GzFSH3gWAlsZUJsEwasVFQ9ByIAM8kUzGSo6mrMZxsljUrKxpXyUoDUWZxuVm8V8Gajkg32Sa+UdKiw7DPlv054zzxe5NlPPlTtGsoEdhPJ7rOWfNJ29CbyT/uZusd+C4YvgYl7rmWKUv3XJ/J14cKiuC440i4qjUjF6HaVEBmpGKKGkUh6NMpfBnJpJyfC5HKW6OfPLu/0/wDIRKX18znX2paNJQ0VCKjFUEuArmmjCWmdE0YSQWLw5H3U+Dri7OCP2s6YZKhb4RCrzZNqPll44KMUvJzYk8mXva+EdjpKxpJo7VRw9bipd0arydDz1KkYdTNdlMSunnIw6af08kZPhPZ15aU32yTXhnDF6NE5JaeisT5XoLLi7Upa1sdYZW4tL8nmN+Se5mcd/wCz054oV9sov+TJwo4e6t6sqOafF6GJ/Wf8dShKTpRbJcUny0/kzxdTkxTuMjT66nK57fyVLZTXevkFkp00EskfBk5plYsdCnfkJQU1tJo5nNLgITn4d0Vhu8KX7W4/hheWD00/yT9ev3a/A/qRbWypjVdTSXelH8GmPNCXDs5XNE1F/DCY9KM0x2eY8kocS4Nun6qU9SQTHbYrM+/f5CUlGm2kBs2mkg7u34OWWeK/uIn1KcaT37ksad0eplF6ydvymdOD1WeOTUp90UfPZM73TM49RO/3UZxY+1wetwaqSpe7O7H6jhmua/k/P/6lVyP/AKjOLVN68WMV+jY+ohNpKSbfFFu/4PzrH6tnxzUoZJp/Ejqj6/1vbTz2vxsI+3eVXXsUpX/J8Xg9Vy33vK5Pz8ns+meoLJGKU3ztMqPfUdB2DxvujfuXQRk8aZEsSN2iWtl0c7wkuFeDqcSXAus45xM27ES4GpWbGJSHKJD0i6mLcoxVtijkhLiSf8nH12Tt6Zxum/8AJ40cksbajKrBj6dNe4N/B4eD1DPCk5Jr5R2Y/VIydNb+Aj0ORpGOLqsWVakrNrWihsRVokIXkYCv5Ab4IKZLChkSopr5JkQYzVGE9qzeRjJINRzT4Zx5EduQ5MnnZjp05cmRMzNJO7+GRRydYpLXJDdMtP4ImrYVhlXkhLVmuRVH/wC5inSpkahMQ3yJp14/yRp7CBkrnkd7qkyKmgqimSyBJU3tjACB6r5EOtchQANN/wAi48FXrj/g0FehJ7AK2BT4JG3fIgAGMl7YDTCxVQ70A7AVA+AhhwJAAN2CbEwAYEthZYG2Lt+QvY3wVCAEOgBIoPA4rQAikJFVyVCEx0/ZmmPFKa+2Lf4KaySHV7PRwelzyVapfg9Pp/SMeKu6OxjF7eHj6aeWu1Pfwd2D0jI/3avyz3cXTY8a+1I2SSVGsYvTy8XpeOCXk68fS44LUUdLQqKmo+mvYOw0oAms+0faXQUBmkVRVBQEUFFUFFCoB0KiIaAEh0AhhQUUAwAACh0ACAdCIoAAAQDEAgATIpgILAYCsACwsQWRQArCwGFisCAsLJbCwptisViIpy2jw/XujWTGsyX3Rez2zHqMX1cU4Oqkq2RY+IbFZp1uGXT55Y5eODn7jNd+WlibI7hN2ZbU3YJiAAbBIXLKprwgGAMAAKAaASQyq0KtgICu3QgEMASAYcgCASHQ6CgFQ0tDoGAnolsbEAhNDAoQmPgl7IEySqCgJYVZVCAAAApiCwsAHRI29BSbF5AYAhgABYkILAoGFiRBS4EmFggGMXAwAAsEA0JjsQBQDEAEtaKE0VEdonCjVLQNWBzOJLVHS4mbhsJjDt+ODq6X1Hq+kd4c0kvEG9Gbj8EOJWbw+g6P9Uf29Vhlf+6B7nS+pdJ1a/0s0W/ZvZ8F2scYuO06fhrwGLw/RqT4Bpo+I6b1nr+kjUcv1F7TPa6T9T9PNKHVReKfF8oM2Pcug7jPF1HT9RDvw5oTT9madhGcUmBFSiNSAewBSseiAQxABQmgSGUILGFAIKBoNgKhOJQyDJxFRrQmgMqoO5o07RdoBHKvJamnwZOGyWqA6OQMFkki45U+QLaFRSaYUBFEtGtEtAZjTZXaHaAKRakZ0DQGqaYGWxqbRRoIFNMenwREgNoQCAAICgtoAKBT9ylJPyS1ZLhfGgLyOoun4PivWZN9Y17H1+TujB7ukfG+pXLqptm+UqcW8aXufU+lY+zo4fKPlun4ij6/0/8A7EfajXSRu4mU4nTRE4nNpxziZ9tcHVKJnKBBnGco8M6MfUPyc/aFUFehDKmtlqSfDPNUqNY5Gio7gOaGfezZZYvyUWAWnwx0NCEVQqLoKEMCoQABRMop87OHqPR+g6hSUuninLlrk7wGj5zqf0w1b6TM/wASPL6j03rel3lwtxXmLs+2F/8Azsuj4JZEnTtMfcfZdR6d0vU6y4Yu/K0zy+q/TUEnLpMsot/2vaGjw1JD0zfN6T1/Tt/Uw96XmBybUmnFxa8NUalRdDomx2VDZNDsAqWgorkfaQ1KRVBQBdJxsax+4IoYml2pcFIQWMNNjRHkaGJq0AkUioLBukGiG7KJnJRg2+TDHb+58spvvlS4RVUEUmJisoDOcbRzyjR2NaMMkfYLHNIE7Xb4DJLt55DEt2ZrTtwpJKi8zqNe5GLgpxcpeDNdOYzjjVW/BxZZd2SVcLg7epbxwevBxNewi91KRX7eQfOhPzZtxD2QVdL4JATAAYwMaZNFL5Cqb0SuQe+B1ooTZLlXANkTCBZG2X3GUNMtgWsjvkbyL3MfJTqvkCnOzbBKnyjmsqMqCOnJP3b0Y97b22S52S5Wwpy7m+WT3NcFKREmUJyZm2y+SWgJsO4HEVAUmxpkoLINYza4Z19P1s8UnUnXscBUWMH0vQ+udThhGEciyJf73s+h6b1vFNJTlTrZ+exf3WuTuw5e5VIg/RMfV4ZpNTTTOiLjLaaZ8L0mfJCKj3Olw7PRwdfnjJVJtBmvrFGxPG/Y8XB6xJOpq7PQwepY5OnNL4sI6PokSxv2OiGXFPia2JZcTlKPdFNe7Klck8dLg48zq/g9fLFfTvTT8o8frn2Y5vjRqJrx+syueRq7o5eWN222wSZUOhjq1QpL3CNFJpaZri6rNiX73z7nPFmi3yVHoY/UpJJSxpv3R04+uwN/6mRQvizy4pP2JyVFlHu48kMn7JJ/hlteT5pZHB3CTT/J04fUcsdSd/JB7TBI4sXX45alprk6MeWGT9s0/wCQLaIZf5ImBjMxnwbT5Mcm0RY5pOzlzeTpmqObLtMz068uRrn5JNGyaRydoVEyNUl5SJyr7bA58n3ROd88HS/20c9VJkWKrREpbpGngza+SNvUemNbE1qwRFMTGFECC14DT5G+1KktkUDBcAwhtj8IkZQhgxFAANpMAED2xvgSAPAqoYnugBDbpCsVWVBYrGJgCbG2CYmgDyUiUtjKhPkdDSsrsaZQlEtDUZVpFRhNuqexiamgrV+x3YvTsuVdyTR39N6Mkvvb2XGb08WGO90zu6f0/Jm/tkr4Z7mHoMUFSgv5OqMFFVRZGL28np/SIwrvuXud+Lo8WP8AbFI6aoC4xaUYpeEUICoBiGAgAAAAABgAAAABQCGIAAAAYAAAMAAAAAABMLCmIVgQMBAwHeiQsVkUxCbABiYCIosLFYgKbCybCyKbFYhWBVjshsLIKYhWAUxAKgAHsAIrwP1J0f8Apf1MXuLqSrwfNtNH33U4I9R0+TFP9s1R8R1WF4Oonia/a6RK6cVgNLYUUjLsQDd+ASIBIpjSoXIAAwKFQ0hrYcAMEJXYwAQ2CWyCSh0LQBQUA7ABisLAGTY7JbAGIVjABkgVAySrFVgIaQUUFSDQwAmgG0FEVDBIdD4Al6JG9ioKBoK0ADZLY2yQGgAAAYJAQCKQkMBPkYgCmDYxAAAADAVjQQDFYwAGAeAE2TXAMpICWie3ZY0ijPsFKJuiZK0BzuJDXwdDiQ4hnyzx5MmB3inKDXsz1ej/AFJ1vTtLOo5oL+GeW4ktFYvL7Po/1F0fVNJtwfnuXB6cZQyx7oNSXuj84pex0dP1vVdLK8Oecfi9f4DF5ffvG1ww2j5jo/1PlxxcerwqVcTg/wD6HudL6t0fV0seVdz8S0yM46+4pSJ+18BQRogM7oakBYCU0OwABDABUMVgFhYBQDAQWAUS4opMbRBi4h2mjQUBnwUpMGhUBopryFoyYrYG6AzU2uSu9AOgoE0ygIoTRpRLQENCtrgugcQhKb8jUkyWiQNeQozTaH3siroKJ+ovJSafDAAGIqM8v7Gvc+O9Vj29ZNeD7SauLR8p67hcc6n/AAag87HJrg+r9NyuWCL8UfI20j6P0PJ/oqDZvpHuKdoJOyVFMdUcxDRDRoySKycSXE2aJ0RWFBTNXFCoCFZaYdoUXTGkcjjWy11DXgwGXUdUeoi+TVSUuGcCLjJryUdjQqMo5/ctZosIdAUnF+QcRokKBpgXQUFDEUFCooAEr9znzdB0vUJ/WwQk/c6RllHgdT+m8Lff02WWOX+2W0eX1Xo/XdPLWF5I+8T7KhmtR+fSbhJxknFrlNDs+6z9H0/UL/WwQm/ejys/6c6fJKUsOSWNv+17Q0fNKQ+47eq9C67p/ujBZY+8WefLvxuskJQfyqGirKslNNcjKGNMSGwgsQDKBFJWSikEOikCQPgomctMxyy1S5ZpJ0rMUnJ2VDxx7YpF0FDYEpaKQgAbMsjSRbZh1eT6cPl8EVyNd+Xb4ZtFU9CxYnGNy5Y7p8ma1HTid0j0cPSVC6rVv4ODot5k+Uls9b1PPDp/SZyTSnP7UZxrXg9Zl78sox3FPk5whxvmh0akZt1Iw8ibraNITRJTbd2TYCABoAUWU0CEwpK7HJ0iboLASkRJ2xzZAQ0ymxJCugH4GFpiYBRSZFhYFNoluiWxNgNyBMkZRQmw7hIBiasAAVCooOQJGh0CoCos1jN2ZpGsIW0v/oQd3S5+2Pa9o9HBmpJ8nhXJOlqjddY8caDL3JZb/YnZk+pxwX35VGS8eTw8vW5ZRqM3FPk5+5t29v5Bj2Z+udVBOGGbjG+b3Rzf1ubLLuyZZSf/AKmef3Fxb99Ax9H6F6tk6XK8eSeSeKekrumer6n1kclRhJfcuD5boLUm/J6WLU7lv8ljFbNeQLl2takmZS7oraqzTKq+BMlSYd1sIY22loLCTtAH1Gnf/ASn3GVkuTsKtunyNyVGUpWkT3E1Wv1O180aQzKTVNqnemc1WVFUwPSx9fnhxLup/wBx0L1Jz1ODXyjyVIV09l0x7X1oZFqSsmbPJU62tMp5Z0mpVXuTTHZmdRb8I5J8fkj+sUmo5NJ+RzkraTtJKmZrpyxkiW6HJ7JObtDTHP8AaJFWq4/wBzSqjGWmaTfJnJkah+CJcNDsXJGnq+OCUVehIy0GhiCwBi4GLYDTfAyUq8lWEJjJsaAYAKrKCx2SosfC0UDYPwSr8jbuvgAeibG5MSAB2AghifI2nXwVCDk6p2axLUpDStm2LpsmSXaoS/wd+D0nI2rfavNl8s3qPMpBHG5yqKv+D6DF6Rij+92d2HpMWNLtUf8ABqcsXt87i9O6jI1UGl8nbj9Im6ctM9+MFS9i+1Fxm9vJw+kwSubt/B14+ixQ4jwdiiFDGfVRGCXhFqKQxhCAAABMYMBAAgGAAAAAgGADAAAAAAAoTAYAIAAAGIYAAAABYCCmILCyAEDEwCwsQWQFgJisKYWKwsinYhWJsACwERRYAKyB2JsViYU7AQwGMkYDAQwEMAIE1aPnP1F0b749TGq4fwfSHN1nTR6jp5wattaJWpXw/aVRc04ZJQa3FtCI7ypSKFQEUDoAAkaQDAEMSCwGDEAANADCgQAAwARAxMAYCbJGSXAwbBcCbLgYEobCBrY0KwQDAGCIpiGSwGxAMgTIbsqTJQUhjqwoAoTKJYVLVsdDQNAJoEhpDAQAlsbIDwFAAUUABYDEwYALYWNiAAugAIBiQeQKsTYCQDGILAa2USigEFgACaFRQAZuKJ+magBl2CcEbUJoupjnkqIqnatNcNG8o7J7Al5dPSer9b0b+zK5x/2z2ez0n6pwNKPVY5QfulaPnewhqiud4ffdP13TdSk8WWMr+dnQ4p8H5zjlPFPvxylB+8Xs9Po/X+s6aX3S+rH/ANaDN5fY9rVgpM8ro/1J0eeXbkvFP/1LR68MmLKrhKMv/ldhnApFWQ4ewbREXYEdxSkABbGFAK9DCgAKDYbBBBYAwIpBQBYCcSWi7GBlQGlCcQItjWRoHFktAaqaZVpnPRXc0BtQGSylqaYDaJaKuwAigouhNEGbiCXaXQqKBTKUkyGhUEbHhfqHp3LH3+3sevbRy9enk6earwWD4xO/PB6nonU9nUOMpLtlwn4Z5eeP0884Lwx4Mv08kZ/7XZtH3uN3FFnD6fnWfBGSfg7TNAyWixMis3EhxZtQqIMLa5C0bOKZnLEvBF1KKohxaGnsCqFQWKwooYJjGpgQUhiLqYak48M0WZrkyGiyo6I5k+TVdrWjiGpNcMo63H2IdozjmkjWOWLWyhKQ7K+1kyj7AFjsz2F+5NGljszRRqUWIEwsugMs3TYc8XHNhhkT/wByNQGjxep/TfSZU3hnPDL42jyup9C63p9wX1o145Prwt+GXUfn81kxP/Ux5If/ADRY4zUlaPu8uKGVVkhGS+UeZ1P6e6PO7xuWGXvHguj5lNMD0uo/T/WYYuWGUcyXjhnnZceXA6zYpY38oagSLSMozXuad6LopukQ3YSd8GUpNFgMjcvtXBUVSJgtb5Lo0zQhAABQMZL2BM3Sbb4OKN5s/c/2rg26luX2IMMVCKRBc1aOeeuTplwc2WPdyStR6fpaX01JrbOP1XqJdT1Sgm3jx6S+Tnhmy4opRlpGGTK+7kmK12S3Rg88/ch5pPyaR1p6E2cy6hj+tYG4mjOOVXsvvi+GAwQmOO2FV4JbKelsGk1ZBDK7V22JIqa7YX7oDCb2IUnbCyoGKx2IAsO4KEyirEyQsAABAAAIBjToQANsBDAGAAAFIIoqqAcaNPrNaoybEBq8lmbdsAogTCwCgA0xptqiErdHf0eG7fNBLW2CEopVyd0HrZnFaK8lc6tyknaYd0n+52ibsEVlp3R9hauxFJa2UNMpSVE9t2NQpchETIfBTbb2tEyDUTaEkFB7mRSfAWSC4AsPIikgofBnKXatmjjsyzqvAVPT1lzb4X/J2TXCox6PGu5yrbOqa0TG45pIhU2azVrgiKSezFdIlrXAkpxt+Pk0rYppqNeH8kXXG07dx/5M5aOmcaOea2RqM037Fcpi88D8fBFenyFAnQ+TLZIYDQCfH8gDa4FwBQUJXRV0ERTK4HZJRLdjtgxrgqEkxh5D/kppP87E2NoFjclrmy4alK2U41S8s6MHQ9RlnSilH3PT6b0e6lkZZyxe48SMJSn2pOzp6f0/qcqcnBpXStH0WH03Bj2savy/c6exR0jU5Yv6PGx+iScItyj8o7en9Jx45NtbZ6MJVo05NSOd6rilhjiVR5KjjlLYdRalY8WeKX3OjTOq7FwyXFwemW5qX7SoQbewLxX2qzQEkhkAAh2QIABhRYCAgYmIYAADAQABQAAAMBAAwARAwACgEMAEACAYCAgYCsLCmArFYDAVisBtk2DYiKYmFibIobFYmICrFYARRYCAAAAIAAAKTEAAAxDIAYgKHYCACgJsaIGJjJZKr5z1/puzJ9aEVTe/g8ZOz7Hr+nXUdNODW+UfHtdspRapptEdeaAAGR0FiAAAaAFyAxDEgAaEuSgExNjbJCmAAQAxCbAG6JbFYnFvgoGxoSi2U1ooQgBsAGJDAAEMAGgSBkAxDABJDboekZt2AN2OgSGFKhggZAmIYgAAoKChAMVEAgGIKAAKAEDHQMCRgIAsQx0BI0FAAJbGwFZQ2IBgAAFEDBAAAMQwATYMRADQktlgIGMTAVBQ0OijNoho2aJoDFxIao6HEiUSpjBpM06bqeo6Sfd0+WeN/D0x/TdWS4srF5ez0v6o6mDjHqMUZRXMk9nu9H650HVtRjkUJe09Hw8osjtXlBzvD9KuEoqSap8MXb7HwPS+pdX0k08eW4r+2W0e10X6oT11eFprzDigzY+kuhqRz9P13TdXBTw5YyT8Xs20yMtFIaoyp+At+QNaCiFOi1JAFCZWgoIkKHQUQTQbGACTZRLQAVSJcQtodhWbiLts1oKAxcRU0bNEuIGak15LWQTiKgNVJMZg1Qu+S4YHQBjHK/JqpJgJhRQUERREodxqxNFHyHrfS/SzPJCKVv7jy01R9l6n0az4nrdHx88bw5HjkqaZqUep6L130eo7Juouqtn1WPJCcbi7R8Cm4STXg+h9G69ZIVNtPimWxH0K2FGMJtGn1EYDAE0wATQqLFRFQ0S4o0aFQGTiRKL8M2aJaIrJNlWV2ktAMaZF0PuIq7Q6M7KUghtDBOyiymJEyqE0XWcJNrhmkcz4ZmBdG6yJ8lfazmGm1wB0do0YrLItZE+SjRASmmUkUAwCgAAEXQwAC6hEzxwyRccmOM0/dFiGjy+o9B6PNbjB4pPjtejzOo/T3U4leGccvtHhn04FHwufH1HS39bBOHyc8ZLI7s/QpJTVSSkvZo8/rPRej6u+/H2SfmGiyj5NKhnq9R+nOphvpcqyR9pOmebn6bqem/73TzivflG5WayASlF+VfsNLZUHIUWkkhWqIM3G+UJxSWi2JgYtNeLMpNUdDWjnzJWRY5c2Twjmbb5OjJFIxaDTNklyIKgAAKGikyUUkQXFvhHXCHbDulyzHpnjjO8ke5exfUZ1P9ukBGSf3U/AvrKuTGejNsK6lminfkU8vcqvRyjsCxohMpNBFCsd6IKKsLvQgAAYWKwCwsQAOxDQEBQwSGkwJAvs0NICVEqhgAuAbHYgoABMqGCENOgHRUVui8WGWVpRT2et0vRRxRuvuXPkJa5el6DvqWR1FnesUcSqJr/CSJemVytR2lUy1tBoIinZQ5JeBJAHkd70IOANIu0O+1bIi6FOWihN2yWFhYWF+5VdAofgaovVEGfYHaWn8Cbd8ECoBh5RQ/Bz5W5TUf8Ak3m6VE9PBZM6TdJbYV1YcSjBPyWzRpKNIzZG4wmt14J7VZqxKKMVvU9umJxs1S+BNEHJlSS03f4OWdM78+41RwzWzNdIxfIweuQ8EaemuBgl8FdpnGyWw8DaJ8FQmC2NqxqMVwgFwwbB6YluQQ7T8iTaZpHH3bim3+DWHRZ8krcKiXE1zVYcaZ7GD0aclcpL8HTj6DBgduClL3aNTlm9vDxdNkyftTa/B14PS5yaucl/CPXiu39qr8FqXa0mdJw53txx9JhpyVteWjrw9LgglHsT/g68dSiTLE1JNI3jF6q4Yox4SSNVBNEKLpFqVIYzqlGkQ074G5kuQDSSdsbyqKMW2OONypsCq+qna0JdLG7OhRpAQRDGomqQhkAArAAAAABMdiZFAgsAAAGAAAAAABQAIAAdiABgIYDAQAMTALAQABFMQCsAsTYEtkFWIVhYUBYCALCxMTIosLEBAxAAUDEMAABEAAAFKwBgAgGIAAAALGIAGAgIGOxCAoQAApK0fL+udK8PVfUjDthPwfUnD6t039V0k4/3VojUr5JIdDlGWOXbJU1yJkdpUjAA0Q0A6IEADQAgYAwJoYIAoABEB4JY2SADQJDSoqChsBMKTRD5LbJasoEIaHQCKSFRSIo4JuxvkAEAwYEyfsIBgCKJHYDeiW7BiABqIIfkgKoBsloKB1QJA+SBMVDGBJSF5GFAgYWAmJDfIgABgACGIAAAQB4CwCigRV6FWgICwAApgIAh+BD8CIGirIRXgBt6JsQ0gGMkLAfkBDATFVjYFB4IassVFRn22TKBtQNBMc3YLspnQ4ktFMYJyxyUoScWvKPQ6T171Dpmu7K8sPaSONwJ7QxeH1PR/qbps0lHPGWKXvWmezi6jD1EbxZIy/DPzxhiz5sE+/Dkljfw9Bi8P0akFNHyHS/qfqsKjHNjWaPndM9vpP1B0XUUnkWOXnv0gxY9RSopSJhKGRXCUZL3TG17ERakmMx2mUpBGgqJUvcq0wExFCaAQAMACwsTAdgSGwG1Yu0dhZBMombibcioDFxBWuDVxIcQoWRopZV5IoloDoUk/I6OTa4KjlknTCN5RT5PnfXfSrTz4l9y/wCT6BZUyckYZYOL2mWD4GDUtPk1w5J4cqlF69js9Z9Ol0uV5oxpeaPNjk7kblH1/pvWw6nDHw1o76s+G6bqZ9NmU4vV7XufWeneoY+pxr7l3exLEdtFJtAFGRSmvJSafDMWhbXAG9CozU5LzotZE+SAaJaL0+GKgrNoTRo0S0RWbQmtlPQLYEUBbQqASdFd5NCog0U0xmXkpSA0FQkyigodAhl1MTQFUKi6mBOilkaFQqKjVZbLUk/JzMNrhgdQHOskkXHMnyVWogUk/IwAQAUAAIaGAhl0FEyV87XyUDLqPP6n0joup/fhUZf7oaPM6j9NzhvpM/1H/tmqPoWS13F1HxnU9L1XRv8A18UlH3StHP8AUT8n3XaqppSXszk6r0voeqT+rgSk/wC6OmXUx8jYrPZ6n9NuO+l6htL+3IeX1HQ9Z0jbyYJSiv7o7RUYSejlzSo0y5Ek+U/k45y7nYaiJu2Q2VLgyk7YUnsmjRLQmiiKGolJbOvHjjKJUciiWonQ8C8B9LtWwmsNEvcjecY0/cyXJFZ5DI6ZR7jGcKYEAFMdMBIYhpAUrBlwjW2TJAIASH2gSBUY2zX6UVHu7l+AMUNI0aS8CoCe01jh7o91rRFFqSSAhqgSG3fgQF+SXaFYXoKdibFYgHdCsB9rCBBVnR0/R5c012pJPyzth0FPtk1rk1iWuCHTZJxTijuwenKMYuVSs9CGKMKUVpI1jHYxzvTPFiUIdsUl+EapJRopA0XGUSVKzGTLy2vNGfkguLKtERW7Gwqr9gZN+ActaAL2NE8lRsBpauiZeSzDqs8MMUtNtWVD48hZhDqYSSVbNFNBYvgdkd1jtGVWpbQ2QO9lRXgiU5WNsmwJnLR3en4vscmuTglcpKK5fg9vDjePFGL8IKiapnPN06N8sk3yYz58EbjNgrsVlRMtKTJZQiKiUG0zz8r3o9TjaZ5+dJT7aJWpXI/ccWOapMlGHR63A5bQWm2ltrmi44smVfZCT/gYtrFbKaqvk7cHpmaa/a0/k7cPo3/xHb/4NSMXt46xtxfarfsb4egzZmvtcUufk93D6bgxLUF3e51wxRjGki+Wb28CHpORpp+fPsdWD0XHjim7lLyz11AdUanLN7cMOkxYVqCb92b48S5NJRTLhFrwXGL1SUaIyYlLk3UWOUTSa5OyMdJEvEpyTeqN5JriJl3e9mkaxcYKkV9RmKasruXuBo5NisjuXuRPIkvdhGjmkSpNmKU58I6MWGaf3kVeKF7Z0JJIUVSGQHgAAgAARADFYgpgAAIGAMBDEADGJDAAACgABAMQwATABgSMAAAAAALARFMQhgFiARACaBisKQWDFZAWOxAFAAACAAIoAAAABiIGJgAUAAAFisAAAAAAAAAAAAAAYCGIYAAAACcU+eCgIPk/Weklg615EvsltnAfVer9N9bpZNbaXB8t2OLalyiOvNIKGhsjokB1piIo8gAgGAhkAIYBQJ6AhlDfIJAkMgfABYgBsTYMlgAgoZQDSsBpgFA9DJe2FAbBDAQhgAqEULkBDegol7ALGICB8AtsAAbGkTyNMKYuRsQDCh2HJBNbAYgoExiYCEUFAIAAAEOhMAGJAAAgHQDsQAAAMQUByAAAAKyCkD4FYXYAMSGEAAFgCGxDsBAxWBQDBAAEvkoXkClwS0UhFRDiJxNAYHM47E4G7iS4jUc7iS4J8o6XCyXAqXlXTdd1XSSTw5ZJL+29HtdL+qZql1WKXO5J/wD0PBcCXEMXh950vqnR9Yl9HNFt/wBr0zsq1o/NqaaatNeUd3R+sdZ0j7Y5XKPtPYc7y+6pitng9J+qMEqXUY5Y35aVo9rput6bqod2HLGa/OyM427h9wnEVNAWBFjTCGAWh0ArFY3EKAQUAwEOwCgCxchQcEA4kuBdgBk4EuDs3oXaBg4i2uDdxJcAOXqofXwuE1fsfI+odFLpcrlFfa/+D7RwZz9T0WPqMbjJbaLB8VF9xtgz5Ommp43peDX1H07J0UnKKbx/Hg41JNI2Pr/TPVIdVFRk6menyj4HHklCalFtNeUfQ+m+s1UOoqn5JYj3aJeiseSOSNwaaG4mRAqLoKAna4BTkhiaIqlkT5K0+DFxErXAG0oWR2tMccsvKK70+QFRLRenwOgrOhNFtCogihUWyQJGpUOhNAUpotSTRjQraegOlMDBZGi1kXko1AlST8jsamCkKhjLqYigooC6YlWilkkuRCaCNVlT5LUkzmEm1wUddXwHaznWWSNI50+QKoClOLH2pqwIBjcSXoAAVjtGoAhoruRMn7GhLPP9S67D6fjc8ruT/bBcsPUvVcPp8G+5TzVqC9/k+N6rqsvV5pZcz2+F7FTGfW9XLq88skoqLfheDmLkvJMYyy5Fjxpyk/CKrP7py7YqylBJ0+T6P0z0mPTQ78sVLI+U/B1ZujwZ04zwx/K0TR8i0S0fRZvQYU5dPkcH7Sd2eb1Hp2fHFy+m2veOxo4DqwW6M1iUXU9P5NsTptGpUratcEz/AGNleCMjqDsrLjyu3oz8FzM7Cmm0U2qJsV7CrXawUE+CGxxdEDeHfIdijyUmTIAtewm7EIBoGAgHHktshDsAbBCY0A7oTexNhdAUS2FiAQWCQ6YCKQdpSjQURxuTpcnodL0VzSbT8nHjVtHpYJ5MbThByXkRjp6MILHD7UtEY1blJ+TRNvBvl+CVrXLNuenRoo6JxqzRrRURQPgfknJLtj8hGGV3IlPYueQJWjUvBdmVjv5IKk9i5v5FsAKTVmi2iIK/Y0SpARKajGXwjyOszd86XJ6HWTUIN1s8Kc+6ba4KsmtlmppGizv3OKylOiN49KHVe5pHqPu2qXueZ9QuOTRDHsQzRerRfcvc8lZXwjWOelXcwmPSJObH1Uq7W01+DaOZSVVsJjfpcUsnURlBJ1ye1OLXJxejYJOEsz1FvR35EVHHlVWc3drwdWZ6ZxyevYlb5Rey4vZm2EXwZbdFj8GcHZd0kAN1q7OTqV91nU02YdSvuTIRxzg5LTMXae2dU+NHNJUzNdJX3eH0vBGm4W/g64YIQjSil/BtHgdHXHH1WUteDPvk3pG7ihdqGImKfkuhoUpJcjEBh1E3FpIc86V1tkQxyzT7pcFG+F90dmyQoQ7VSKQQwAYCpEvHF+CxAZ/Tj7CeGL5RoA0Zf08BLp4LwbANEqKS0NAwGhgILIqrFYgALGICAABgIYAAgGAEjHQ6ASAdAigAYmBIDEAwEMBDEAAAAAAAEUgBiAAbFYrIHYCsTYU2SOxMgBMACpGmIRFOx2SAFATYwAAAgAAAEAAAwAAoEOgAQwSGAhFCAKABgIBgVCGFAAh0AwEABRBMlfJ8r6v0r6brG/7Z7PraPL9a6X6/TSnFXOPBK3zXzC5GxK1afKdMb4Mu8JiQUMikIHyCAYigogSQ2MmQVL2DQJMoBJAMAEFAJvQCYtBdioB6ATBFDCvIxMBioEMKBNibonbYFIAWgsgBgKwBslAMoBD8AQCBjEFCGMQCGD5ABiALIC7ABhSbENgAqAAAABgAEjYgGIBgAwSGAmFDYgo0FAABQUFiTAdCa2OwIJGgoAABiCGIAKHYmIYAJhYrAY70ShgUISGwHdAnZDY0BQmwYIIAYxMCaDtKAohxJcTVk0NGLiLtN+2yXHQ1MY0EJTwu8cnF/DNFEUohm8vQ6T9Q9Z0sVHL/AK0V48o9zpP1F0eZxU5PFJ+JHyFEuJWLw/R8c4ZYqUJKSfmLsdex+edP1XUdI08Gaca8Wex0v6nz4v8A2jEssfdOmHO819XsFI8/o/Wui6vUcnbJ/wBstHoaktBMV3ApEdrQcERqJozUq8lqYDoQ00xgSA6E0AqEMVgHdRSdk2MgoWhBZQNESjZdhQHJ1GCOXG4zjaPmPUfR54Mjy4v2PxR9jSM8mGM1TSaLB+exnU3Fppr3NFPZ9B6p+n45HLL06cZ88nzeWGTp8rhmi4yXg1o9Xo/VM3TNKLuPsfSdD6lh6uGpqMl/a/J8RCZrDN2tNNprhoYPvrCj5j0/1zJiqGZtp8M9/B12HMtSV+SYjooQKSktMbRmiGhUUOiCKEy6E4gRb8MtZWuRUJoC1OLKpMwpgnJeQrZomhLK/KLUov4AmhUXSfAMKzoTiaNCIM6BopoVATteSlkaBoTRRosqLUkznoE3EDpsVmH1GuSozUkQa2HgzTK7i6mAKF3DsaYTEMTLqYXc/cqOWS8iolopjojn8M0U4vycUjNtp8sqPR+18EzWtHA+olEzzeqY+nh3ZZJLxvbLB1tuDbb18ni+qevLFF4+lp5PMvY831H1nN1qlGF48ft5Z48pVo3BcsjyZJZMjcpt223yZzlbJct7Ono/Ts/Vy1Fxj7jRz4sWTqMyxY03Js+k9O9Lj0kO7J92R7v2Oj0/07H0MH2q8j/dI66Rm1UOLDsNKSJZnRM4pR0c8rqjoaszkqGq4M/T4srffBP+DlfpMZP/AEpqD+T1JRsvHjuSLKleHl9P6vAncFNeHF8nD1HdxJNP2Z9k4NI8T1vHBq3Xe1fB1lYfOSIZplVOjNlUrHYgKK0HkkZBomKTEgYCABoBAMPACsYhgIBglYCEaRg5SpLZ0Q6HJkfFIprkSbKjBy2keth6LDjjeSLk/Hwc88ccT0qiE1zww0rYnDt8G/ekjGU7ZFiafhD7a5Ki/cvTRFTFLweh0TlH920cOOkzvwP7Qx07LUn517MqjGOkUm7NxzbY7TN1tGOPg0cqNMolaZjldm02qbOWTUmwJYrG0Kt8EaOqCgodEEhdsGtlwS8gOMqLi2+BOiMk+yLaA4PUMrSafJ5DZ0dZnlkyNPg5Q6w7HZIyKpMtPZmhpgadxUZNcmdjQG8JbOzpoyyZIxinbOPDHuZ73oPTOeWcpXaar2DFe10mGWLCk3ZWVPtdG7j26RlkKw4M3BxZFezuzq9+DjyabJXTlg/8AmKadaJutGK6tovZpdnMnT5NoyTXJNMaTkooxzu42aaJmri0VHJ4MZ8r8m2SSgqXJyybu37ma1H6OuoitFfWi/KMsvSRnvdmX9E61JnZwdf1oLmSM59XjX9xzf0DbdyZcfToau2BX9am2orY4/Uyu33Jextj6aEK0joUV7Ac8OnindHRGKS0hjAQxDsIAsTYEBYWIAGDEDCgAFYA2CEMgAACgGAAAwEAwChgIBgACGMBDAAgCgAKYgBgJiAAEABZAwJsaAABiAYCsVhQxWDYiBslgDCgQCsimS2DYgCwARAAAwpAAAAAAAMQyAAAQBQDAAAYFADQDQCoRQgEAwAVAMAEMAQAAUMoQAAAAxEARkh3Ra9ywJR8b6j076frZp32yetcM50fQ+v9M8mL6q5jzR4DVfgxXfipBsGIjoVAhsAAAABN0LnkGBAxDCgABiYUEspsi7YCoPAwKJY0h0GqIAQWCQAPwIGyqTEgHQByOtgCIBiZTJaAQAAACCtjYCGJDCmIAAAAADwIbBIigT5GKmAWMkbAPIhgAAxNMQAAAADQFIgEgoYMKkBiYAIYAAAABQhgAAAMBAuRDCAAAoBDFYCALAAQ2FAAAAMBUUJA3QBY1wRZUWAwoGwsIAYCXIDEMQDCgSGkBPaKUDQGBg4kuJu0Kho53AntaOhxIcSpYxkjq6X1TrelleLPLtX9stpmMombjRWLw+k6T9VRVR6zH2r/AHRVntdP6j0nVJPHmi2/B8A0TG4SUo2mvKYYvD9K7Yy2uA7a4PiOl9d67pVX1fqRXCl4Pb6P9TdPlSjnThLzJ8Bi82PbTopTMsfUYcyTx5IyT4pmjj5QZV3ofcmZ0xkGlCaJUqH3AJoV0VyJogFIA7QoAGICoYMQyhUcfXenYOsi++P3VVo7QKPhvUfRuo6KVxTnj90uEeepUfo04RlFxklJP3PB9T/T0c7c+mfZJ+PcaPnFLzZtg6rJhncJV7r3Muo6bP0U+3Okt8rZMJKS0UfQ9D6zHJ9mW4y8Hr4ep71ado+Liqdrk7em6ueF/uf+SWD61Zo+dGiknwzwen9TjJJZP8no48iklKM/8Mzg7wo545XH5NY5UyCqE0VafDCgM2iWjVoirAzaEzWiXEKSk09FLL7ohphQGynGXkdGFFKTXkDRxE0Cya2NSTAloVGnaJoDNoHEugoKycRdpo0JkGdNMpSfkGiaAvuTGvyZ0LaA12GzNTa5LU0wKEDYl86XuyxAzPJSXdJ9sfdnJ1fq/TdMmo3myPhR4X5Pn+u9R6jqtTm4Q/2Jm5Eej6h6ziw/ZgXfL/d4PDz9RLqJ9+Tcvcxb2TZqIcpUjJu/Bv0/S5eryxhii5W+Uj6T070HHgqfUJTn4j7MWjyfT/RpdTNSypxh5Pq+m6bBjxwxwhSiqRSxpaS/wXGFPRNTWy6dOOjPL0EZR4f8GsZSTNPqkNeZLpckG92jKXdF7iz2G1KNE/RjJbSI1K8dTvxRMo2z1cnRRk7rZlLo+3givO+m/Y2xwp2dEsLitoiFPhmolKS0eF6zic6cfHJ72RaOHqenWSLTOkrL4zOqkZUej6l0j6ebt2nwefWzYmgopoEgJaGiqGogJBRTQkiCWgRdA414Al1QFqFjWNt0BmykrN49NKSOzo+kSTclaXBUtefDBkyuoR17nTHopKPKs9WGGKjpFPGqLjHpw4OmUWm9SOuONJXYdq3sX1YxTTKmlmaUarZw55JRNM/UW/tejiyycmRuRD4JoprQjLSdryJN3yX22HaQXiO/E9pHDj0dOPIobYSx3Sn2pIpTOF51JjWfZuVix6mN3Rcva1/BxYM9v8HQpq92aYsTll2qjBsrLLulsmgYLGmKgXIVovkHQrpEt7ABqQNa2KiCrOXrszhikotW/PsdDlXJ5XqGW5dvsGpHDkdyt8kDbt2AdCAKAgEykIaAaNIr2M0jbEr/ACCunpcU5SVVbPs/ScH0ulS8/wDk+e9H6aeTqIXFdq2/lH10YqMUo6RY5dUpLyc+VWdL4OfIrs0y4M98exx5HT2duerdnDmV2ZrryykZvk0apGb2+DnXUi4ulaq/wSKyK1U/c0tODvkxi0WtOiI5pptfdV/COea4OvLFub1o55qgsfpIAOjq4BIqkIaKGMQrAoVisVgOwEDZADskYD5AmxgAAAADACBAMAAAAoYAAAMRSAQ0AcAMBWRPJ2hFg3Rh9W+BfUYGzyLgn6m6Rmk3suEGnbA1QybE5IKoDKWSmkUnYFWIAIpAAAACAB2IVhYAxABACsBBTEArIoJbGyWA7AQyAEMAEMBFDEMRADAAoAAAAQAA0MACEMAKoQxAAwYAEKgKEAhiGAgGAAAAFAAAAAAAAMQGXUYllxOL8nyHW4vo9Q8cV9qPtHweD670yhH66vXKRit83HhsRVWS0Zdw+BUWkJ6ZFIT2AAJgAmQAxDABMZMmBLewQmNBQFgNANEsa0LlgCGIYUmSN8iqyhjQhkDEMTAGxACAKEUIAAGCTAdCfIxBQgGDASGIEwGArBhRYmDAgQ+QABgAgBklMQCGAgH5KTJoZFOwskYDsQxMAAAQAMAAQAADEwbJ7vgBgxWw2VACAaABNDbEAgG+BAAwBAArB8CAqyWDAAoYkxgUJsVjAQwEAxpEopANDFYWAxMAIEAeBWEMlooTKI7bIcTVA0ijDsE4G1CaKMHElo3cCXAM2IxZc2CXdhySg/h6PW6T9S9Xgio5orKl5Z5LRDWyud5fa9F+oej6r90vpv2aPUjPHkipQkpJ+x+atfk6en63qOmkpY8001wm9DGLy/QnFi2fL9F+qsimo9XjTXvE9zo/Vek6xL6eRJ+z0TGMdalRXeLUuN/gXY/BBonYGe0FgaCZCk0UsifgB0BSAqEACAYu1MBWBln6PD1EO3LjjL5o+d679Nyg3PpHvlo+osdl0fnsvqdPJwzwcWvg07YZEnGWz7fqujwdXDtyY4y/KPnPUP01lwt5Ojb92vBUePL6uLi2Xg9Qz4Zbb59xwzZ8DePqsLS42iowwZ/2Ptfsyj1uj9bi6hmj/Nnq4eswZ1/pzX4s+Ny9JkxSbt/DRGPPlwvTa+SYPu+5paZUM8q27PmOl9YyxjTl3fDPUw+qYppd0ez32ZxXsLLF8lfa+Dijkx5EnDJF/wAlRk0+SYOtomjJZ65NI5oP4YwNoVF0nwHaQZOJLTN6JcQMgovtDtKJUpLhlrL/ALkS0IDVTg/I38GDQ1KS4BrShNCWX3RSlGXkmLqKCjTtvgXaMNZ0JotprwYZ+pwYF9+RX7LbLOTVNETcYq20vyeZ1XrkIaww7v8A1M8rN6nmzJrI7Rqcpr3Oq9UxYI/Y/qSX+08jq/VM/UJqcu2L8RZ5uTPfDoxnm1RrDXRPMldHNPI5PkhzulvZ6Pp/o3V9Yu9R7I+89BHnpSfCcvwex6d+n+o6jty50sePmr2e10Ho/S9KlPtc8nuz1I0Z0c3RdFh6PH24IU/L8nSolpFUREKJUYotIpIontDtNKFRUZuIJtFtC7QGsjLU1LkyaFWwutnjjIyl0keUtjUmi45X5Brkl0ctuzGXStco9RTi+RuEZID5b1Ho8ebHKM478HzGf0+eLiLr8H6Tl6SE1tHn9T6XGe0alwfnksMoraaJUT7HqvRVPiOzz5ehSi3ul+C+leCoNq1x7lxxuto+hxenQjj+nKKa862dEPTukSSeHuri2PQ+YjjUnzvwbY/TeqyK49PNp8Uj6yGHAoqK6bEq4ajs3WVxSS0kT0j5fB6B1uSSuMYRfLl4Or/8PZIKp5ou/ZHvfWT/ACP6qfKHox4P/wCHM6Xdiljk6/azj6joer6aVZOmkl4klaPrPqpLQS6iVVz8Mvoyvj40n2tpP2OqLjFUmj1+q6bp+qX+phSa8x0zzMvpWSErw5bT4jJf/Us6iXkRyxrngxydTulwc2bF1PTyl9TC4rw1uzleaTba4Neonh3vqUltnNlzpqlyc05t/BDbaLqzlUsjsFJGYXRlrGomZ2ylIiKRSQkvJXgKlqmLukP+BpbAa2XHnZJpCLsDp6VvhnVOVUjn6deTWbuSNxyoW2VVII1Y5fBpkRVjUKFHQ7AbQqBDCJoLSG0ZzCxjnm1CT4VHjZ5ucmel1slHE0+7ekeVIjpEAABoDEBAxoRSApHR00Hd03+OTnhye16P0rz9RCK5TKz1X0XonSyw9IpTW57ut0eq+CMMHCCi3bRo+DUjjrOadHNJcnVIxmijz86OLLo9LMtHnZ1TZmuvLlk7I4ZcvkzZyrsH+BolFrZFC/A233Qrhun/AIAaRERl9zGatWbZZVHZlKVxYH6KUiRnVyMBWAQ7EAAMQWABYCsLAYhDAYCGAAAAMBDAAAAGAhOSXIFAR9RCWR2Bo3RLyKK5IytyVLRm8Un5YGv14+CXmslYX7mkcaQRUJNohpyls0SoLSAX00NRS8A5oO60Am0hSm0tEXT2aVaCs1kbVvkzfdJ2bqCS2OkiDJRb5NI6Q6ABgFisKAsBAAAIgAAQAACCmIBWAxAFkUmJjbJbIABDQAhgMoAoAAQDAAEMAEMQAMAGAgAYAAUAAAxAFDQrCwKFYmxbYDAKHQAAAAAAAAxDAAACgCgGAjn6vBHNhlBrnhnSKStGbFlfFZoPHllCXKZmz2PW+m+nNTjHT8njsxXfmpFIYmRshMAZAgACKAGgATejOTKm6M/IFJDBB5KDyMNCbIofIIEUgBIT0V4JkBHJSCgKoAYiAE9j8hQCQ6DgL2AxDCgEMQ7CpbAAoAGIYCYihEAIYFUgACAAfgQDDgSBgJgMTKEOqBDICtCK8CYUhiRXggQCGAFJElIAoTHYgEFDABNAhiANAAMqJfI1tCHwAUArEBQgtiAYCCwGIEhgSwQN2ADoKAADyMQAMQMQAmVYqHQDAAAYrEBA29CAVgMQWBQAA0EIK2PyDKExND8iYGUok9hqw0VGTiRKJ0UiJRKmMKFtNNWn7o1aJcQzeXZ0nrHW9Gqhlco/7ZbPa6P9UQnrqoOC91s+YoEmvIYvD9Cwdd0/UqP08kZX4s6O1Pg/NoTnikpQk4tcUz0ul/UHW9PSm1livfkYxecfbONCPG6T9TdJlilmbxT82j18XU4c0U8c4yteCM4pNopTBxT4JaaCLtMZlbQKbA0FQKSYyCWhWUxUAWPva4ZIi6jPqOk6bq1/+YxJv3XJ4XWfpVPun0OdqXNTZ9CFl1Hw+XD6j6fJwz424x8+CVlxZf3rtb9j7mVTVTipx8pnl9b6B0PVXKEXhn7x4Lo+Yl09ruxy7kS5Thqmd2b9O9d07bwSjlj+dnnznmwSlHqccsbT8rkqtYdV9N/a5Rr2O3D6zlhxO68NHlfVxy4aFKnwxg+jxeuQkl9XFT90zrh6l0uSvvcX+D4+P27TL+vJJbGD7aHVRq4ZYyX5N4dX/ujo+Dj1Mou/b2Z0L1TqFqGSUa4J5V91HNGfwXo+Mxes9ZHnMpflHXi9e6mK/sbJ5H07RNHhx/UmRfv6bHL5UqB/qX//AFF/Eh5HtsR4T/Ust/8A5SP/AO4j/wDEeR8dPGP8jB79E6Pn5fqDqHdRhF/5MJ+t9ZLjKl8UXEfTf+DPJmxY+Zr/ACfKZfUerypxlmdHLkz5eXldjB9Xk9Ww4bSmzmyfqPtTUVBv3rZ8rkyyf9zf8kd5ZB72f1zNm0pSt8o4p53J903s85ZJeBOUpOrKOnJ1EXxZk8lpiw9Pn6iShhxSk37I9voP0tmz1LqsixR/2eWB4Kl3ulv8Hp9F6B1vVVOS+nj95H1vSejdD0e8eGMmuJS2dtE0eR0XofSdGk1Dvm+XI9RR+1LwuDSkIyiVAOwuhATTRanXIh0gi1JMtUYJDtoo2Ayjkfng0U0wHQBaGgFRLiaBQGVAzRomgIoackPtHRQ1la5K74vkzoXaBq4Ql7GeTpYyXj/AkmvJf1GuQa4s3Rey2cssDg6aZ7SmnyJ44T5SM2LrxeygaPUn0kHwjnn0TX7dkyta4u1NB2e5rPFkh/ZoSVqyKy7R9pp214BkVk1ROjVxI7SaqGu600mn4ZzZvTelzqp4UvwdtBVjR4PUehRk19CTUfZnmdV6X1eDf0m4+59i4IlxfuandR8JJOLqSafsyT7bJ0XT5U/qYot+GlTPP6j9P4p/d0+RwflS2bnZj5kbPS6n0bq8P/u/qL3gcU8coKXdGUe3m0b9M4UWUiEtloaiuUKK0NLRcY0BKRtBCULNI47oqWtseolpCS7VRSdHSRytVEvtM1d+6NEVkwqxPkIMqGkJxZpSr5EAqqLdnPOduVeDXIrXJhSVkajPNjWSNM8/J0M7+16PUFpOw1K8OeKeN1KLXyZtHvThCXKMMvR4p8JojWvIoR3ZOjlX2bZyyxSh+6LQXUIpAlZcIu98A1phhbTPr/0706jj+rK4tcHznQ4FkyKNbb1Z930eKMOmxx8pbLI5dVsmnwHCHQpcGmENmMzZmU1oEceZnm9Q/uPTyxPP6iP3szXXlxzMmzXIqM6OVd4VFR9lsVFQ0yBspcFUmtiaoDPJHui7MVFHQ+Gc8nt07CP0ULJbA25mmOyQAoBWAQwACgEMAENCABgIYAMQwAaEMBgIYAZZFfBqJsDGON0aKFFWKT0A3QrRzSySk9cB3SA6HJIiWZJGajKW2WsarYEvNJ8IVyl7mnbGIu+KASjLyzWNJUZPL7EuU3RBq5xTE8yXBioSlyWsC8gaQm57NCIx7UVYDEKwAYgEwpiFYwBsQAQACAKLAQAMQARQJgAEhRSQUBKVFAAAAAAAAFDoAAAEMAFQDEQAxDAAFYWUUJisKYBYWNRCgJ2x0MYAkMAAAAAEAwIENAAAAAUADAAAYgGIYgObrcEc2CUWt1o+OywePNKEtSifctXo+a/UHSfSyLNFWny0Ysb5uPIuiW7BuwMY9EpAwAYENCaCiCqE3ofgzlLgBSdsSQUUgoQ6AADyJ1YARVUAIGAN6J5F5ABhQxsoQh8EsiihoAAGxeRgAwEAUwAAE9ANhQCXIPQxAIYaEyKGHIVYPRQMQwAAYCIAAYkwGIdhRQIaCgIATGACGIApiGIgAAOAAAoYCAYqKGFCH4IEAmNAJiKYmVCoQ7ABFJaChADQht6BIBollEvbASGFDAQDYgAYAAmAm9jQDGhAAwEIAFY3wJAAAIB+QBAAxokAKAkZQmDBksITZSQkV4AQcjYgIaE4FgVGbiQ0dDVozcdjRl2ktUb0RKNlSxlW7NcfU9RgmpYssotE9gnEMXh7HR/qPqcGs95I+X5Pd6P17pepivu7ZezPiaBoMXh+kQywyJNNU+GmV2XtH570vqHVdHX0cjpeGz2+m/U/bNLPjkl7pjGLzX0sk0LuObB6v0mZLsyKTfg67hNWq37ExkKQ+5EuPsTTA0CiFIamBVB2gpJlWBm4iNGQ0BPHBOXHhzRrNihkX/qQ2Jl1MeZ1P6b9P6mSljTwteI8Hk9X+lOrxJy6bJHJH87PqU6Y1JradMuj4DP0HWdNay9POvejlcmv3Jr8o/S3k7lU0pL2aMsnS9HmVT6fFJfKLo/OVJMdn2+f9Oem57axOD/9L4OGf6Rwc4+qmvhoaPl+9+5X1ZLye5k/SXVXePqMbXszCX6Y9Sj/AGQl+JF0eXHPLy7L/qEuUdeT0D1KH/6a/wASTMH6N6inT6Wf5Q0ZPqL4RP1WdC9G9Sf/AOkkUvQfU5cdPX5dE1XJ9bYfXO1fp31FvcIL8yNofpvqpK55ccPxsaPL+sQ5uT5Poun/AE3h/wDf55/wj08HoPpeJL/SeR+8mNR8SrlxGT/COzD6T1/UJfT6eST8yVH3mHp8GKKWPDCNeUjZtvyTR8j036UzSSfUZvp+6Wz1ek/T3Q9O19jyteZHspDoaMMeCGLWKEYJeyK7XdmtB2hGalJFxyryhNENEG6cWtMO05uC45WvIRtQqEsqfJVp8MBAVQUUShjaEAJIO1AACafhlRk1yAAaKaKTMXG+AXcvIGwGam/JSkgKoVDTTAomgoqgoCAaKoKAzaBScfJbRLQDWX3LWRMxCgN2oyXgxydLBq4rYW1wVHI1yTDXOulaX3bZL6dI7VkTGlGRPLXp50sVeDNwPUlgTMp9O14MXlrXn/T0LsOyWOvBHYiYuubtDsOjsDsLhrn7A+mdHYPsLhrl+lTtGWfo8eeLjOEWnzo71jH2V4NYmvn+p/T3TZFKWJyxy8eTzc3oPVYdxX1Uue3k+y7LYfTrwaiPgZ4smObhPFOL+UOEXdtc8H3c8UciqcFJfKPP6j0HpstuDeOXhrx/BpHzSxlqNHpZvSOp6ZXGSzQ90qZw5ozUlGWOUH8rk3zHPqoUPLNFH/BUVofxR0ctQNaQ2vNBQTSqxJ0y/BNfAU+6y/Bn2jlKogZ5Z0R4Jk+57KTI1CGDEFOkDAQC7VYpwT20mX4BEHLPoccn3L7WzN9FNO4bSPQSLVLwDXT6B0MsmWU5LUKtH08VSPmOh6nJ03UqWN/vkk1fg+nhLuV8Go50xPgol8FRNGc0WTLhhXFmvZwZ0ellja0cGaNMldOXn5U7M/Bvku2YS06ONd4FTKS4IGRW345G1aMosu7CJ2nowybk37s6TDKqkB+gDEM25gBDAAAAgGIZQAAgGIAABiGAwAAAG6Aid1oCnJEPKkTTqhLF7gU83sHdJ1oagl4FOcYoCkyk01sw+qqE5yfAGnbFWL6kUzOpsFi1sg0eVeCfqSa0hxwpM0UEgMqlJAsbfJtQwIjjSH2pDGAqGgAAYCABiAAoEx2IAYCABgIGyAEFgFACGgAQxAAAMgAAAAAAACgAoAAAAZNhYDAmw2wHYWhUNJAKw2yqCgF2joaABUMAAAAAAEAAMYhgAhgAgGIAAYAAAAAMQwAAEFMQDARy9f08ep6acJLxo6gZKR8Hmg8eRwfKM0ez+oukWKa6iGk/3Hip2YejmqEwQErYAAIE2Q1spsQBQIECIHQinwSFMaFY0FMTCyW9kCrY/IDAKAZLYA3oVDsAoGAgGheRtguQGkDQwb0FSAAAhoEgAGFCGQJi8jbF5AYmMXJQAhiCgTGJgIAsa4IEOIuGXEBkvkoQCGAASwGJhSGgoYCAGxAOxiB8AOwsnY0AUwYyWyBoAQWAMQNiAdCXIN6BIqKExkvkBFIEF0AMQMYAACAGHkAATEUKgENBQ0AAMTAAATAUhIGAAAAA1wAAUCCwCgBsQMQDbEwbEBSHaJQBFNkgCAYBYAAhiCAlooAJUROJoJqyjFpE0buJPaUY0xOJs46IcQzYzVwfdBuMvdM7+l9b6zpH9su9ezOFolorneX1fR/qbDNJZ4vHJ+fB7ODrcHUL/SyQmvhn5017lYsuTDJSxTlBr2DF5fpFxlwJpnxnSfqDqsCqb+p+T2uj/UPTZ6WSfZPymTGceu2PvaM4ZsWSNwyRkvdMr5Ii1k9y00/Jg0yHJog6JLZNGayyRayRfLCihMq0+AoggLKZLQTFKbjwWsifJkLgumN7T4E0Y91D+oy6jSvYW15YlkTHafkBO/dkuNlAFYyh+QUNGzEBk4EU0zehOIERyyiawzp8mUoEU0EdsZJ8M0POUnF6NIdRJc8AdgjKPUwfOmaKSfDKhsmimICGhdpYUEZNBteTRoVAOORo0jlV0zKhNFHSmpcMfacqTXllrLOPygN+0VExzJ86NLT4YE0FFDAhICqACaCiqEwJVopTfkQFFqaKTMqC2gNRmfeNTTAslqykwAz7QosKAzoKKaCgIoabXAxAUsslyWst8mIBHR9siXgizJWi1ka5GLqJ9O1uJm4SXKOpZV5GnGRMXXKvwPtOl40/BDxO7Qw1koh2lNNPgdFNTGKRfamAIqBwRnONI1szyukUck7erPF9UyvJnhBtfaer1GbsTk+EeFlzfUyOVeTpyx0ntrwS4/cW52Jm3JFMO2yls0UE1sIxcGJLaN5QtaISSClOGjnmjfJKmc2SSCxktWNPQP3EiNKGTZS2FJh4BrYACGhAgjRNe47IWuC01WwOn0/E8vWYlzuz6iMe08f0CHa3kl5/b8HtNljFITAOTSIkyWaSWjJrYHPl1Zx597O3MnRxZuDNdOXn5NybMJrZvlVN7MGcq9ETwF7BsFsimrsuzOtvZS4Av2M8y8lXsJ7gEfeIAA25AYAQAABQDAAAAAAAAAAsAABiEBQqBDAmhgACZk8fc9mrEBCxRRSjQwZAhoQICgEMKYmAWAWAhgMBWMAEAAAAIAYgAAAQWQDEwAKAAAABgAAAAAAAAAAAAAWAxWKxbAdicgRVARtjSKoAEkUIYCGAAAxDAKAAAAAKABDAAAQwAYIAAQAAwEBQwACAAAABiABiAAGIACgAEQcvqHTx6npZwat1o+MyYp4cjx5F90T71nzP6g6R4sizRTak9ma6c141isBIy7QwbGTJkUvIyRgBRKGFDZIPkaIALAGANiACKaHYqHQDJYcC8hQhhQwAAABMa0NAyAsQwoBBYDKoABAAMAIJFQwAA4AKCiwARQAAwEkNKgYIgdAtAFWAcjEPwQJiHYgAAGkAqGwE0VSoKGkMCQBiogBiABhRO7KQC4YWDAAEMRQJFCQwCwoQ0EFUSyyQEgGABYqGgAKAHsAEwSCgQUeR0LyNADEMTALBiQAIGNiYQhhQgGAgKGAAAUS9DbJZQAIaAYWAgAAAICiRkDFYMQDGCFYDBCGEPkloYihUS0aEsDNxJcTQCoy7SXE27RSiExjRLSNXETiVLyrB1Wfp3/pZHFex6nSfqPPCPbmxqe9O60eR2kNBi8Ps+l9a6XNr6iUvZnoRyQnFM/O6/g6un9R6npv2ZG17Nkxjy+6cL4M3GSezwOm/UlqMc8HFryndnsdN6l0/Ur7MsXL/AG3szYmOhNryUsrXIJxn8MiUXeiI1+omVz5OWmHc48MK6qEYrM/JayJ+QG0Joq7EwmIsfcxtCoaYFNlLIZtAXUbKSY7OfuGpgbgZLIUp2BTJaKtABk4icTVolooyoak1wyqE4hGkc7WmaxyxlyclCbaA9BU+GM85TkuGzaHUyX7thHU0CREM0JeaNVT4dlC7SWqNAYGVBVl0CQEdgJNcM1EVCWWUedlxzRfOiHEhqgOlNPhjo5Va4Ljlkudgbg0QssXzotSTWmAqE0UAE0DKoTQE0FDBlCVryUpskYFqaKuzEdtAaAQsj8lKSYDSJki0wAz7RUaBQRAqLaFQE0CtDaEBayNFrKYoCjpTjJA4Jo5totZGgNHjIcGUstlKSYGLTo580nZ3Sijmy47KPC9V6uMYKGrPDWXfJr67l7/UMsF+2CS/DPL+pKPB0iWa9OOSy1L5PNh1DS2bQ6iL4ka1m8uyMn3GyyeDijPd2jVZFqysY61xyRJeTOL1zQnk1S5CYjK9mEnbZpklZl5I1IKFQ2INmKwAiCx3ZLBcgMaF5HaevJQxxuT7fcKOr0vFHL1yi3qthK+h6DDDHggoXtbs7HHQRjBRXaqRRqOdZ1RLdFy0ZsqE3ZPkqiWqCscuziz/AAduTycWVGa3y8/KvuZzzOvMjmmqOdejliOwfkRlo0ylsj2Lj8AHkqKtSt68D7U1zRLVLlsI+8AANuRggABgAgGIAABiCwGIAQBYgAAGIZADsQAOwsBADENktgAyUygEAwABisApgAFAACAAsAIBgAAAhiYAAgChiGIgAEMAAYAFgAuAGArDu9gGKxW2FADYu5ldo0gJSbH2lUMCaHQDAVAAAAUMAEMAAAEMAAYAIAAAAAAAAAEMBWA0OyO4VtgW2hdwkr5KoBW2NWAFDAAABDEQMAAAAAAAAAEMBEUzl63p11GCWNq7WjqB8Eqx8BnxywZp45qmmQj3P1F0KhJdTjjzyeI9GXbmh8ES5HdiI2SHyIaIqlwDAXIAMQ0RRRLZTdInyAFIngaAoGApPQUnyIW2ykvcihcDENAAgYkQUhh4FYDB8CAoBiEFUIYrAGIXIyAEUxAAAFhSYDYgF5Komh2ADQkUkAAwDkgQxDAmgGJgAxIYAABQUAxiYEgAwEIbEALkYgKAXkYADEMAAAYrABiDwENgSmVYAIYBSGAgGgYeBMIAoaAKKGAMAoTHYgEAUBACBgyoBMfAgEAAAWFgJooHsQCAEMAKBgIQFAKwAYWKwCCxiAgdsEIYDGKwAGxXsdiaCHZLGIoQ0AAAMAYEtAMAIaIcTZohoqMWiWjZxJ7Ss2MnFtDVxacW4teUzSiWis3l14PV+swtf6ndFeGet036ixyl25v9Ne583QOKZMZvL7nB1+DNBSjNNP5Nk4ZP2s+ChlyYn9k2jv6b1rNh7VkuSXsZ8pj61xJdo8rpfXcE9Sfa3wmepj6nFmjapsmIanJGkcy8mdRlw/4FKLREdHepcMKORNoqOaa8kV0sRnHPF6a2aJp8MGE0S4ssCpjLY7opqyXEamKUxrJTM+CWymOlZYyKtM5LKjN+4R01Ydpipu+TRZEwG4EuJopWDAw7ROJtQnEGMaLU5Lhldou0JjSPUyX7to3hnhPzRx9onEo9DngZ58ZzhxJm0Oq7dSVhHUBEM+OXD2WqfBQA1YwKIoTRYqCIaErXDLaFQDWRrnZos0XzpmNCaA6rT4YzlTa4ZpHK1yBpQUJZIvyUmnwwJoC6E0UTQx0IBMAaAILaGptckgBp3opbMaBNoDYKM1NrktTTKChOJa2FAZuIjVoloCBDaJYD8C2uGK9gBX1HFe5zdb1y6fpsk2t1o6HweL+pqfp/bvclwag+VzZnkz5Jz5m7IpPhmc737mabj5NDaWP2eyacSFlk2X3qtlDjlmlts3h1Lr7tmVRlHT2S8Vb7v4Lpjvh1CkkrK29p3+Dy5Jpp3wVHqMsf2uhrOPRbIb2Yx6xT1Nb9zVTg17DTDsBVfAAUAAAmT5G2NcBAhr/kRS5AbbR7X6f6ZSvK07fL/wDoeLLlP5SPq/TMX0unjGL+Ss12VX4K8CYu41HMSWiO3yaXaF4KM6Ikay0QwrDItHLljo7Mq18HJl9iVvl52b9zObItHZmjbOXJ5MV35rmmtk+xbRLaeznWzGuNPZK5sa/JBqnoJccBHwWqoI+3ABnRyCGIAGJgAAAAACBsVgMBBYAAAiBg2IAGMlDAdisQwExUUJgSMACmAAADEAQwEBVMAAgAEADEAgHYWIGQAgAKAAVgMLJsLAoLRO2NRAO4TtlVQ6AhIpRGhgIBgEAAADEABQMQAAAMAAAAAAYCoBgAAAWACE5CsChNi2HaUHcK2PtGkQKmw7SkAC7QSGMBDAQAAwKAAAAAAAAAAAAAgAAAAAAKAACDn6zAuowyxtco+I6nFLBnninpxdH3z4Pnf1D0VwefGt+TLfNfPLgGC4QMjtKSKRJRGgAUFEDABNkUmNCsaKBrY0qEh2AWLkbYkRREryJA2QJjJXI2woGkJFeAExUD2w4AYxLgYCCkMTABeQAigaEPgBMBiWwABiYCABhSQeQACkh0CqgZBI0FAwHoBIAAORMaKChUNgQIaAAoZLKEwEFDoEAmIollAJjBgIYAAuWUlolclAKRI2NIIkTKZIAMBgCAYrCgQ7BkE2Utk+SlwAAAMBgIAGKwEUMBAEDEMAFQmUDQEiooQCeg5ARQmAwAKBgJgDQhiAAoaQFCoTGJgIYAEA0JDAYAmFgMHwSADEwEEOwsVgBRLAAAYgABDE2AqE0OwKiKE0aMTRUZdodppQqBjFxE0atCaKmMqNMXUZsU1KGSSa+RNE0Gby9bpvXJY/8Avxctf2nq9L6z02ekm0/aR8m0JKna5J5jOPu1lxzpJp/gfbb0fFdP1mfp39uR15TPT6f15RaWaMl7teDN5TH0Eo0R3SRzYfUMeWqknZ1RyQmuUZwUs0o87NYZlIycU1oy7WmQdqafkZw90o8M1jnrkDdolxsFmg/OytMGM3EOC2hBMTYJ0Og7aKzhqbRaysxADqjNMrk5E6KjlaKOkVGayqtlrJFhFdonEqwAz7SJRrwbMKsqMV8FxyTi9SBwF2gbx6rxJG0csZcM4e0KaKj0BHHHNOPk2h1Kf7gNgoUJwnxIugJoKGMqIaJaNGKgM2NSa4KoTQFrNXJayRl5oxoVAdP4YzmTa4ZpHM/KKjRokpTi/I6AigKaDtAlDCgAVBQ6CgFbT0ylkfklgUaKaYzIE2gNGhUJSY+4CZRIaNbE1YGdnjfqCGXJhgsUXJ3we24mcl8FHwGboOqxLuyYpq+ftOWSXurP0aUbVPa9mcPVel9L1SbyYYdz/uS2XR8MoPtbJlFVpn0PUfprIr/p+oi4+FJUzy+p9M6vpb+rjbivKVjRwRm4lPNJCmkuWLt0XRtHIpIuMYSOS2louE2lYG08XbL7XoXc1sz/AKh8FLKmUXHNOPDNsWa9SMG1JLgHH2A7lJMPBw97j4Za6ilthMdTQ1wZRzp0zRTjLiS/FlTFNBF63obaS8Gc5LsZTBLMo5Y3uN8I+m9P9VwZoxjD7JL90X4PicmRuenwbYs7TW6fuglj9FjJSimvIVs+X9P9ey4IfSzf6sE9Oto+j6frMHVQUsU1bXDezUrlZjYl88lWSzSEybKlyQ435AUno5My2dL1yYZURqPPzQpvdnHkR35VtnFlVNmK681zSRn26ZpK0yPc512hUC0PgPwRVwm06rk1X5MY6L8chH3QxAdHIDEADFYPgQDsGxAArYDAgQAAAAAAwAQDALEAwEADbEABQAAAwAAABWAQwAAAAEFMQAAAAnIB2KybsKbIByDuDtQUgo2BWhOkEKikjzep6+cM/wBHDDvkufgrpeueSXZkXbNeAPQelZzR63HLM8af3Jm72jyM8fp+oxlwm7CvaTtDM4y+1NurRUZJ8BFAFgAAAUAAFAAAAANAAFCGAEUAAnIBhZPcK2wLsTkKhpAK2G2UBQlEdDABAMQAwAAAAAgAAAGAAAAAFAAAAAAAAABAAAAAAIKYgABgAECMuoxRy4pRkrTRsJrRFj4PrOmfS9VLHX2tvtfwYH0v6h6F5cX14/uh7HzS/NmXbmgSG+RBtSGSirpEUMhh3WBFFFIS4ABisbJbtkDsaJSGFUxIV2CRA0h8isEFOgb0HImAAA0gEigEAxMYmAgBoEQOhMYgpjJGACYMQDoAQ2Ah0JbKoKQwE7IGAIPICGJgA6BAgAGAAACGIAAKAAEMQAS+Ri2AxDQBQxAOgFWwbAQAhsS5HLRUSwQLZVAAhiAQDYgoQMAIENaQ9AA1yDFYwAQAUIYAABQAwEAAAAABCAKEwAT0MllAtgCGAElMkADyCGAC8DEAgBiKGDATIABpAwEMQFQFEgAxAFgIBDAdiALKGFisCIZLGS3soYCGEAhiYAgYLkGUKhNDBgQ0TRoDQRi0HaaNBRUZNE0aNC7QliYylDhtfg68PqXUYaqVpeDlaFQxnHvdN6zCUrnp+Uelg6zFmhfcr/J8fQ4ZJY5XFtMz5TH2n2ZOGEoNLWz5jF6rmgqez0sHq+LJFJyqa5vgzeR6VP22VHJOPLM8HUwyLlM07VLaaIY0j1KX7karJCXDRySgRuO0Qx3/APgZwLNJLbs3x9RH+7QTG7RPaUpRkrUkFjUxFCKbtjoaYmwWh0J2ipi1No0hm1swCypjrUk+GUjjTa8lrK0EdIqM45k+TRST8lBQu0oYGfaJwNKAJjFd0XyzSGeS0KUSexlR1R6iL0+TVSUuGjg7XZSUl5YHaKzmjmnH5NY54vnQGoUEWnwxhEtCoodFENBRVBQEcFKTXAUKiopZmudmsZxkc4eQOqrRNGCySjw2Us/+5AagEZxl5KoCGiTSgcQITAdA0UIBgAtjTFYcgO0wpMTVipoBOJLiaWIDCUNkyT8HQ0T2geZ1PpfTdT+7DFS90eV1f6Ykrl0+ZSvxI+mlEza0ag+E6r0zqekb+thko/7ltHJkSjj89x971uWOPppyyftS49z4PNP62SWRxSbfCNK50NOhVTAC+6vJay1yZWGgOhZYyXAOmc6bRSkwNXfgf7ab5M4zZbnrYFxzyRGbPKVW9/BKknZjN7KBtuXJakZ2Kwrqx5pRfJ1YusnjaeNuMveOmebGRopDWbzK+v6D1/6jjj6vtjKv3x8ntQyRnBShJSj7pn51GTu7PR6H1PJ08tTl2/7fFlnTneH212gWkef6d6rh62LXco5Fppvk9B6N654zybRzzOmSsxyLQWOHKlbo4sqO/LHlnJlRmunLimjJrk3lvTMcirg512iG+PkaYvIeSNLWy4szWrZcXYSvuwEM25GGxDIExDsAEFgIBgILAbEAUA7CxUADAAsBAMAAAAAAACgBoAEAwsAAVg2EMGTYthTbCxUwSALY9kvJCPMkl7kR6jHOVQkmBbQaRy9f1Uunxd0Y2zLDLJnw985pJ+EB3dyHJ1G0eT1EZQyQ+llk/deD0cfd9NKT3RBxf9QnPqXgxxqS8svKs8Ytyydr8aODqIyh1sVGTipPZ6K6fT+rNu/NgL06eZwl9aSbs6s81jwyk/Y8yEcq62KxN9nm+Dp6+GacVDGrt0yjl6TPCWWeTmS1pcldRinml9TFjcZJ88Hd0mD6WJKUV3edHTTA87pOrlLI8WWPbJcfI+v6SWeUJwaTXLO76UNPtV+5aSSA4MXS5mkp5XXwdmLCsa02/wAlqS4GAwACAQwAoAFYWQMBWHcgGFk2FNlDbFbYKJQE02HaigASVDAAAAAAAACmAAACGIAAAAAGACGAAAAMBAMQAMQwAAAgQAwAAEADAQBTAQwAAEQMAADLqMSyY3F+T4v1XpH0XU1Gu1vhH3D3o8f1rofr9O5L90d/ky3zXybYIGmtNBZHWGhN2DZKI0CkKhkVQh+BBQyfIwIGuBNgAURKbJQ+UArKXAqGRRwIGADHZI0AxiAABgIAYwAigTQDASAKHQE2xoKGAUHkExgNIAAgBDEFGwYNiAAGKgAYAAxD8CAQMAAAAAF5DwNi4ABDFQAABQUAMTQCYJWAwE9EN7LbIS2VFR0UStDABDABAAECDyAwoCgodaAQIGNADEMLKEAAAC8jfAqALQhiAYhh4AQBYAJ8EMqTJKhooSG+QEJjEAgGACGILAGKh2BQCY0JkAhiGAmSWySoAQAAMQwYCABAAMAooAAGEFk2NiAYJgAQwECAfkGDEAAAAIRTJZUIAABCoYwIaCimgopiHElxNqJaCYxoHo1aJ7QmHj6jNi/ZNo7+n9YnBVlSfyjznETQxMfSdP6ljyL90V/J1rLCaf8A5Pj2jfD1ebBGoS18mbyj6pKMl9sk/giUdni9N6t2SX1OD0sXX48lfctmLzR0Rk09OjWHUSXOzH6kGWoprRlHTDqIS50a2mtM8+Ua2EMk48Mo9EGccOqaf3KzeGeE/wC4IuhOL8FWvAxqYz2FliaRdTCTGpNEtUIupjZZ2jWOeL09HKgvdhHd3IOTjU5Lhlwzu9gdND0Zxyxl5NE0+GVAFDoChURKJpYmEZqUo6s0j1ElzTJaszcWgOuGeMudGqafDPP2ilOUeGB3Ac0eoa52bRzQl8FRdCY1vhoAJaCiqCijOgaRo0S0BnRUZyj5BoVBG0c6fJanF+TmoKA6go5lKUeGaR6hcSRRrQUJTi+GUmBDQi2iWgFYWAADFQxMBMVjABaZMloqjHM3CLknVKzUR4H6n6p48Menitz2/wAHys5VR3er9VLqeqlkk77W0jzZOzTUNuybATCmwQrGmUV4ENMYQkPeg4KWwJWjOXJ1Y8GTNNRxxcmyeq6PN082skJR/KBrmoQ2muUIAGmJgiK0jJ38F3W0zJN1TKTA6cOaUaqTi17Oj6H031qcYKGdqSWlZ8um1/JffJ6i2kWVi86/QcXU4s2NThNNeVYTla0fE9N1+Tp5XGaTPpOi9WwdVjinKMJ+bfLN6xeXRlVRdnHk0ztyb0+TkyrYI456ejnyrh3wdWTatHNLgxXblnS0xeQfyxdysw2tDuiYsvkiPuwEFm3IwsBAFjsQaAA8DEAAAWAAFgABYh0ArAdAALYAgsAALQrQFDIsewHdC7hUFJAO/YTTE5xjyyozUuAEojpFHJ1v1/pXhq/IV1KvAN0jzeg65yk8Wa4zXFrk6uozdmKTutEET62P1liinKXx4M/UcuSGBuDpmXpuN1PLJfdN2vwbdfFT6aa3wBz9HLHkwJ5sq7vZnXjcP7Kr4PN9OjhhivJUpX5O6HUY20oRf8IKn1OLfSyrlKzl9NjkzYNvtj4SPRy4/r43BrTWxdN0q6dVF3YHJk6bPhffjfc/k16XqcmX98Gn7s7q0JQXsBwdT0Ms+WOSMqrk1x9DcfvyTfxZ2VRP1I93be0ETDDGCpI0SozlkV0iJZZJgbOaQPIqORyf1Kd7NIxk1RRo8y0/ceR92J09kLC+1L2NYwpUwMMLfk6lwQoRT4L4QDAnuC34AsTZNNjoAchbZVDoCO2+SlFIYAAAAAAAAAIVgUBHckHeroKsAAAGIAAYAAAAAIYAAhgIBgAAAAADEAwEMAAQAIgYAAAACAAACKAAAGIAAYCGAGeSCnFpqywIr4n1jppYOqk0qhJ6PPPsvWujh1PTS19y8nx04uEnF+HRl15pWMQEbMYD8EUWSFgFBSEMik2NCGgoBC8DAYxJgAUFAFkBQwsVhTAEwbAQCsLAoQDIpDAVgMVgCAYAgAABFUAAwAgQwABAMK2FCQND4ACFoYNAkAyWUyWAANCAAAaAQAwKEMQWQDAAKEAwAFsGMlgSwQ6CgAAKQCAYmAq2AAQFCKEAIfgSGFIBiZQMQxAAWDFRAAAFAIbEAwEDAAYeCZMoXkaQkUggoGOxAIKGIA8CoYmACoYNgKhiGVCAPIMAAARAMQ2IoAAAATGICQGAQUAhoKAYCKJYAwQQDEMBDEMIBWAgKAQWUAmF6EAxMYmEFAAAAAMKBMAAVCopggJaJaNKE0VMZNCcTahNBMYUFyi7Ta/Bo4icQzjoxeoZoV3Pur3O/B6rB13PtPGoTRMiY+qxdXDNG4tNe5r3xktf+T5GM5w/bJqvY68PqeWEk8v3pc1yZvH/AAfQuDJppnFg9ThOt6+Ttj1EJrlHOywXDLkiqUuPc3x9ZaSmv5RzpRlw9g4gx3QzY5uky7R5tNPTotZpx5egmO2cqFCSkjl/qFLT0bY2q0wY2a1oVMa35GNZsZlJjYqLqYCozcXonaCzUrOOmOb3NYzT8nDYKTT5KO/kDlhla5ZtHMvJUa0FExmmUgJcUyHD2NWOgjCgRq4icQJUmnpmsc7VKRl20Kio7I5YyfJpXsefRcckocMDtJoxh1Db+5G0ckJcMoVB2l6AIihUWFAZ0Jo0cQaAyplRySiNxFRRqs3uhqcWY0D0B0VaJaMVkmuGWsyfKAqhMpSi+GDjYEANqiWApSPK9Y6xYOlabpy0j0smk2fIfqbqYZeo+lGqS59mag8TNJty4pu0YlMk0oABlEsCgoAXAWFAkA1tm+KNmUYnd0ePvnFJfwGerj2/QOiUprNL9sNxrwz28/S4upx/TywUov3WyvT+nXS9NGC02rZ0pG5HG9PlvU/0zOEXk6WpQfMHz/B8vmwTw5ZY8kXGceU1TR+o0ef1/pfSdY282NLI+MiW0Wxrnt+d0Kj1/V/Rc3Q5XKMJSw3+9HmuFcmbHSdSs6BF1QkrMtFZUZEuLBKgNE9t+xrDI4fdF0zBSpDuwPa6P1lwXbnt3rT/AOT0lmx5IKSld+D5RSrR1YeseJJb17DWfL3JcUc+ReF5Iw9ZHJFL+4uU7dDW4xkv9xLiqLluVkuuDLRLRonwZ3ReOzKvvGIANuJoQAAAAAAAAAMQAMBdyF3AMdkbCm/IF2KyUiqQCv2DY+FZjLqYRdXsDWgUUc76tt1HHNr3o0lN/Sb4dAatqK20jN54LSezyYZu7qpQz5H9OlX5O2DxRf2Qu/IHX9Rdncee+tefNKEX2KOr8s74pSgcz6DF3ubm02A1CEq753/J04oxS+16ODNhxxVRyzvxRfQYs8ZSeWVx8ID0BNWCAK83ruibf1cWsiOWOTP1NY5qVp7tHuUnyQ4xXCRBOKCjBKq0OWNSTT4K7ifqxXkDOPR4I/2I1UIxWopEyzLtbXgzj1HckBvaWiZZFHyc+RylJNeBzi5dvOgOmMrMeqnOCTgXjTKnDvVMDnjmmlT8ijB96avfJ0rFFFJJFGCxyUrRosW7ZpdCsA+nH2HSQtjpgFoVj7UOgJ2OiqAgSih0AAAxDKAAEAAAAMCMk+2NmffIDaxOaXLMW5MPpyk+ALeW1rZHe5fBrDGoortXsBj2toqGJ+TWhhSqgGACGAAACABgAAAAAAAAAAAAAAAAAAAxAIgAAACwEMAEAEUwEAAAAAAMQAUSUAhgBFZ5Yd0Wvc+P9c6BdPnebG/tm9r2Ps3s871Xo/6jpZxS2RqV8SNDzQliyvHL9y50JEdZVB4FYmyNBjQkUloKKGDFyRQMHpEkFIYkMKTAAAFwMAIAQwYUMXgGIBgJDAaYxJAQFAAgoKBLQAFiBgA0VYkBAwCwAAAAGIACmAhgAMBPgoVhVgkVRAkFABQqEUJgSNAMBCZQqIBCKSEyhDQhgBL5BsGgABDsASGAAJgxgyCQAYC8joEMBcAhgUAmMGFSA6BgSDGJgIBiAAoACATGIKRLKYmVCRSEkMBAAAAAAAIYrABDEyoaAQAD5ChgAkADGJpNEl2iW0XD1CCxcjGGwxMZLGGwgsAYNCCxDCgGIGESUkIaAAoAewEMEIAYgAIB0AFCYLkGAAhUMWwAA4AA8jEigFQqGMBVsAYAAmOgoCR8hQAJolosGiozoVGjRLQTGbQqNe0TiVMZUXizZMX7JOvZj7SXEiY78Hqslqa48nfg9Rx5P7kn7M8BoW07Tpoz5g+sWWMl/wDUenwz5mHV5saSjLj3O7F6qlX1E0/LM3ij2HB1oj74vkjp+tx5aqao2c4y9jGVFRz5F5s6IZ4Or0cvb7CcQO9SjLhlnmxm4M1XVuL3By/BEdlByZ4+pxz07i/ZmqprRUwqJaZdCZdTEp+43sdIEiypYcZSXDNYZmuTBuhqVo1rOO2OWLLTT8nn2/DLjNryEd3IUc0M9abNo5EyoqhdpSafAwIcCXE1EBlVBbNGhUVCWSS8msc/ujFrYUVHXGUZeS6OJaKWWS4A6hGUc6/uVGqnGXDCkIpoVASyWXRNBCExvRIBdFLJJEiKNfqp/uHafkxJbpAZ+ozeHpp5HLtSV2fBdXk+r1E8j8s+j/UfUy+h9Nt0/B8rKWqNwRQihM0peRiDgCgECAoErEXBbA2xxVWex6J08p9Sm4uo7vweXgh3SPtPSMEcPTJW22t+xqOXdeliprfsJ6ehwqOhSNxxVyTKKa2CcltFJ2UZSxqUWmlJezPB9V/TkM0Hn6Z9sltxR9G0iJQf9vIalx+a9T0ufBkcc2NwafDOfhn6P1vQdP1WGceoxJzlrv8AJ8d6n6H1HQ/fCMsuJuk4x/8AJix156eVYeBSjKEqkmvhg2YdNFfIoumWuCGBV2yroyuiu4K6MWZxOzD1TlUZ0/k8uL2ad1cEHrt2tMmTo4MOdwe238HZHJHIk0RpcV5ZonTMn8DtsivvgJsdmnEwsnuJdgaWFme35KoAbDuYUKUlHl0A9ipsz/qIVyZZevx4679L3oDrSB6M8OeGWKlF2mc3W9Y4SWLFub8gdcpxjyzGXVwT1v8ACM8PS1U5zc5S278HSscEv2oI5v8AqGNNKX2/k6o5Iyx9yejz/UoY4xX2pv2K6PHP+mSld+wBl6mebN9GDcYvlo6cPTwgk62ea4Zun6pyUPtb215Otddeo453+AruVJaJnTi/wYQnlyeO06IQqO3YHh9uOHWylkrtfuejHPja/wBODkvhHR/TYu/ucU2aKEY8JIDLE5yX3LtJl0rlJt5Z0/B0OqIWSN1YEw6bHjdpNv3ZqqRnPI1dImEpSVsDbuXuRPLGPLOZN97v3LnBySCr+tabXBHe58MuOOkJYqemQZtz7qTtCWOXezpjjSdjoDGON9rT8jj06SpmwOQErGl4KpC7n7BtgPQ+4XahqICt+BpPyVQFC7RpDAAoAAAAAAAACAAiU1Ej6yA2bFZzyySfCoLk1yUdDkkQ8qIUZOrKWPewE8jaHjlJ8otY0NKgCUe4FBJFAAqQwAAAAABiGFACGEAAACABgAAAUAAAAAAAAAAAAAACYEDEAAAAIAGAiKYCGAgAAAYgABgIBjEADEAyAJmriUIK+U9f6HtzLqI6j/ceJLk+29S6aObBNSVqj4zJhlibjO7T8mXTmoQCsEw6RaCwQmRTsEJDIoYADIp2KwAKdgmKxgMQ/AEAACYUAkALgADlgCAYxAAAqZLGkFVwIAABpCGiBgAEDEMTABiGAwCwAQxAUMQAgD8AAwAAABCDyMBAMKsKkpLQqGQDJfJQmAhDEygSBgBBLQ6E9leAAVj8CAAb0OhFBQDQqIGgBIYCAYMokAegCgQwAQCY2AmIACAABAJiKaJYCYhsRQ0AwAQABQAAAAgAIGIGxWXEtkMAQcFxzv6QWDYgZcYv6Ik5eDGU8q8HSkFFZvdcn1p+Uw+udXYn4RLxJ+Cs+nOs2+TRZfkbwL2JfTp+WD1VrIPuTMvotcSZLhkjxsYeq6LQafk5u+a5iw+qManddNAYxzL3K+qvBMan6NBMlTsbZMbn6ShFUJIfgY1OoTEDQEa0xDEAhgIIYCAAYkNsEAAAADED0AAhiGADYgYDECGAAAIgKEyiWULyPYAAhDYgGSytg0BKQNFAVlm4k9pqyAYjtE0aUHbYTEQnKH7XR0YuvzY/aS+TBwF20Eev03q0HXf9r+Tvx9ZCa00z5iilknD9sqM3mI+t+2b9iXj5o8DB6pkhSmrXuehi9ThJpOSt/Ji84O3t3tFxyShw2KGeMkrpopQjLgyjSHUv+5G8MsZ8NWcbx0J2qSsI9ARxQyyiqttG8eoX9wGr2iaLjKElqSK7QjPaGm/Yug7SypYEyk6JoDWsWNlko0jltHMmOy6jrU0WcPc0zWORlHSFGcZ2aJhCoKKAohohmxLiBlQ7pa0U4ioBwzSjq7No5k+TmaphRR2dyfkGkcqbRccjQGrRNUNZE+StMIzYqNHEkCGY5ZqEXJ8JWzeR5fq/VLB0k3F234NQfL+q9T9fq8krbi3pex5zZeWU5zlKT2zM2p2DEHgKBDGyhIYcBYQG0I3pGKOnFDuap0Er1PR+m+r1mKMtwv7kfYxiqShFJJeDx/Quj7MSySdN/wCT3IJRWjpI4dVXgSu98A5L+Rd2zTCmFh/5FLgBOQb5EhgJytU0ZZIXHtauJqD4C6+a9Y/TsM8PrdJGsie4N8nyubp8mKTU4uNcpraP0tq+Tg630zB1kJRyxttakjNjc6fARdBZ3+p+l5fT3bi3F8NHB2ujNjrLoaJoq9CtmWi4HYchXsRVWXDNKElKLpmQbIr0MXVKbffp+DoUrPJi62dOHP20nwuCK/Su0aQ2BpyIjJljij3TdJGlHH6g6xfAErr4TlWOM5P8Dl1WSMe542cPQ53GTjjj3SXL9juay5404uKAXT9b9Zuo1Rj6pL7Ft69mdeDpYYY1FbOT1THKcVGKtoB9PlxrDGo9zRGXKupl2ShGKT9qs6eiwqGFXFW+TTJ0scnw/cCcEYQgowql7HN1fTyjkU4Xp2dGHo/ou1NtezZ1qKrewjhxdW0knGWvg0eXLk/ZBr8nT2R57UHakBzx6dzkpZVtHUopcKhd69yXlintgX2JvaF2RT1FESz1KkrQp5vtfbVhWqSQpZFEWNuUbfJGSLlJewB/UK6p/wCBrLbGsQfQV/ICyybj9pmscuUdHakOwM1FuFS5HGNRopslthQscbuitIWw7W+QC0Hd7Aoqx0QK37DodAAu33GooYIoKChgAUAWAAMQWAwE5JLZH1F7gaAZ/UVlp2AnJJk/VV0RkxyllTT15D6O7AHnXgTnKVVwUsCNFBIDCeOTqi4Ytps2Agj6aspRSGBQUgGIBgIYAAAAAABQAhgAxAAwEAQwAQAwAAp2IAAYgAgAEMAQxAUAABAAAAAhiCgAAAAAIAAQAAAAAAhgAAADAQAMBIYAAARUZId0Wj5b1zopY5fVhG/c+tOL1DplmwSTWqIsr4T8jSLz4HhzuDvnVkEdpT4AXIyNGKxXsZFA+RBZFOrAEDAKCwsRFVYhbK8AFisVjXIU6AfgQANAuAAGAmwAYCC9BTFeyd2UkBSEMCBjJGQFhyILArwAuRgAAMBAMRQMEhBYFBYCoAG+BBZQCYxEAMAQAAAAmAAFS9ByDQAAALlkDoKGgAKFQw4KEDWgGBJSQhogA0AgGJgJ8lAAK2NgSIb8ioAQCCwHQMEwYCGAigZLY2SwCwQhoBisLEAWNEjsqaYmLvRnKd8Fxi9yLckiXMzpsaizcjF/Q72XElRK4LjlerVoGJDDBNAMOSBDoAAKBABQ3VENFg6AyaCi2KgJcUS8afg0oAMZYIsyeGnpnWyGijlcZx+RrJLho3cSe0Gpjl9x/VsHjTIeF+GD1WqyDswcJp8WCm486GNzuuglmay/JalZMbn6KAYmZxudwCYB4DWkMQyKAAABklUJgAAFgAwBAOgCwsikxoAAGK9DYgCgDyMolgDGgAGABCAYBCJaLJYCSChodFEA0VQ6CM3ElxNWiWgmMqCjXtE0EwYs2XE7jN17Nnbg9VlGS+oqXwcDTFRLJUx9Hh67HNXGaa/J1wyQnG/B8fTW02vwdPT9bmwNO+6vcnlH1PYn+3ZMoM8np/V1N/dFx9zvxddDKtSTM3nEbJU9M0x9ROHyiYuLCUfbZkdMOpjJ70zZPuWjznFlRnKK5YR6AM5YZ5L92zeGaE18hF0FFJNrQtlRLGnQUFDUxSkXHI15Mq2BqVmx0rJZammcncUpF1HXaYzmjOmbRmn5KLaJofcPkCGhUaUJoDOgLoKKiasEmvJQAOM5LkrvXkiyJPRRc5R7W7Pk/XuolkyrHB1GO38ns+o9YunwNxalN6SbPk+pySabbcpPlm4OSbtkWVySyqBiAKBpiGigYJFOmJLYZqox7j0/Ten+tm7GtfBwwi7VLZ9P+nejUe7NNN2/4LGOq9vBihDBCMHtLejVJ3Zaxq7QUdI4VLQ4xdlUUlRQJWRIur40TTS2AktbE2vYvwQ4lCvY3wJiu0QTJ0SaNJkNINRhnxrJBwlFSi1TTR816p6BNReTpb7V/a3wfVszlw01p8mWpcfnObFLFkcJ6ZCaPs/UvR8HWYn2xUM16mj5Xquiy9NlcMkKa4a8ozY689a5tB4G6JI0YADIp2VpGV7H3WZV+sDARXMHL1sJTxtR5OpiA4+g6d44XNbaOxLQtITmr5AuhdqvaTM3lUVYpTk4txA10gTTOfC5TT7v3ApSU3YRvKSiRLK1G6JaeRotwuNAKM5SVmfdJyaNox7Y0NRV3QHPF3zyNwc3rg37Y+w1SAz+lwP6KbtmnchOXsFNRSQUgTYUAdyBy9hqI6AnYVsoRAqBIYwpAAwAQwAAAChgJuiZZEgLBsx+t4SE5ybrwBtaAwi59/xRtG2BE5SUvglzkn8GrjYdqAwl3MqMG+TbtQUBCx7tlpUMYAAgABgAAAhgAAMAEMQDABAAxAAwAAABAFMBAEMAAAAACgAAAAQyBDAQDAQAMBDKAAAgGACCgAAAAQEDAQAMBAAwEMAAAAAAAAAAAGAAAxDCgnIu6LRQEHy/rvRrWRLcbPn2qdo+96zp45ccrVutHxXW9P8AR6mcYxaV38GXSVgIOADcCKJRRlsWAhhTCxAQAANEUIGMkBjRJSCn4EAAAxCAGhpi5CgGAAAo7eykCQyKQ9iGADEAAwAfkgEMBAMYCZQWHIAABQXQAHgAAoBAFgAAMgQ1wIdgJgDYAMTCyb2BViAAEwQAAxWAEUxNgxFQBYwAOR0ABQFhYmAMQB4AoTFYmwBuhIOR0AmSNiKGhisAGAgCFIkcmIAodAKwBoTG3RnKaLIzesVwRKRDmKzpOXHrtQqDuQWWRytUmkOzJsO41iNbCxQxZciuMZSXwiZKUHTTsYNFIruME2/DDv2MG9jMVMfeTBqFmfePuJg0FZHcCYFNh4CwCAQDQUCYxMoBAAQqE0NhyAhFUKihCcU/CGDAxliXjRHbKPk6aJaBrNZJR5KWRMfZfgh4r4C60uwsx7ZxY1k3smNTprQCUrWmNcbJ5bn6GAUBnHWdSkAMA0QeRk+SBoAGgAEAwoAAIEwGIoAAAExoAAYgGRCAAKAVDAIQDABDCgAVBRQBUUFFCCJoTiWIqWM3EmjVoXaExk1scJSg/tk1+C5RI7Qzjqx+o58VU1L4Z6XTeqwyV3NRfszw6E1fJPMTH1+Pqcc9KUX+DT7ZcNHx2PJkxfsk0d+H1bLCvqQ7l8PZm8I+icNe5NUzi6T1TFkpOSjfCkehHNBvdb9ieUpxySX9xrDqfElZH04SVx5InjceFZMZdiywl5KW9nCrouGWUHyB1tE1RMeoT5VGlqXAElB2hQTAUnRPA0WVnGikXGZiik6NxMdCkO0YKdFqS8Aa0FEKVFKSZUJoRTBoDNkSRpJGGTIoJ9zSr3LB4Hrv01PvVxmtHz85d3LO31jqXm6uUnK1HUfajzG7NwXRLqgskqqDVkjAbGSuSt2A0VFWyEa4kr2VK6cEJSnGMVuTo+39PxRwdPGCbWla+T579P8ASrNmc67ox9nwz6eEWma5ceq2UgbojaaZTfcdHMdxouDPSXNlRlYFkvZS4FZQnfsKRXImBNEyVcF2J/kgjklotr2IbYaRIl7KfIqIMpIw6nDj6iHZkgmvOjqkjOa1RFlx8h6h6TLp8kpYl3Y3u74PJcZRe1R931GOLW4p/DPH9Q9LjkjLJhSUq3EljtK+c5QNMvJhyYZ9mVVIlP3RlpDQjSkxUTFfqf1EvIpZUkYdk2OWJyRHNr9W+CJZJX8BHHJeC/p3yFKM+517CUX9Q1UFEdeQM8uNySoqMdUy2xWEKEFErtXsLufsG2A9BYUNRCpv4C37F0hhGdMfaUAC7UOhgFCQxAAxAIAGIYUAK0OwBhaM8raWjNTfyB0NozlkS8me2vIRxNu2QU8utERnPvd8G300xqCRUYpyd2EMct2dFL2ACFiorsRQBSUUihDAQihAAAAAAAAAAAAAADAAAAAAAAAAGIAAAABiAAAAAAABhSGAAAhkyunXIDQzPF3dv3c/BoAAAEAAAACGAAIYAACABiAAoEMAEAAAAAEAADAQxDAAAAAAGAhgAAADAQAMKAACCZq4nz/rnRXi+rBO0/B9FRy9ZiU8Uo+5GpXwU9SpiOr1Dp30/UuPh7RykdIYABGwFiGRTQxJAwoGIGQMBILCmADsKEAAwCxCsAGHkaQECGhcglsC0IAZFAC8jSAYvIxeQKBIQ7IGhpE2FhVCCwKEhgAQgBiQFIBAUKh0FhZAAAAAAS2BQUSh91FQpMSE3bGmXDTCyXJEvLFLkvlPSykjB9RBcsl9bBaoeU9umrFVM5f62JMus9h5T27GJI4f62XsL+slx4L4T29Bh3JHmvqpEvqJPyXwn9HqdyGmeV/Uy9weef8AuHk/o9TQnJLyeX/US9w+vJ8sng/o9O0+A/g8xdRJcMr+pl7l8n9Ho2JnnvqZVz/yL+ql7k8L/R6CY7OBdVJFf1kvZDyf0dbexnIuqspdSvJPLXt0jMVniltlxzQl/cieV9RZLDuT4BsYekjSEMLpkyaQSkkrOec75NTnWOusPJO1VnP2y8MpuwTOkmOF61n96Y+9+xpoWrKySlZcU2LSNcM0pfgsSs3GbVqL/wAEbT2ep/VOce2STXyjmyxjLhGmUYc0o6Uml8MvPOFX3W/JyzTxuzFtzfIGkssmqi3RUE/IoY1EtkUwUhDSIqkykTdInu2QW0LuryJTBpTYxDjkNFNM5pRcONolTaXIwdbfkZyxze5osl8MYNmKye5sLGChiQ7ABDEAAFjsBNE0UxFQmhUUJAFCKYgE0RLFZoDAw+nKO0EZ06ZsTKCkAJ2rGZOMo/tD6lOmSxqWxqImM0yjNjrz+hCKoPJnHWdSkAMCNAYAAwFYwAQAAAwABDENAMQxEADAAhAMRQwAApgCGwJGgYEBQqGDKEIYBCAY0BDQu0sGVGbRDRrQmgjJoDShUExm+DbF1ebDXZOS/khoVBm8vV6X1rJFr60b3yj1sHqWLL/cn8Hygk5RdqTT+GSxnH28c2LItJj7E9rg+Sw+pdRiVX3L2PR6b1qMYrutXy34M+Ux7UoteGhKT8MywdbjzRThJST9jpioyV8MmIFlkuTWOZPkzeNryR2tPaZEdaaYeTmTa4Zccr8lG4ExmnyXzwVACdAIuopSL7jFhZdRt3stStHP3FKZdRu9nletTjDpZ937vB3SmkrbpHzX6i61yyRxxffF+fY1B4WVuW3yZg222/cSNqAQAgKoK0AgAa8ghpAOCtnZgwOc49u7fBzRin+6/wCD2fRem+p1EPCe9/BYz0930ro303Tp+Zcuj0k1XyQpNr4RSZ0keeqTGnQh2aRTf4FGWybBJ3YGinXiwuxpDapWgFuhbvY7BS0US7AG9isgVksbVktUFTLkAb8CXIVMiWtFzRDIM5o5ZpOR1S2c+RbI3Hm9f0a6hbStcPyj53qOnngn2yT/ACfYSVo4upwxywcJr7WR0lfK8MpUzr6zopYmu26OOnFv3MtP1XSDRPa2NRMuZ2qFY+1DSCp2FMoAJSKrQDoKVDAAAAGAgAAgAVjTABibSEpphTHYr0ZybUr8AaCckjOTbVomMW1sCvqXwLvbLjCiuxLwBlt8FxstRQ6oCZRsFBIsQUkhgMAAAAQwAABgAAMQwEAxAAAMBDEMAAAAAAAEMAAAAAAAAAAAAAAAoABgLwAAAxABAAAAAAMoVDACBDEMAABAAwAAABAMQDAQAAAAAAgAAoGIYCGAAAhiIGAhgAAADAAABiAAGIYAAAAEzj3RosRFfOet9I3BzjHukuPwfNyVPhn33V4VkxSVco+N9QwPBldpV4Mt81xWCENEdJTAADUAbGFEUgGDYUAAEACBDCn4JbG2SAwQJaHwRTEwAARSJopaIATGKgprlDFQMBgAgH4ASYwGOgCwoAGAQADEwEwQwKEwBiCGACYDAXkG2tsYabZDZlkzxXkwydTa0anLN6jseRJcmM+oiuGcLzSfLM3KzU5c727X1W9ImXUyaOTuE5GsT1a2eWT/ALmQ5t+SVGUuEzSPT5Jf2j4ZWblsTkdL6GaSb8lQ6G/3SGp5rjsD0F0UCo9Ji/ujZNXzXm2HcequmwLiCKWDF4xxHo8vI2/cfbL2f+D2Y4oL+1f4K7YrhL/A9L4eIoS9mH05/wC1/wCD26Xsv8CaXsiejw8Xsl7MPpzfEWezUfCQ6WtL/A9Hh4v08i/tYdk/9rPZ7Q7F7Iejw8VxkvDBprwz2JRXsiOxeYoejw8pSDuPUeOH+1f4IfTwa3Evo8PO7h2dr6SD4JfRp8OhqeHJZSk0bPo5LiSZnLDkj/awllhrLJPkuPUyWnwYNNcqiouLey4m2OuOeLL+rGuTj7YtaYLQ8nutsk7Zm2KwNSMW6Bk2OyoctIzUtlvgwkmpWBu5C7qMlId2UdEMvuwl1ajarZhZLSkEw5ZpZHcmSpJEuLRIG31XVWVHJrkwRSQV0w+5pJo27aRxRbi7R0Q6n7e2UU/kgqWiWDnbC7AQJ0NkhGsJLhkZ+ncfuxu4sls0x5WlTYHH3bpjUvZjzxqbaejNcgbwyyXOzeGVPTVX5OZIpAdi+HYXT2Ywk1RvCSemQA0htLwFAKgodibKE9gkAwhUFBYBCaENiAEgodh5AkYMTKCrFLGmh2FhXPKDi7Q4ZN0zZ1RnPGnwhg0VMKMPvx78G0Jqa+RizqwVsdIdAc+ucduf0/6mgGJmHaXSBMACmAIAAGAAIaAYByFAhsIkAAAYhsSAYxAFPkAQWAMBAQMAEAUFABQDEMIQAwAQMYghUFDHZRPZfgTjRoDCMnEhqjYiSBjOgrwXQUVMKGTJir6c3GvY7ul9Wz419+Rv3s4HEVEYvL6bpfWsOVdrm+5c2enh6qGSCaqSPhuODbD1WfCqhke2TGLH2yjCauLE8U07W0fOdH6zKE6y20uWj1un9awSn2uTuuCYmOtSqXa00zRSa4Y4ZsWbU6V+wSxRbf052RFLLS+5FKcZeTBxkuUL+6/ZBHS0JoyU2vJamvIDYu4dprkmSdMqMuqyqHTzb5SPiuqmp58kk9Sdo9717O8cIRTb7ndJ0fOZJd0m6r4OvIVKudgibCzSmwRI0EMqiQtgV5KRNp+Coc8AdGKN7PpvR+mqKlJNLweH6dij1GaOF39z59j7LBghgj2Qfcvcsc+q0iqSQxU0NfJ1cVL5GAJAMaFwC5KjSM4rQlzyZuL3THB+4FvkegbJfIFaFSZPdQX8BSehPYNhQVHkNJ6HIVgTkZlI1kZ0wIZlNWzSSpmcuCNSsGudmOSKUednSzDKtkbjkyY752eV13RKblOEVF+a8nsT2jDtffbdUtUZrcfZUAwMMgBDAGKgHYAAnJInvi3pgUFgZZZNNdoVrYdyurOdzlxTE4zbtAbSyJEPOkyVjmXHB5bCJeRtXsIzdmqxqqDsQGb7pSe2EYST5Zsoh5Ckr8jpPkYALtQ0qAaAAYxAAAMBAMAAAAAAAAAGAUkMQAMBeRgAgGAAAAIYAAAAAAAAAIYAAAAAAAADEADEAEUDEMoQABAAMAEAAADEADEAAADABDEMAAAAAAAEMBADENiABiGAgGIKBiGAAAAAqGBAAAAMQAAwEMAAAABiABgAAMQAQKSuLPn/AFzonLC8i8H0JzdXh+rilGtMjUfAySRJ2epdK+n6iSX7XtM46I6xSGJDI0ABkhToAtjRGgAxAAADIpWAAA18DAGyAYIVWUkFMABkAMQBQAchQAhi8ggHoAoAHehACAYABQmwG0IAHYhNhDuxMVg2krYTRYOSS2YZM6jwcmTPKT50bnLN7debqYx42ck+pnPy0YOVvYmzUjnbapzvkls0x9PlycRaXvR04+jguXsupObXFGMpP7U2bQ6TJLbVL5PQUIxSSSVFJaJrc4cUehX90r/BrHp4J1R0AkTWvKFjitUi1rwC5KM6uARQmDCAEOwuEVEQ0QADEwAQMEAUMPAgGAgsBNCqirEwIAAZUAgBgIHoOCZMqJaUntWY5MWPmtmrlSMJys3HPpC0qBgI05Cx9xLEVFWFkWFgX3EumS2KygaFY7CgBSHZLiLaA08EOI1KirsDOhluNi7CATobaYqoQDUmi4yZk2NSA6U00SZKdF97YDbJbrYWCVhEtOY44Wts6IQSRdIDDssahRtSB0Bmo7L4FKaiZ97bLg6IdzK7mgwZUv3Uejhw4c8fCkMTXn3Yjvy+nSS+3ZxZMU8bqSpjE1ADJeiBiCx1ooQWFA0AuRDBooQAIAACQGwFYOQUNXoiUKdx0VYwM45ZRdTNFNPyKSUtNGMl2PTA6UFGOPI5cmiejneXTnrFUFFIlmLHedaQAFEaMTDwIKY0IEBVhYgIhMYAUSwBgA9gCAKaAAAAE9BZA2IARQAABB4GIYAACIHRJVWgoomh0FAEMVjABeRNWUDKI7Q7S9UJBEOJLRsS0Bl2h2mlCqgljNrdiTlF3F0zRolrYZvLqweoZ8T3O6PS6T1/uqGSPbK/3eDwhcDGby+2xeo4M0F2zUmud8HRGWPJxo+C7pQl3Rk4y90duH1fqcSVy70vD8kxmx9g8fsyXa5PI6T17FONZZODXuejh6uGaN3FrxTJjNjRPzYpZezb2i1GM19rR53qmSXTYtO3IsiPD9W6p9R1kmkowjrXk841zScpNvlmR1kCaEUIoQ9AgAB+AQBAjSGtshK2bY490oxXkD2/QsCWd5ZLXhn0ylFOoytHienuGHBH/c1s7PrqMjXLl09NS+ROVnEsyjHus0+tq7OjnjrUvgpcpnPDLKSdbov6remqCN5Ncji017GDnaqxwlWmwNtNPYRikQxqXyBUtNUHghSd8lJ3ywHyFP3FQpNxfwFOgfBKlbBy0FS9ioGKwgaZJQnwBjkRk3yjecl7GElthYhmM0mbPXgxyPTI3HNNVb8mMuODobtMwycma1H14X8nP9WUtIHGfNmBq8iTqxPKvcy+m27K+i7sBvI70T3yujRYq5KUEgMl3PkccbTs2UaHQEpPyHYm7KGBPah0AAIEMAAAAAAACgAGAgAAKAAAQ/AIAAAAAGIYCGAAACGFIBiAAAAGIYAAhgAhiGAAAAAAAAAAACGBAAFgAAAAAAAUAAFAADIEAwABDABAAAAAADEMQDAlSTumMBgAFAAgIGAgABDABDAAEAARTAAABiGUIAAAAYiAAAAAGACGIYAAAADEMBiAYCFJWqGBFeF630bni70rrg+VlFxk0foPUY1ODTVnx/quD6WdtKosy3zXm2FifIg6LsCbHZGgO9CAinYWCAKBWA6IpDQqGkAwoAAaHZOykRQMQwAGFCZAIokYUAgYAUIYmAMEIYDsLJG2UNEsfBLCCxNkyyQh+5nLm6hbo1OdZvWN59RHGvdnLl6mU/hexhKbe2Z3s3JjletaSnfJHJUMU5tapHfj6aEFxbGkmuPHglOnTo7MfTQirpNmsY0XwS1ucklQeQbEjDUhsYgsKAYCKKiMnyMB2JiYAMCbKi9kDHZLC6CqBkdwdwDYbF3BYFJh3GbYrA1sly0Z9w29APuG5GdhYRTYrJYiirCyQsocpaM3IUpGUmakY6uCc2zOwbF5NyOFuiwAVlZArBsllBYgAIYrBiAYWIAHYWIApjRI0wHdDUhCAu0x6MtjtkGnZY/pohZKK+oUPsGoBGSZogIUSkqKQ6Ig7tCcmyu0aiBCbZosLnxyNQK+6JYlZ/0s6bIeJx0dUMtPZU5xnHao0zrz1pm+LO4O09hkxxbtGTjRUet0/qU/2y2jXPkhnSqNHhqTXB04OqePnYGuSFPRjwengz9H1S7ci+m/Mkc/V9NDFP8A08imvjwLDXHfsUsnhmU7sltvky06tNCaMMeXtdSOhNS4AliY2tiZUSJjZLCk5AJgAEsbF5IovQWAUA29GD+6WzavgyarIBrBJIujNFqQFqSRS2ZrZcXRmxZcFUJl8ktHOzHfntIiqFRHXQMQyABgxAAAACYIASAqhDoAoAYmQIADRUAIYgGIa4EQMBDAQDEABYAUK9lLZI0AwAVgMQWAQAgAACxiZQxMAIiaBooCjEKNHETQMZtE0aNCSKzie3/BePNlwyvFkcfwJktBmx6eH1rLjk1P7r8k9f18eoqUG+KaZ5jDdGpHKw3K3sTegT9yWaQDJsdgMYkAANAXBAJaOjpZf6t+xi6NcMu1og9bHl7UqZvHNb2eYsje0aRy+W+DUqeXqRz0+dFrP8nlLNtezL+o1TL6Tw9X+qkuGXDq5t7lb9zyfrfIfXT8l9M+Htrql/bLZf8AVSbXg8OOetplLqZOSafA9J4e/HqtU3s0WW1tngw6p39zf5NI52pX3l9JeHuRzJs0WRHjR6xLl/yWur9mXWfL11l+R93cjyodXe7NY9Wk/wB2xp5eglQmci6yK5Zazxlw7Lpjax1oxWZFLKmExVsV2g54EwYiWmQ35ZcmYyldgTJWYZKd2jZmc4kajllV+xnNWbyhv5MG+TNafVrGl4LoGBhQAAAAAANAJDABiAAGAigAAIoAAAAAAAaENAAhgADEMAAAAAAAAAAKAAAGACAYgABiAYAAAgAAEAwEADAQwAAAAAQyAAAAAAAoAQwAAAoAAAAYgAYAAAAgIAAAAAQwGKW0AwMcGFYU6bbbttmowAQwEAAIYAAAAAAAAAAAIYUFAAIBgIYAMQAADEAAAyAAAAQDBAAAMBDAAAAGAAIYCa0eL630n1sLpfJ7ZjnxqcWqM1ZX55OLEep6z0b6ebnH34PK2R2lMBDI0bYgGRTExiYUBYAFND0Sh2FNsEIaIGAhoigpC8CApiaCxWwAaYmC5QVSGLyMgVhYAAAArKHwFg2ZZc0ca+SyazesXKSRz5eoS4ObLnlN6ejByfk3OXK9tMmRyd2ZOWwVt0jfH0spbka/xnNYxxym6SOvD0yivuVs2hjUFSRqjNrc5JRSS0NhYGWzQMEJhQCQIZAAJsL0AAhNh3FD+R9xHcJsC+4TeiEx2QOwTBiCnYWKmFAOwsVDoAChpKh+5RLQmigogih0VWhUBNBRdBQGdBRVA0BFCfBXgzm6NRKzm9mTdlTeyGdJHn7oEIDTmGxWDJKBsQxBCAbEAAAAAABQAAAAABAAA0A0PtsEUFT2IlxZoUEYU0NZJI2UUweNMCY5vc1jliYvD7EOEkMHcpr3KjJM89OSZccjTsYPRjs0UUzhx9TWmbR6mPhljNdH0fYTwyrgcM61s6Y5IyoqOGWNrwYyg6PVlCD2jmzYtgef2hwbTx1wZSjXgKSk1w6/BrHK/Ls52FsaY3bTJoiMi1IgzyIrBlp0zbHiWZ9tnLkj9LLVpgd3OyWPFuKY5I0jNks0ktEVsglkltaJoKQmOgoBIqhJFJAJ8GMv3m8jn5mBolYU0xrgatkDRSFVABdsZCGnRmxZVNE7KTsGYsdue0gHkZmu0qbAYEUCGJoBXZSI8lAMehAQMTAAEAAUAAADAQEAxiYANisBFDAEFgHkBNjQAA7CwEIbEADQgCKASAATQUFAgAEDCgGKhoKAlxDt0UBUZOD8CcTUlhMYS0LutGkl8GbibjHXKQYMRXLCGAFMUgJGENclqVqkSlZcIpc3b9gGuDWJWLp5yfBrPC4uqojUZqVIXcPsd8A4fAU1N6+Co5X7mXa/Zhx4Cxv37H9TZgnuwd94ax0fVXHgHk4p0YXSQ+4iY6FlXhlfVbXJyoTkwnl3LNS5KXUOtM4FK+S4z+aGniO7+pavfgceqad1f5OHvrV7F9S+C+k8PTXWKUdxpmkOqeNPt8qjy1kryP6vyPTN/N68OqfYre0aY+to8RZmmy4Zu7nk1OmfD3Y+oUaf1yW2z595aemNdVWjXo8Poo9Zjn8C+pFt7PDXVVuJf9TJbUqY9J/N7EprwYvMm6en4PMj1s4TT7zT+t5b4HpnxXXOWjAz/qovyJZ4N2Na819oDADLIGICAAAAYgGAAAgKEIApgIYCGAgGIYAAxAAwAAAYgAYAAAAIAEMAAQwAKAAAAAAAGIAGAhgAhiABgIBgIdgACsLAYAIgAsGY9zWWvAVuAkMBDACgAAAAAAAAGAAAAIBiABDAgQwABiACgAAAAAAAAAgAAAGIAAAAYCAAAQDABDEADAACgAAAsBIYDAAAAACAAAAYCGUAxIYCABkCEUIg8v1Xol1HTy90rTPjs8XDI4yTi14P0OcFKLT8nx/6g6J4uoWWFpPlEdOa8caBoRHVVWCBMZFAkAiBgCGFCBgIKYxIoikAwCiwACACxMEBQcIEAAiiQsB2AgsBkyko8sjJkUFt7OPNkcuODU5Y66a5uoSumcc8kpO2xTdkJOTpbOjjbabkaYcEsr2mkbYOl7WpTSv2Oz+K/BLVnLHH08Yb5ZsgsDGushhYrFYVV6FeiWwTCqTobZFhZA7DuoVi5Cjut2OxcAihgxD5AWwRVBRBNFJDoaQCodDoZBNUDRQUBCKGog0NVNDoEg8l0CAAogGSXRNFQmMAATDwF6JsBSOXJPk6Js48qbbaN8xy7qb2DIUhp2dXnpisYmUIQwCJAAABDABAOgRQgooQBQAACYDGkQKhpDoAGhiRSABgh1ZQDQJFJFQeR/IJFJBNQ4J+CXgT4N4otIYa4pYJLjZn2Si+Gel2i+mMNed3yT02jSHU5I+bOqeCL8GM+mXgouPXSo0XWuSp0cbwSXkl45Ig7vq9xMt+Dh+9PyNZcq4kyK6ZRM2qIXUZV5v8jfVZXzX+ACxdxLyOXJcIdydhSWecb7WRbySV8sp4nYnjktoJXpYlUKfgbOLH1MoupcHRHIpLk0ytkMtOxNBEVYUVQqIJoO0uh0Bn27GomiQ690UY5dQswgrbZrnlapF4ofbYUlAaRokKtkNQ0JIugoCKAtrRBFHDLVEDpkU2hDXAUc7HTnvCABmXeXSDwHkKI0nyUIYACAaogQDZIBYWAUAqGAAAALgBgIZQAxiaAQIBADGhDQAAAAxNAMIljQmAFWC2IoBDAAEMQ9+AAYgbChoXIxBCoGNiZRDQqKYisoePyQ4G+/cTia1LGHaKjahOA1nyyQGnYS4sus3k8fNHThj3TquPJjiR7vpPSwm1KStp8Fc78dHT9Ev6eLb+5/APo477kepHGlLXHgU8ScrNY5+nkroY1wRLor4PaWOLVMT6eLHlfTwn0VfJlPpGnx/k9zJ0zU7T1XJk8LbqWyYvt4U8LTpJbJlhklwe9Po4N32u/kifSqqSGNzt8+4bpkuNM9v+ii3tUZ5fToxpx2ZxfceQkxndPoZ+NES6VkxqdRxoqjX6Er/a6JljlfGg1Kz3YloctMSTsinbYxVQNhQwUqJdg00wmK7xOYhNjTFxyFfU0YlPgmri3l0T9VryyAey6Yayy3bZayyS0zENjTI/UhAB0eMAAEAIYAAAAAAAFAAAAAAAWMQAMBAAwELuSAoZk8uyXl9gN7FaOd5W00tMcYylH7nbA6E7AxxqUVW3s2VgAxAAxAhgAhiCgAsAAYhgAAAAAAAAApOkBQjKWSla2Ssra+QNrJeRHPGWR2ntAlJypoDX6vc6QObUlsmGBq2nVlLF7sDRSVA5BGCQ6AW2JxuSZYEULgBiAYrACoBiGAAIYUAAAAAAAAAAAAEAAAUAAAAAAAAAAAAAAMQwAQxAAwAgBDEAAAADEMQAAIYUgGAAAAEMAAKQDEADEMBgAAAxAAwEBAAgAAPP9U6RdTgklzR6BM49yIsr886jH9LLLHw48mSPf/UPQKDeaKpeX7ngUZdeaBpkj8hs7AQEU0MSKIpDBIYUAwAAGSMimAILCkAMaIAYgAokbZLdbLJqbhuRjkzxhdcmWfPSpHJKTbts3OXPrtWTI5u2ZubE3ekdODp+JZP8GmM1ljwyyu+EduPDHGuFfuVFKK0Nslrc5CVFWS2KzDarE2IAosGxWAAMAIAAGgooKGh18ATQ6oaEwCh0NAAUH8AHkgaAKHQUAFDYCBAkMAAAIATVlJBRRNAUJoBAAyohiKYuAJaJZTZLLErLK6Rz3s1zSpnPbOvMefspx3ZG0zWyWrNOae4LE4i2iopiBMYCEMAFQDABAh0FFAFDBgIRVCAEhpAUAhghpACQ0tgkOghpFJEoooCkJFxRWbSLjsbiOKCaaiXGI40WkVCSHSoAb0FQ0ZyWzRkNEESSM2i5WQ+CKlpexLhH2LJZFQ4Il44ltiCpUEil9ocEthVdzsaZmhhFTgpr5MvuhwaqQOmVDxZ/fk3jNSVnHPG+UTFyiwY9EEjDFnT0+TaMrDK0iu0SNIlRHaLJUY7NZVFWzilOXUZUl+1AKEXkl8HUsfaisOLtqkdH07RUvTm7BOB0/TZMsbCa5+0Xab9lImiLKxktGbR0NGUlTI1rNr2FdFszkRrTT/wXF2ZRLi0jNDaFdPZWmEopoxY6c9YQEpuOmOzOPRLpgCGRogSGMgloVFksAokrwIADgdCAQ6BIoCKGMChAAAKgoPIwJaChsSAKHQwbAQmMQAANcAEMZKHYUBYxAA0gGEAgH4CpBDSGEJkspiaKIYDYggH4ENMImhpDEUOg7bGVFW9APFjv7Vy2fW9Bghj6eFL7q2eF6XheTKm46T5PpoRSVLg6cvN+tNIpRTHFFUdHBHYhPHRqNrRUYxTpp8EPErOmKpCcPgGsO2+Q+jFrfJv20JLfIw1zSwJaoX9P9vwdj52PtRMNea+n3vgyn0seUj1HAyljd2laGLOq859Guy6MJdB3ptUj1uywWKkTy3O68P8A6dr7kr/8HPPoZRtpNn0X0jKeHlJ6vejPlufo+YydNkvVV8kvDNeNH0UulUr1ZlPpI+xPLc/R4EsbSE18Hsy6NW9JnPk6R+I/4M2NzuPLcWmFHdLpZJO1o53i7dV/wZa9MEgbLlikre/wKUHFWwupeyV7Gvbrgh8gQ79wsbTCq5A/T0ACOjxmAAAAAgAYgAAQNoSYVQE96RP1V4A0BujGWbWjNzk97A6bJlPt/Isbk1sWSDclQA5teCPr1qi/pt8j+igMvqylwDUn7m0caXCLSQHP9OTYfTfCOmgoDKGKtvk0UaKAAoYgAAAAGAhhQwARAAAAMQWkRLIl5KNBNmMctzqjSb+1gKWRJN+EZ/WbRMPvhryaY8VLYGU8k+9Vx5CeSU2opfk6OxXwPtXsBhji9qtFrDuzVIYExgkh1QwAAEMAAAAAAYCAAAAAYCGAAAAAAAAFAAAAAAAAAAAAAAAAAxDEAAAAAAAAAhgMBAADEAAAAQAAAAIYAIAAAGAAAAADAACgQwABiAIYAIBgABQAAQAAAAAABx9f0/1cM4viSo+I6rBLB1EsbWlwfoM1cT5n9Q9J2qOWMb968IzW+a+ckLgbXlbQmR1OLsoiJZFFhYWAVS4HZIIimAhkU0AkMKACxAOxkjQUWDERPKkuS4zbhuXarbOXNmvhkZcjk3T0c7kbkxy661UpW7YoxeR0kPHilkelr3O3FiWNaWy6kmpwdOoq5bZvxwK6F3GbXSRVktisGZaFjEhhRYAIBrkdCii6IqRpA+R+ACtDDwNckCqkCZQqKosVDSHVALgAGkAAOgRADCgALGJIbAQcgUkAUJooQCQwFYQUAAUJiHYghMllMhlCYvAPkPBYlcWb97M7Ns62YM6Rw6FjszsaZpzWJoExlRDTQrLFQC5AQWANjQuRgMBFIBAMRQ6EMAAYUNACQ0FAkEUkCVDQFQUOh1ocUwHGJaVAkUkaZOKKUQii0ECRXgTDwUFikFktkA2RJg2SwpNkSKZD2ZUmSyqJZFSDC9g9oKlsQ2IACxAAwsQWBSY+20JDTAzcHF2jXFl8MTdomUNWipjuxzT8mykkrbPKx5JY2bd88zrhFTGubNPPL6cNQ8s6enwRhFEYIKMToxlZroxxXsbJaMYNKjqxorjUfTvgl4GdcYpFtKqA854dmOTB7aPSnFGM4oiyvPcEZTids0c80GtcziZTVM6pRMZRMtyudhYTjTJI20Ui1KzFPexrT0ZsVq9kvQJg1aszY6c9YaZRknTNU7Rix3l0AAGVBJQnyFPwIYgGIAAB+QQmAMBDSAKEVQmAvIxDAlghtCoobF5GACoAH4AVg6AAgChgFJiHQUAXspMQBDABAMVh/ImAAIPACYDYigAYtAIB6GEEY20dGLE5Sq6/BGJWd/R9O8k01srPVx6npmKOPCtU/Y9OJn0+KMMaVfcbJHbmPF3dqlVDQqC6NsnF/dT4LaXuZebLTCKRRMRuVeAiZISRSdsrQEqk9oGk+CmkS7QFdqrXJNDTFwwG8a5omeMvusfgKw7ESoJvZbdMnlMisZw+5pKkLs4R0WqqiO1PdBXLkwxvZLxJcI63EiUONkxfTgl0ybt7REuli7dbPQcUk0T2k8rOq8rJ0fmjly9LfK4PcljM5YU/BLy3O3g5OlcHStmb6Z1bPdeBLwRLCm+F/gz5a9vnp46ZNeOT3c3SxaWjmfSRVpRJjpP0fcAJvRk8v3UaeZqMxeVpcEvLJoDeyZ5FEw7pPyJwcl7hWv1Y+5MspMYPii1iQGTyyk64CPc+GdCxRrgqMUgMIY27vyXHHRsAGX0xxxI0AASSGIZQAAEAAAADEADAEAAAAAAK0LuQFA9CcqRk8jk2o+ANbJlOvJzqcnJopN+YtkU8ubtjY++aV0L6fdyjWlQGXc29h2uTTSNUl4KRRMYU7LasBgRGCjwUMAEMAAAAAAAABDAAAAAAAAAAAABDAAAAAAAAAAAAoAAABAADAEMBDAAEAwABDYgAAAAAAABDEAwAQDABAMBDIAAEAwENFCAYAAxAQMQwAAAAABDAAAAAYhgAAIKYAAAADIEAxABy9ZiWTFKLVpnUTKNoix8D1/T/ANP1Eo+HwcbPqPXOii4uUVUluz5lp+eSOvNSihBZGzQwQyKAAKIqkIXA2FMCRogLGS0BRQrDwZZMiiWRL1h5ciiuTiyZe7jkWTJ3N7MmzWOV6022Vhwucvu0i8OHu+6R0rVIas5OEVFUuCr0KxXZG5B3AIaMtBbGwWhNbChFAkUiBUAwW2FNIbGloRAihpBQCBDrYAAhiZQ48DFEYAkMQ7AYAgIAAABIAAKfAxIHwEMCQsCrF5BAUDYrBiYA2HgVgEBEtFkSKJAPBLZUZ5Ypxfucko1Z2PZjlh5NSufXLlYimtiNuWAalQgKi07GZjUioqhNDsAJoWyxUBNlJh2icQimCRKbRSmvIDoRVodFAuAopLQBBQ6BDKhFpCSLSCCgKoKKGi0hJFpFZNFpEJDugimS2S2IKbZPcDZDChsVg2S3aIobEIRFDJKEyCGKxyICmJgIAAAZFIYgKKsCQAuw76IbElbAv90jfGqMYm0SpW8J6NoyOaLNIyKxXZilTO3HM82EzfHkorlY9JTTL7kcCzFLLXkM42yy2ZuQd8WtmbkgsROWzKSNHRF/IaRJHPNbOmTVvaMJkajlyIho1yIybI3Gb5RonoyfJUWZqrtplpkLY+CKJLyEZNDE0ZsdOesaJ2Myg70aI52O8uqJZQnsjRDCgQAMTAAAZIANCKQAJrRQgJAKE9ADAEwKHWgaGDdBENAUIBCK8CAaANAgEC5GIBggQwABBewAT4GJoBMAoYA0JD8AAmIYFCKUbTCKLUXeqCVeKNpU9n0vp+LsV1So8Xo8Pc19ts+jwV2Lt4o3zHm/Tp0RXkoUeCjtHnH5EkMChVsoWgsItS0HJnY7oC5VRO7HyMILY0xWFoBtkjCgpFWIAE42Kq0xtN+RcLbIo7US9DTG9oDN/gmjRolr2AzkuRUki2iJRCl+RNCrQJaAzmrboz7K8mzXuS0RpjKFmc8SaOgmRKr3mrRCx7NeEBlEfTBQ0WAVKgrKoAAQFCAEMAAAAAAAAAAYgGgEFoBoGS5JLkn6ifkCwJckkZ9zl5oDexOaRi+5qkxU2qr+QNZZUjPJll2WgWFtexSw+7sDF5JuKdUXFSkzZKMdUh2kFFaI+mrL71XJn3vbQRShFeB6+DLuk9kxjOTZFaymlsyeRTTkm6RShLiqRSxUqArE7imaExXaqKKGAAAhgAAAMAAAAAAYgGIYmAIdCQwAAABAABTQAAAAAAAABAAIYCBgAUhgAAMQBDAQwpDAAAQxAAAAAAAAgAAAAAAAAoAABoAAYgAAGACAAAAAgAEADGIAGAAFIaACoBiAgYhiABiGAAAAAAAADACK4+twrLikj4vrsDwdRKL4vR99NWj5717oVLE8kVfbuiN818uCKfPySzLrKpBZI0RpQxWNEUAAmADEMBBYMzyT7V8lkLcGTIornZxZMncx5JWYtm3K3Rfsb4cN1KS0LDiv7pcHRwSkhrWgYrAy6QAOg7Q0BphRUURSKSApEAkDQ0DASQ6GhkCGuBMaCgYCAYUAMBLkZKKKEC2MaICgAKAdisKCgHYhiAAAAAd6F4DwAAMQDQNgtAyhAJsAgoGJsLRQESKbM5MCWxeQeyWVDZEvYoTRUrnnj8oxao7GjHJC9o1K59csAG1QjbngAQBDsakTYFGiaZSoxspS0EWOiVMpSTAO0lwNUh0wjnaaBSaN+0OxPwUTHInyVafkzli9ie2SCOhbGkYwytaaNVki/JUXQ0KLT4ZSKikUkSighpFJiQPQFWJsmwbCCxNk2FhQ2KxMGFS2FiZOwqmIHwTZA7FYmwAHshlEtEUmABRFBLKQmAgE2DALBOxDQDofAgApM0UtfJkikyjZNlxkzFSLjKysWOiEqNYys5os0UvkamOnvK7zmUiu6y6xY6IzSH3owUg7hpjWUiO4hyJ7hpjRyszkxORLbYaiZbRjOJsyJLRGmDBMckTwRVpjeyE0OyKqLorTRnYRe6M1Taaei4SBJNGctSM2OnPTpQiYT7kVdmHeXQAARQJDAAEMAEUuBD8ADDwIaAEJq0MAJqgBgioaBgMKlCKYgATAPIQUNIaABNUIboQAAw8AJiG+QIAYhlCB8BIPAC8CHXIJAFAwAocFZvijc0jKC2tWeh0mLvactb0hGOr8d3Q4FtvxwevjVROXpoJUda+DvzHj6v1cSrZC5LNMBWMAu+Sg7RNUOwoCSo7FRXCCHwDEnsemArBDpCYDE5CRMkwLUkwszRS35CrbJexPXkE/kgXA+6uRcsoCW7EN/gQUmyWU2SwE1ZEm06qi/NkZOQpGUy7Ja8kCrREtMt8cClsjT32hDYjIAAAAAAAACXJJ7AoZPcqJeRLyBoFmP1U+OBfUbWgNrDuRzqUpeSZxySi0mB0PKl5HGXcc0cctWbwj2xoCcmWpVFGblLxyb9iYdiWwMoxlJ2y/p/cvY0TVaG+AIcExdkUJSu/gzc23+ArdUkDnBGTbk0l/I3juafsginmSdA8r9hfSuSfsW8dsKzTlNvwTCDuXc2/azoUEh9qAwjBrg0hCkXQAT9OPsUlXCGAAAwAQwABAAAAxAAwBAADEMBADEAXQKabozypuLS5Jw4ZR25NgdACABgAAAhgFIAGAAAAMQAADEMBAAAAAAAACAYAADEF2AAAAAAKwAYgAAAAAKChiAYCGAhoAAAAAAYgAAAQDEAEAAAADEMBgAAAABQAABQACIhgIaAYAAACAAAYgIoObrMSyY2n58nSKStEo+D67pnizuMUzkePIn+1n1fqvS7eRI8zBlx3TozXWV43ZKv2sr6cvY93J9OUlpWUlFqu2P+DLWvAcZezBRdbTPcnCDddqHHBha3BGWteD5Bpo999H08uca/gzn6Xhltdy/kumvFoR6s/Sqf2tmU/SepX7Ip/lllNeVkydv5OSeRy5Z6PUel9ZF7wtt+Y7POzdPnwyayYZxr4NyudusmzTFit3IeLE3uSa/Jv20NWBcDBcAStQDChpbMtwmVFaCi0iKBUMYUqKQIdAAUAwFwMQwCgQICBgJBewpiYDAXAAwAaGhB5AYAADFYAgAKAAAAHQAIYmgBAJDANgJsYCYhgVCDgGTJ6KJkxcoVisoGiWWQwhCbBiZQmS9lMloIxnEzaOhozlE3K53liwKaJZpzsIYgCGAh2AAmAFRoptFxyryYAB1qSY0cqk0XHJQR0Ur4K7UZRyo1Uk/JUZyxJ+DOeBrg6horLij9TG+Ga489P7kdD3pkywxktIAWWL4aLTOSfTyg7irQllnB72Ud1g2jmj1EXyi1kT4CNRNkdwdwMDAVgFDFYNk+SKYgbJYUNiAAALBkkDsTYEsKYEuRLkQW2Q2A6AkY6ABAMVgAwABoYkx2Ay4syT2VZRq5tcFRk/JkikwzjVSZcZ+5jY0wmN+8O9mV0hpgxp3Csiw7qBixWS5aJTGi2xXaJbAKmS+DOWjYiasgx8jvYVTE+Qq+BXuye4E9kVrGZUkpJmNlqWiBRbgzaMrRlJWrCEqMWO3HTexkJ2WjLqAB2IimAl+BgALbBD8AAAAC8gMAhMSGCTAdCKEwpBQB4AnyA2IB2xWxpaHVhC5Cg+BgIVjaFRQWDCgIGHAIUihMNgNAKh0MAFRVcEmkVrZUrXFDuaR6vSYUpK2cXT420met08aijUjj3064RSWmaRIhqJaeztHmrRMtSMm6/A0yo1tCszb0CfAGg7JT0BRVisVibIhhbENAOxt6JYWAWT3DYnyBSZRndDUkBb4M/JbkSwBsXcJvZLTIq70KxJsTKqyXpkq15B2RA+CJMt8ENbCpFLQm3YS2iKmyb5G+SWg0+iFZnLKkiHm3oyjfQnJIweRvgzbk5pWQb/AFV39oSzRTpPZksbTsSwPub9yi/rO6SJtuey4Ye007FYGKb4Ydjb40bNJch3pATHHSLUEkRLMlwRLO1G6A1XanRVpHGpy5fJac5cxaQG7lFEuZKV+NlfTbAn62yHlm5tJfbRqsSu2X2ryBjjc+/nR0PcSU4paoHNLyFZ9rTeuRLG7Ky5e1Kk3fsaRdpAKMEi0qGAQIYCAYAAUAAiBgAAMQwKABWF2AAK6E5UBQrM3MNsDTuQlKzOmy0iCrC6BIdANAAFAkMQwEMQwAAAAEMAAAAAAACgAAAAACAAAKAAAAQWFgArAAHYWKgoA2x0HAwCgAAEAxAABYEAAMAABDAAsAAYgAAABlCGFAACGAAAAQAAAAMQFDAAAAACAAAAQwEAwEMAAAAYCGACGBFc/U4/qY2j431HFLpeocop9r/4PuZK0eF610KzdPN77luP5M2NR80urlZqusmuGcUoyjJxlFpom2THSPRXWScrbNY9Zvk8i5FJteTGNPbx9YpaujePUfJ4McrjyaLq+zyyYPoo5lXJazrhngQ61XydePqk+HYypXrqcW7TJnjxTX3pM4o5/Bost+SamHl9N6PJH7sMW/c8/J6PBxcccnGvc9JT+Q7hpHz8/TM8OKkjGfTZ4PeJ17n06jH2KjjhJbii+mnyjjTp8h2n1GToOmzfuxpfKOXN6Ji7X9PLKPwXTXhqJdUduX07NiWvu+TllhyRvuTX8BuVnSCg3dNUBF0UMBMKdgIOAAaBDRQAwfAJAIYBwQPQCsLKAaCh+AoYUAEAAAAAgQwEwAKAEMTYAMm2/wADYiCtCAAgd2FAwKpADYioGzObLk9GTKFQAwKDgljYghNElMnwUSxFCYRLJaspklRDWzNxNmiWi6zYxoRo0S0a1zsSAUBWQAAygGIYQAIAHZcZNEDCOiGf3No5U+DhGpNFTHop2h+Dix9RKOjrwdRjk6yJ18BMHcvcnsi+UdS6bHlfdimm/CbMZ45QdSTRUc88MWvtVMx7Zw/B1NMTSCueOZp7NFkT8injRk8TW0wOhOypM5VKcHT4NFmQFsVju1ZLewosBWJyogoRDyIXe3wgq2Q2L7goA7hOyqCiCKCihACChgFAmAAAmAgGhiAAsdiAIZRKGmBSZSZmikwNUKyUx2Bd2Un7maYdwTFuQWZtlJhMUKwskGLsTkKySLirBvQloLKJaIaNbREkFZgNoEgEOLoT0CZBunaJkqM1Ki3JSXJMWXF45GyOROmdGOVoxY789LAKsdGWwuAHVICKQ0gBcAFbG9MSGwJYWOhNBCKW0TwWuAJK8CofCCkIfkNAKhMd7E+QGg8gtB5CBoBDACShUFIAHXgAoOQBBCqmA2wQB7gHkpIolI6cK7vwuTBJnV0sLdb5LGOq7unxbXP+T0MSRh08KqzrjGjrI83VaRWi7rlGZfKNuZr8DsXAwimJKwCJRa0hkisCqvgTi1yLymNt1sA44GhDQDYhskCXpk929lPghryBdpiXOhLgqK+6wK3WyW/BTfgmiCbfsPu9wkQBraol74EnoTYU1wArHYEuVaJbu6G+RWkQS0rqyX7FSXkkKXjwR3UxtESTfBFe2ody4opYV7lyaSIeXWkQP6cRqMUYLK92PuTu5b9gNpTSVkrKqbbpIyxxteS1i+2gD+ov9pUMvdyiY4KNIwSWgIzv7dEx+5LTNnFPkTfagIWGy/pKqYu51oXfXIVX0YobpEd7Zm3K3QRspIf1I+5hjTV2mafSvYBLNbaXgj6kn+Clh2/k0jjilsDnuT4BQlJ7TOpdqGqAz+ncaZpFUkVQUADEMAAAAAAVhTBkpj7lZADJctEOUqtIo0lJIl5DGVySspxbaAmOZyv7WkmUsiKjj0P6S9gGpKXBLT8FqKXgqgM+zdspRQxgFAMRADCgAAAChgIAAYhgAxAAxAAAAAAAAgAAABgIAGIAALEOgoBUFDAKBDFYDAQAA0AAMBWAAAMQAMQEDEAwEhiGigAYECAAKAAGAAAADAQwEMAIAAAAABgACGAAAAAAMBAAAIYgAYAADAQwAAAKRlnxqcWjYlq0QfE+tdM8GZtJuL8+DzK0fZ+r9J9bFJV4Pj8kHFuLTtOmZdJWbEmN6IboNLswyZNhOdLk55NtmsTWjy0+S8fVZVpPRzcmkESxZXoY+varuOnH16T5o8pItM52NSPch1sNXI6odQpLk+cjaZ04884Izhj3FmRtjyXweFHqX8nRi6xLmyYY9n6nyV32jzYdXH3OiPURfARu0rJljjPkIzUvKGmuETRzT6HDk/dBflGGb0yMf2Tf8noofI1deJPoMlfbTZzzwZMf7otH0TgmZ5MFqtNF1ZXz/aRLmj2J9E29RM5+mqr+5P8AA1fTzEijon0WSPlMylhnHmy6usxj7fcTVBdIQIdBRSAAAaGIaKAYNiIAEgoAoDkAABiAAYhgAgQxAFggAIYmAMCUNoaE+DQzkyQk9gAgHQmUJi0USwhMkrwSwEJjEyiRDAqJE0UDCM2iXE0oTRWbGTRLNGiWiysWJEOgo0wBDEAAAFQwsBAOwEMBjUmkSxoqNseWUGnfB3Y/UpOHZkSlD5Wzy7CwmPVc8OVvtbXtZDh7HBCbR0Y8z4YMaNa2QV3piqwIlFMyeNHR26JaAwtw/A1M0a2RKHsFF6M27G4SRUYVyQKES+1JFJIGtAQIYAIVj8g6AkBiYUAwEQACABiGIoAAQDEA0ADQCAsLJsAhplJmZSZBdlIzsaYF6FYrACmwTFYmwKsLIspBTB8AJhCGlYjRR1bGiO0lqjUmSsDN7M3o0kqM5AKw7qYhhVdxrjlRzlRkSxqV6EacbBeDHDPVWdEUc67SkHkqhNbMtkDAYEorkVArXIFEleBMImhiY0AwYA/AEgAwqaChgAfwAwCFQDEwAQ1tC8hSGOhAAuEMQANAwS2EKtmkUSkaJNMo0xw3vZ34Mcbi62c/Twt8s9HBipWa5jh3XVjRstGcFRZ2jhadqykRaS2HcVloFv8AghMaegLTKvRCHYFJhrwRYWEaWFkJ7C2FaN0TZHewuwNLCyEykAXYcoBOQCqi0yO7QrCNGr8kK03YJ2Lu2DDlwSlZdoXAUeCXobkS9sAT2JsNA2FK/YTvyL8A7ogJPiiVsTEQV2oiUu0bboie2Fe7ODfDJ+nJqtUauSjyxLIrIEsKS2NYorwi7tAgFSSJeWK8k51OUag6MVjdVsDaWaKjdh3tqyY4dUzXsSVAKE2+URO7ujWMUvAWrAy3xQLFbto1tC71YVP0VLkuOOMUT3tt0tDjJ3sCqSE5xRORNrQvp/aA/qomcm1qyoQSXBail4KjFRfaa47rYSjZUUkBQCckiPqqwNRGbypEvKQa2O7MG2zWD0FEp9pn3uXBUsfdKxfS3zQGSk+57KXc2axxqK0h1sCYxZSiWkKgEoooAAAAAAABAFAMAAQwAAAAAYgAdAAAACGAAJhYDAVhYDAVhYAAAAgHQAAUAwABDAQxAFAADYCAAAAFY0AxWFAADEAAwAAAZI0AwEMAAAAAAYCAYgAYgAYCABiAYCAAIGADAQDAAAAAAAAAAAAAAABDAAAAAACwsAGJDCgQwIMc0O6J8l630bw5nmjXbLlex9k0eZ6j0qy4pKk+5EWV8O2jCcqOrqsH9PklGV6ZwZZW9BrSlKzNvY2xRVspFwVmqiKETREtdJBQ1EaRaVGa0EikFDMqLDuYhoCozNIZ5x/ubMQZMMdsOrlWzpxdaly2eWmNyJhj3IdXFvk3WVP2PnYya8s1h1M4u70TEx7/ANSK8laZ4sOud3Lg6YdfCVcoiY9GqKTOSPVRrk0jl7vJBs8cZcmcumgxqfyX3NhHJPoVLfbo58nQKvKPT7mJu+UXV14suhaerM30mRcRbPe7U/BP0k2NPT5+WDLH+xi+lPytH0kMUPO/yE+j6bIt41b8l1fT5qt0NI9ufpeBqo3H8GE/SJVePL/kuk6eXQXR2T9O6iPPa38GU+myw/djZGtc4xuLT2mS2lYXQxABVMQAgGJjYgAYgAPIxBYAACsAJkyvBnJ7NCWrHQB4AT0S2NiABFeCfJQEsokIQMZLAlhQwKJaEUxBCaE0UDKjOiWjRiZYzYxaoTNGiGjWsWEIYgyAACoQxAAAAFQDEFgMAABopSokAjRT2bRyWc1lRYHTYGcZmumvkIVbEwdp7QrsKGhMLABWPuXkTQqAqk+AaJ4KUlwwJrRL5NHXgiSd8EEiGIKAGSwEAAwAAAAAAKAAoQDAQwAABEAMAsCkMlMaAYAAAAAA0h0JMa26IGluvJ0/QSx/dya4enUYKc+Xwh5cU8kG4uqIOaOF/T7otc8A7aKxTa0/5HNatFGDtAVJpmMpVwEEjNx0Ox2UZtCRoQ0FSwQUAGsJ0dmKfcjgR0YJU0Y6jpzXbVANVJIGjm6aloKoqgoLqBNcFNCqwaEJjYkAvI0HkAoSGC4ABcCGFgSA1sGAAgQwEKnzZTZNgAMLEFMQx0AgAYC0Uqa0SwVhFxRpBXJIzjd8HXhirTZWOq2wwcXF+56GJ1s5scpSko/2paOmCOnLh06YvQ+SIr+C4nSOZ0FACoqKjS0PRFlJhDToGw86oVgJvaK7mT52CdgWn7g2qJYr+SKdjI4aG/ARTdBbfkhyKhJcAXZLANFCYIJII6WwGlQrH3E7ZFNPZTaozboaYAxqhBWgiWAnyMKm/gfgJa8NgnrhkEPkVlTejJrYVbIeyrpEsK9iak5XbouGNt27NtCU4phFcaBIn6iIeRt8Aahoy7m3yNp+GQU5pMFkTdGUYO2/c1jCt+QKb0ZrbbNXwQo7sBKLfI/pl6CwJUaHSBukQ5N3RVaaC1RyrJJtr2Gnfl2B0OcUuRfUXbaMFCTXwbQh9tBEfW9kDlKrstYkV2pIDCpyQdkmzo7US5pOiCHi4KjiV7H3on6lvSKNO1FJGEMjc2mbpkUwAAEADABisAAAGACAAAYgAYCGAAAAAAAAFgIBhYJg2AxCsAGAqHQCAYAFBQAAAAAAWAgAokYACAAAAAKBDEAAAAIa4AAAAEADAQDBgBAgAYAADKAAAAGIYAAhgAAAAIAIAAABgIYAAAAwFYAMBDAAAQAMAAAAAAYhgIBiYCBAADAQwAYgAZjljaZqJq0RXyH6j6BuKzwfGmj5eUd2fpPWdLHNiyQmrUkfn3X9NLpM8sTtq9NhXJ27NIRoah5ZaRLXTmGkUlYRRaRlsLRRJSCmMmx2QHIxBZFNjRNjsKYAIB2OyUMgtB3O+SQGDV5HWiodTkj/AHaMUw8jEx2R63IuXZvD1B8HmB3UZwx7mPrIPl7NllT3ar8nzvc/cqOXJF6m0vYmJ5fSRyRotST4Pn8fWZFzJs2j6lJe4xPL2VKnotN+55UOvUns6cfVRkuaCY7HKhKdmH1U/KLUo+GiI10xJLfkmM15ZaafDAyfT4pL7oIwy9Bhl/7tHbQVourryZelxdqH22ZP0nqI/wC1o9rtChq+nzs+lywdOD0Zyj28ppn0rh8ESxwapwj/AIGr6fNDR70+j6ea+7GcuT0zCm/pdyv3ZdX08toR3y9OyX9sotfkwydFli+L/A1dc4kXLDkjzB/4M/HD/wABdUIB15KamTpGT5NZK0RRTU0MdaEVSFQwATEUkDQEcktltEvkqJ8ieyhAJIGVRL0BIUMZUIllNCoCWhNFCorKGhNFtEtFSxm4k1RrRLjZWLEoGgqmBWcSFFUIqJAYAIBgUIBsQQDEAFDTJAItM0hOjBMpMDsxzT0xyxqrRyqTR0Y8vgIhxa5Jejtx445E3L+DHNhcbaIaxWwaoW0JsKPIMBchQnTKU/cmhAaNJ8EuNCi2vK/BamnyBmyWbOFq0ZuNAQA6CgEANCAYMEwYAIYgBDEMAAQAMAGwEUhIYDsLENEDAACg0xtKaIjFydI64YVij93JAs3Upqo+DowZllhXDPPyNdzoeKThJNBHb1OFOPdDT8nPDLzGbN1mU4vaODPGpOih5JfdpqjJg2JFAOxMVgVYEWUmAmhF8ktAI0hKjMaJVj0unknHZu9nn9NN99Xo9BNN8HOx1hJDoqgI0iS4Jo0kiV+1WEKrIaSLsl7CoGFARToVbCx+UvdgSwY2rYVoKVCKrQgEFWMYEtfAqZbJAVAMTYU0DAAEhhWxhCGkNLY0vcC4R4OzDHxRjihbR2Y41RY5dVrijR0wVMiCRsqOnMcapIqyEyjbJoLoTYnuJUU+L0UuCYu9D4CH3BaJYAN7+AjfklP+S0BTIaG2KwD8hYBqgJloVN8FOiboC4t0VZEZA2BbZIlYUA/4BWkHgAHyHAm6E5APuBypEtCf5IBO1Yd3uNLRLSsKrkHpMnuBvQGc+5vkSutl1/8AxJaX8AS2Fhe+BMK9+VontbZsoj0EZRg0UoVyW5RRLyLtu9ACgilSM3lSjZms3erQHToG0kY4pSfJU02Ank+20YrNJSaNFCT14KjiS5IMfqyf5NcSklt3Zf04+wXGLryA2rRKg/cHkSu/BKzJ2BcYRiiklXBzfW73rhGuObegNdJEPJFeQy32tI51B8BW/wBVU2hRnKatcEww6r3Now7VSAUJN8oxz45yyRcXSXPydCjRVAc3Y0iFGSZ2VYqAxxY6dvk2HQACGFAAAAAAAADEAAAAIBgAAAAAAMkLApiEFBTsQUMIQwAAGCAAAAABk0MBiAAoEMAhAMAAQwAAEMAAQBQMQwEAAADAAATGJgIYhgAABAUAAAAAFDABgACABgIAGIBkCAAAAAQDCxAA7GJICgGgAgBiGAAAAAAAAMQAAwAAExgAhAAAAAAwENAAAAVnlj3RZ8x+ovT/AKkPrxhuH7mfV8nH1uLug14fKM1Y/O3pbBI7PUOlXTdRTbak3VnLRHWBIYARox+CQsKYCGA0wsQEUw8ggIqxCsYDCxWICiiYlALyITex+ACw8AAU0NsQNEB5GiaKRBUXTKb7uTIaCY2hOUbqTr8msOqnHycyY7GJ5d0eu9zfF12N1cqPJboLsmHl9DHq4PSkmbRzRa0z5hSaemax6nLFfbNoYnl9IpplWnwfPQ67NHd2bY/U5J7T/JMZ8vbYVo8yPqUL3I6IddCS1OyGOhxfsQ4v2CPUp+TSOWLCMXisl42jsTi/InCL8oLrlV0RUbfdCL/g63hXhi/p7GmuV4unnqfTxZM/T+gyUnjca9mdn9PRP0mvBNNcL9I6Vp1klFEP0TBJ66mS/g9Hs+BdvwXTXlz9DS/b1a/mJlP0icX/AN6Mvmj2nAX00PS68J+k5232yg1+aJfpPVx/sj/k9/6YnjHpfT55+ndWt/StfDMpdH1Se8Mj6VRoai7L6PT5WXTdQl/2J/4IeHOucE1/DPr7mvLIc5rVj0enyU8c1zjl/gikudH1/Y58xT/gh9LGV/6cf8F9L6fJphXfwfTS6DG+ccf8Ef8AS8bd/Til7Iej0+b7aYdp9LL0vpar6Cv3sn/pXRv92F/wy+jXzdBR9I/SehfOOf8AkUvROia+1ZU/yX0mvm6tBR9A/QsD/bknFfIl+noSb7eol/gvpNfPNEtH0M/01kT11C/lGb/TfUeM+P8AkvpNeDQnFnuS/TnWRr78T/kyl6B1q8Y217SL6NeO4kNHrS9C9Q/+FH+JGc/RuvS/9ncn8MvpmvMSBo6snQ9Vif3dNlX/APbZlLHNPeOafs4s1rOMaCi6b8P/AATr3LqJGkOl7oaLohoKLpB2saIoC6JrYCYimmKgEOxAVFqRcZUzEpMI7MOVp8nbikprezyIzo6MWdqgjszdKmm4o5Hjp7PQwdRCUdvY8mOM1aRB5TVWI6cuGmzFxoNMxeSmgSoCaAqhEApNDUr5IYAW4pq0ZtUWnQ9SAyAuUH4JookfgKABMBsQAMBAAxDQDAQ0FNDYICBDAADyVGLlxyKMe50uTsxY1hx986v2JofT4o4knJfcaywZM00/Hk5pSyTkprSs7+mzfVXbJ06IOLqsUYvtjyjnlCUVbR6U+nUZubeji6nMptRS4KOfurhkym2DEyoQIAKBkjEUIYAQVYydDsBNCKZIWNMbp2elgfdCzykzs6HK1Pt9zNjcr0KoEO78B2mMaKRNaKaGokNZtENWbNU9E8bBrPtBovyDQWVjwNItxCg0jgPA2gSIElol8l+BNUBN7K8CHyFJgMXkgTABhSoRQ6tBElUKi/HyUSuTWKT4M6tm+MM1vhjr8HVBa+TDHqjpx0qZuRytaKLXaaxTJXg0TOkc6rtfIyQKyrXuGqEgZUNBfgVlJXsACthwJMIdAov3C9bF3AUJiTtg7sA4HYpcE/NgNivwDFYFIOSU9lgA70SwfwRVRlod0R/AgKsQU6CtWFOMvGxSExN+4QOVCbsKb34JnaAbCO3bsRV9qapEUny0Z01oqUmnahz5HF2rYE8CZbIrYV7/AHuiXkdlKD8lKCCMZbfknHhrGoq/5Z1KCW6HpAYQwVGmVHCosp5YoFkTCLUUgdLlmU8rTpGfe7+7gDZzSJeZOVLZm497VLRpDD2uwJllkpJdun5J7ZOdnQ8abH20Fc/Y3J2UsLZvQ7AwjgUVo0jDtNLEAqsKV8FAAkMAQAAAAAAAMAAAAAAAAQDAQ0AAFisBiYAAWFgkFAFgMABAAAAxAAAAwEAwAAAAAAABiAYUgGIAAACAAGAqAYrIEAAFMQwKAAAABAAAAAACAYCChgAhgAAAAAAAAAAAAAAAAAWQACsWwKsLEkOgEFDBgFAAAMBAAwACgAAAYgABgICAGIAGAIAAAAAEMQAAAADQhoAABhSJyRTiyxNWiUfN+u9J34nkhC5R/wCT5ea7XTVH6B1WHuiz431bpZYOq0n2PhmXXmuBAJ6AjYAQwpoYkMAAfgRFADEgCx2APgii6GnZA0BRVkbGgGwsTewsKY1yIYA3saIspMgdAhWMA8jENACGLgL2A2KwYlyFNFCWkOwAaYrC6CGFtcMmwsmGN4dTOPDLXXZkzlRQxPLtj6nNLcX/AJNYepqvuTR5gJtExPL2o+opcNm0evjf7kz5/uY035GJ5fSLrItcjXVL3Pm3llFVGTHHqcq/vdexMTy+mXUxfJazY2fMf1mVcM0j1+VbVExMfRvJjYd2Oz57/qc1pxHH1RvTTRMMfQ3B8AlE8OPqleSl6ovLoYY9p40+Bdh5K9Uh/vLXqUX/AHIvkx6faT9NHBH1CEuZotdZC/3x/wAk8mO5RoGjlj1eP/ev8lLqo/7l/kYNu3ZVfBkuoj7otZk/K/yMT6qvgnst8A8yBZV7oYGoUPtF9VD74sfQnC/Io42vJalEffEv0RKM65M13J7R0qUX5B0X6jDkHHXBrUSlGLXI+jl7Xem0UlKttnR2RE4Im0Y/dXLZEvdpf4OjtE42PVHG8eNyf2Rbf/pE+mxSW8OP/wDadfYKmPVMcP8A0/pG7fTQt/Blk9L6KV30sP4PTpi7dcF90x5L9H6Bv/2evwyX+n+imvteSP4Z6/0/gaiX3Ux4b/TOLx1ElfCrgyn+l5f2dQn8tH0aQ6NT9Ex8nk/TXVx/ZOM/+DCfoHXx28cX+GfYtMWy/wBDHxE/Sushzgk/wc8+mzRj3PDkS/8AlP0CpCe9OKa/Br+iY/O3BxdSTT/AUff5OmwZG+7DDfwY5PSujyNOXTwZf6GPhqBfDPssnoPSZFSxqH/ynPk/S+B7jknEf0THzMJOPk6MfWTSpnqz/TVax55X8owl+nOoSuOaMvijXuGOV9RGa9jNtM6J+i9bj4x9z+DGXSdVjdSwTseoYzaRDQ5KcX98JR/KJbHpQAXfkT0NUNElXYioQ0xAwjSLsGrMrGpOwCUWmSa3fJEkUSDAAoEMAAPIAgGAAQNDEkOmA4rudHpdP0cJYbld0cWClNNnpxnKCTr7Tnemscn01gyfevwzZYo5lvg6ckVlgtXfDOaDeCdSenwTRObtxwcYrfgyjDLjh9TwdmSMJrudWcPVdVa+nDUVy/c3EPP1csmlpI5GF2KyoQhiKhCBgUHgABgSAAUMAEBd2hCTCyBo1wupWZIuL2StR7GOXdBe5qcnS5LVHWZrWkDCvYdMgmiWkjR3XuRRFSlsGm1orgS0kgF26JcdF0D8aI1rJpoVG3anyS4+xDWdE0a0S4gRQ0PtYVSClQmi/AUiNIBplOKBMCVFhbQ237hVgLkqgS2WkVCSN8cdkQjZ0wW0WRz6q8caWzox6oiCNY6Okc61SKRMSjUYq0DEnoLKgC0AmgAuMtGY0wLbEnoQuQirsS5EHkoqhWxWHcRDbtCXAlsNhTv4JGxAVdK+RolOnZXKAGxJJNtLbDgLIp2268Doiyk7ABt62TS9hAVp0S+Bpky40A4u4kzboqCVO2S1oAXAVQITb9wpOUlKr17EW+690O/uY2/gAcgtNEt1WxXb0wr6dBwRitrZdOwyHwc7lb+46KDsQHI7c9LRoscm9M37V7DoDFYqe+S1D4LGAlFewUMAAAAAEMAAABACAAAYAAAAhgAAAAhiCwGBLYJgUINjoBAOgAVDSAAAAAAAA8gAAAAAAAAIYDABAAAFAMYhgAhiCgYhhAIYgoAACALCxEDEABTABAMAAAAAKAAAAAAAAAAAAAAAQwAAAAAAsAAmw2A2xWFBQBYU2MCAodAAAMQwAAEAAAAAAAAMQFDAVjAAAAAAAAAAABiAgBiGAgGACABgAAIBgAAMQABE42jw/Wei+thfuto94w6jEpxaaszYsr87nGmyD1fWuj/puo+yNwnw14PKaI7c0DJGmRtQ0T5LRAgAYCGhFIKQUNiIE0HgbEFCKJB2AN7BOhUMKadjsSABlEDTAoaEhogYrGIBiGJgDBAAUxMYAIAHQAh+BBYAVZIwHYmxMADyNsQmEDEFguQCx3oGhAJsTYMQwwbC2IAYG/cLrgQmUxXcK98sViuxiYrvfuwU3/udfkgOBhjV5siWskq9rD6+TVZJ/wCTGxoYY6V1vUJUs0io9f1C5ytnIIYY7l6n1EXff+C16t1C2mjzR7GJ5etH1vLxLGn+C1614eNnjphYw8vaXri845ItetxStpnhOTokYnl9CvXcLu01RpH1nA3udHzVhZMTy+pj6v07/wDeJfk0j6ljkn25I/5Pkdju/BPJ5fWvro//ABI/5GusT4nH/J8jbitNi+pO7t2PKY+wXWO6bQ31TT4Pj/r5F/c7/JX9ZnS1ln/kngx9curfsaR6lPfJ8b/X9Uv/AHrf5NIerdTHiSTXwPCY+yWWL2h/VifJw9e6mCpwhJf4NF+oJu+7DX8l/nUfUfUiylKPufMR9fj/AHYmvwzWPr+C9uS/gz4qPpFTKUEeFj9b6bzko3j6t085JRzxY81Hrdli+mcEfUI3/wByP8M3h1kG/wBw80dDxAsbM11cd7WvkpdTFjBp2At6BZYsffEZUZygR9PZ0afkVL3J9HO4e4fTjVUdLiiHAbRyS6TBN/dijL8oxy+j9JOKvBD8nodlA0y+leLl9D6Rr7cbj8o5cnoON2oyaf4PoZaRm+SzpXzM/wBPZruOVV7UYS9E6mL+2pI+sSbD6RudI+My+m9TDnEzlnhyQdShL/8Aaz75Y23sJdLB25QTv4L7H58ot8KwaaPtp+k9NO32JP29znyeg9Lkh2xi4O9uzU7R8jbQm2fT5f09HiE/8nLP9PZVxJUi+4PBA9TJ6F1cXaS7Tnn6d1UXvE69/cvqDiA1yYMkJVKEl/BDhXOhoQIbi0vgSLoYIEh1QFRi20krO7H0D7VKaqzLo4q7f8HoSyza0v8ABz6rTmn0bh90LcTrUnLD2teDGHVVqSOhZcWZP6XttexlXJ03UdmR4pPT4Z09Tii8e3prTPO6mP088vFEy6vI4drdo1EpTzOCcLcvFnO98lPbFVGkSAAVAAAUSxFCKhAwoKAQMGIAAAABoVgBVjTJQ1oK7OknU6PSi9HkYJVNHq43aX42YrTQZPAyKBNDACVtjoK9iiCaE1tFDoKmhNF6oToDOhV8F0J6IpUqIcDRIZFZqImqNKCrC6yoSXJrJEtENRXwNLQ6GtWDUpeRrkLLjGylaQWjaMaaJxqqNV+6t0bjn01gtGyREEaI25ritDEnQ+5WWJQUuDOyk9UVlT4F4FboFsBB5H/BL5YDbGuBVoTe/gChNiYrIYpVyNIi6KjIpigsVisIdkjbsQDGmS9ggq2ybHohNWyCrCyWNAV3D52QV4Ch62iWx86JaoiE3eroalYtXsekuAobolu0JuwAEqVcg9oLJdsKFHWxK0+El+R7XJLdcIo+qVIdAAYIYCAYAAUgGIBgIAGAUAAAAAhiYWEMCbCwqkMix2wHYE7GAWFjoADYqKABJDAYAgAAAYqGAgGACAAABAMAEAAFjEAANCCyB2AhgAxIZQAAAAAAAMQAMQAFFisAa0AcgC4AAABkAAAAAAAAWAigGIAGIYgGIYAIAsTkkA7CyO72DbIKcqJ7w7V5HpAK5MEn5CWSKV2ZSm2u5cFHQgJxy7kmWAgGIAAAIGAAADAAAQwAQDoQAMQwAQxMoQ1wAUAwACAAAAAAAAAAAGIAAYhoAAAAAAABAAAAAAATJWigIrxvV+l+thcUtnx2TE8cpRapp7P0PPDuTPkfX+kljyrNHcXp64I1zXigVVEsy7QItEWNMKsQrBckFJDCxWFOwACBMRQgpoKBDAT0SW9kgJDCg8AMdEodhVCsAIHYyfI7AoTE2KwKBAAUD8CBAMAAAF5E+RoBjATAAAAATG3oQRI0IaAYmMTKE+CRtiCkAAAhDEAmJlCYQgEBQ/AIQ/IASUIBAuSqCgGgasAAlklsmgEABQCGABCsBiZUSyWVQUETRMkaUS0VLGbYrKaJNRiwWFiArJ3TKU3XJADEUpKLvd+9mn15cqUv8mIWMHXj67PjX2zo6I+s9ZBayKX5PLsaY8xHtY/1D1cf3RhJfJ0w/Ukmv9TAk/h6PnRpmfEH1GP1/G/3XFfg68fq+CVXPbPj4zNseRryP5xH2cPUMctKSNl1UHX3Jv4Pj8eVvyzswZpRap/kn84mvqFmtD+ojzenzd8Uayk+UzN/NPbu74sn7Wee80ogus7f3E8NTp6Sgg7Thh6hj8yNF1uN8TRnyvp1JUDtmC6lPhotZbJ5q6rsYOLBZUUsi8kyms+1g9GylFj7Ux9Nczj3eAUNVJWdfahOCZdo43gxU/8ATi/lown0PS5P34IP+D0XjIeIbR5Gb0fpJtVi7fwcs/QMTf2ycT3njaJcWX1R83k/T75jlv4own6H1F2laPqXEKa42X3VfJP0/qOna/05OPuzswN0rxtNe6PfatU1aEsWP2Jar5jrMFruiq/BxRnPC9XFn2T6TFO3X8HLL0bBPclcn7+Cyj5TLknmdydkVR9Pl9Ax93NJ+xyZvQXC/pyb/JqVHhpWNo7p+k9Vjb7oxr4ezll02ZNqWNpL3NaMaCipxcXTT/wTRrUS0A2iRoGIoRQCGBUQ0FFMQEgMQCHYUIBplWQUgrSEqZ63TTUoquaPHjyel0DqT+URp3JWFDAyDVEsoKAkpKxJFrRAqoGNrYgqWKi2goipSE1yXQmvkCKCh7HRFTQ6GBBNeKJaLQ6AyoKvg0cRLmvIw1HZ5NYQ0CVGkVZcNVjRokQjWKtWajFXjbSou7M0i0aYXGyklW0JIpbRULSeihP4FbKirE3TCwoIdkvkZL5AoQrFuwqrJbBsT4ATLi9IzRSdAXTQWF2FhBYWHAIB3sWrHomSooem79hPklN1/JXL4IDYk7HaXkXyiKpaQXZKfuOwATdcjtURL7gGhArBgCVvmhtUyWhBQ96F8eR2JtIKTBidsG2tMI+rsAArAAAABiAKAALAYgsQDsLJdgkwH3DsVDoIVhsYATQ0hjCgAAACgoAGACAYxIYCGJjAAEMAsYhgAgGAgGIAEMAAVg2AAJjEwCwsQwAAGQA1wKx2UMBWADsLEMAAAIAAAoAAAAAAKAAQDAQAOwEAAMQAACtEuaAsLohtsKb5ApyJcn4BJFaQEVJ86H2ilmivJLzRtfJBpSQpZIx5Zl1E3GK7TCL7M9y3a0gOn68eDCWSU5PxHwaOLyzVKoo0WBAYRi5XybKL+ntGsYKPCKoDLp01DZqCAoQDEADQgAYCABjEBAwBAACGgABDAAAAKAAAgAAAAAAAoBgAhiGACGIBgAAAAIoYABAgAYAAAAhgACatHm+p9NHL08oVzs9Myy41KJKsfnmbDLFkcJPfsYtH0Hr3RqM1ljHfH4PCaZl25rOhjAjZDQlyMBoPIhoinY0SHcQUAu4LCmFiYICiW9hyCWgGiiQQBVAUCQVNDKoRAgGIBMENoQFJjJboakVTBMBWQMdiBsAexomxxCGxDZNgUBNj4KFJk2NuxVQDGIYAJtA2JoKTFsdgBLAdAAhMYgF5AYASJsoTRQhhQAAhsQQIoQwATAAoQSAfIRmCG0IACgGECQmMlsqJYAMBBQw8FENESjRsJpUVLNc4FyRBqOVgALEVkAFgAAIAirGSikyoaNIsyspMDojI6sM60cEZOzfG3d3oM17HTZqfJ6UcinFNM8PBK6PR6fIkqIxY6Joxmts6LTInEjLhyR3fgydeLR2Tgc84/AxZXPPLkivsk01wP/qHVQ/bJyXtYsiMGiY1K6o+rdRF3On8Gz9dn204s8xoymmS8xrX0GH1zCqWRVZ3w9Z6VpVlVnxbXgVtcE8D7teo4Wr+pF/g2h1WPI6U1Z8Asslw6Y11ueDVZJUh4V+gRzJ+S1kXB8DH1bq4u1k44OmP6g6yMUnKLfl1sl4V9q5IT7WfJw/Uc+Zwv8M3x/qKE9yj2R+TPirr6TsixdkUtHlYvW+myJffUvnydEfU8E2kprfyTxTXU4JkPG14FHqMfb3dyaZSzwfkl5q6hOgc/wDIZJJPmyHxyY+rq1JsHvkS40NKxtEuEZcoifTYp6krRr2uykjUo8/L6Vim24xRwZ/Qo7cZNP4Pe4Dts16R8rk9Gzxf2pU/c483RZcSblB68n2rSfJnkxRm9xT/AIHofDvFL/ayHFo+0ydBgyJ3FL8HBm9DxTbcJV8G52PmaBo9bN6Lnt/Tao48vQdRiT7sUm/hG/Q5CWjSUJR5i18MTVDUZgVQjQQhioBFIQ0FUtHd0kvuRwo6ullU0RXqQ2y6Jx7RpRlUUNDaZKApMZPlFpAJD+RhQCF5E21+Av3IqiGXWiWq9wBIGtiXwUkRU0FGlCp+wwSoA9F+CXbAnnz/AANRCmWuAJ7VRUU0/gEi1oqA2xrWyI15NKKzQ/gcXsX8Aio2X/AXRmmNPeyouxp34ENNPVhDoBbT3Q09BCFp6egb2J0VCaaY07GQ0+QqmK9gmw8hSa5YJpuvIN9z7bSJapkGgWKxPYRW2tPYU17Exvu5HJ268lRdifAlwN0BHBaZnY0BTFQXoUXe2RVcBa8g2CIopMlp/wADeuAbTj8lCAP7CVb8ANkvkq9E+SKHsXax8ggEtSJnVlPmxS2vkqvqxAwtFczCyLsdMB2FioqgJAbBACQwAAoKGACAGBUAwAigAAAABgACABgIAGMSGAgAYAAC8gNDEgAYCCwAQxAMBAAMB0IAAKGBLQx0ABQhgAhgCQDEMAENAIBgAEAAAUAAAAAAwpAAWAAJyQu72AqxdyJ2xqICcm+Bfcy1RM5xgrk6AO0dUZfWXNaNFK434AHNR5F9WPucyp55PJfwNR7pvtWgNPqSn+3SFNy7Gr2EcU09Ol+DSGKuXbAyxSh20ty8lfSeRcdr8Gyil4KA544Jf3y7kuCngTnGXsbAQCSSAYAIYAAAAAAABQAAgAAABgAEAhiAAHYgAYAAAFgxFDAQyAAAAAGACABgAAIBgAAAABQCGIAAAABgAAMQwEAAQAmMAODrsEcmOSktP/g+J6zFLp88oS4v7X7n6Dlh3I+a9f6JNfVUW5RXgzY6c183wIbER2CGKxogYAAAIYq2RQMAAPIWIAqosZCspMgY0TZSAYIL1sa0goYmOxMgABhYALkYUBL2CHQBR7i8jEwKtB+CRoAGICirEwsVhDBsEJ8gJFKhJDAGgDwAClYvA2IKVDQIGAmIdgBIUNiAKEyhMCRDE0AxDEUJgAchB4GFDaCkMS5GwASAABksYBCQBQqACWUSyoQxIYAAAADACoiUbRk40bkSRZUsYsT4KaEacbEjG0IqChDABFCAqGNCKQRUTeLMFo0TCO3DKkkduCdcnmY50ztxTTpEZenCd0bLaOGE6qjphktEYsVOKMJws6LsiSDLinH4OecDvnG3wYZIBZXFKJk1Z1ziYSiHSVyzi02Zs6JoxaoKz4WyPJpIz4ZVJ6FbG9iAAb1TAQVUJ9rNe99unv3OcpOgOmPV9RGNLI0jXF6p1UH+9NezRyXaIboYPZXr3Uqk+1r8HZD9QR7V340/x4PmWwtmLxKPsMPrXTS+1tpnXHr+llVZVZ8G7fuVCcotPueuNmf5j9DWbE1qcW/hldySs+Dx9dmi95H/AAduP17qFGMJPj+4nhX1ndYm2fPx/UMI6e3+Dv6X1npszacvHJm8016KbKowh1eGcl2zVG/cmrTVGbzV1EiGipp2RZnKGoojJFUOxpdzNS1XHPpMOWLU4p35OTL6JinNfT8+Wew8f+BdtGpUfNdR6Lmg39JKSSOHJ0efH+/E0j7KwlDHNfcrNeh8K8ck9pqvclo+zz+n9NkTuF37nmZvQYTtYLi38lnY+daGeh1XpPUdN+6Pd+PJxPFNLcWn7M3oSNcUu2SMkqezTHqafiwr2cErgjTuMML+1UaJ72QWmALY6ASNLM06ZdhTQXYh6AlqxeeCnz4BJEAmwaAEAIYLgApoGAcgJjSCtjogTQ4q3QUOCp2BNPyNLfIS/dwOPJUawWuCrJTHdlQ7DyHyBUMadcgqGArrkrkVBr+SopsIuyWyUwjVkNlJ2hWvKCFYJibHwtFDslsHxwLz8hTtvVfyAWFED4QuHrgVyTWk0NNgCdMpNfySF7Aq/YLYuAb+AiWhrgTQVa2Au6/JSdLwSo/AVzoDRcWw8EtugV2RQ3QrL1Ww01oolzSVEWVUXLYNRTfIUXqtiK0uHYpOlrdkBdE97fgT42EWq5AJOvBDkW3eiWvJVfV17saiUBXMkhiGAMQwAQAADABAMBWBQMEMAEMQwAAEAwAAABgAqAYEAAAAAKxgABQwAAAAEMAAAABUAwABDABDAACx2IAGIAABiCwGIAABiGAAAAAADegDyBnLIkHe3wgLuiXIVN8sfYgF3N8BV8lcESzQjzJIClEbpK/BnjzRy7g7M+pU5xqPHkitMk32PsVsWTI8fT9zW0jPBK/trg2y4/qQcWByRyTlHucuSpQeSEW907LXTeG3RvGCiqXgolwuFUVCNRosQEdifKKSSGADAQwAAAAAAAYABAAAAAAAAAAUACGQACABgAAAAAAMQwEAAABQDAAAAAZIwGAhgAAIBgIAGAgAYAAAIGADAAKAAAAGIABiGBAACAAOTrMEcmOSktM6xSipKmFfn/qHRywdRL/a+PwcUkfW+u9E82F9unHaZ8pTfK2jFdeamgQNibDah2TegCqAQyKBMGw5IAQ2IKdhYhogaKRIwqgTJsdgVYNiXAEANAHkBgA6AQqKAKmqFRYq2BKjsb0gEAhgBQmAeQAdhySC0EUgFexpgMGKxXsBiAAAYPgV6CkxD5AAEDYmwBsQAAMQMAAQ0ACYhhQDQWMVAAMGACAYihAABADAQAyWDEAAAyoKAAABDABEtFkhKzlEzOh8GMkblc+oliACsAAAqALAQRSY0yRoqKs0hshIuLCVqnTR0YpM50aQdEZehhns6oyo8/FL2OmGT3IO6MrRS2c0Jm0ZphzsEomMoHQRJBHJOPJzzjaOzJHRz5IlWVxTjToylE6ci2YyQblcsiWjWaM5BpmxMqiWFIAAqkACApMHsQAADolkDASHZQCGwogXktTa4dE0MDaHUZMbuM2v5OvH6x1EGlqvyeaFkwfQ4fXW5fd5O7B6v0+T9/2/KPke4It3yzN4ivucXU9PmaUJq/k6VGla2vg+DWecGnGTTXydmH1bqsdJZXS8GfCa+yvQUpHzWL9QZE4vJFyflI9LD6107S79N8JMnlXovEvBEoULF1MM37JJ/F7N2kzNhrmegVLZ0yxXH8mDxVZnKqWk/CZz5emxZdSxx/J0OMlwS1T+RtHjdX6HCUl9CT1tqjgy+n5cLSStL2PqaE1dJpNfg3OleFijUdpo0qv5PVn0sHwqOWfSSi9O140X0jmSodlTwzi9rRDi09mtAUieCvA1QHkAXIUMdUFaC7YC3YcDF5AdexSWmJMbYB4AcRNAA1wLyh8ANoWx2NKwFVjSKrQgKSHoSK8lQVwJik34YBFLmy70ZLRb/bZQKTdpivY07q1QmgKCraEmHHIRYfkm9jT1sqFJUKLHK2tJfySnTAsl+RxBoA/uB7YBdlBTDjkVg2QAL8ii7TfyOwHYXyS2+FyPwA70TY+UJRfPgIHJgpe4Ml7CtAtExY6IHew/glFPgqgToBN0AVXAlJ2tAnYNPwk/yQKavyKkl+7Y235ST+CWrYU0DuuE/wAib1oSdgfXh5ADbmAARAwAAENAACYAFAAC7ktWKeRRVgUBn9Rdtk/Uk03VAbXQnNLycryTnF+C4Y12eWyjWU9aDFJyRlFUmaYFUQNQAAAZHer5LsAFZE8sY6ZhDqG8m9K/8gdM5KKsiOW1vRz5MjnN2qj7jxpyl8AaObWRezN0zCUbnHXBvEgdjEADAA8AACGAgGAAAAAAAgHYCGAAAAAgAAAAIAYCboCgshzFbfgotslzQlHW2V20Au5vgXY29ssiWWMXTewH2pD0YZMlUzN5Jd/c7r2A626Rm8qt/BcJd8UzHN0/1NptP4ATyTnjk1r2M8cscI83Je51RxqMFHwCxRTvtVgYYIy+pObilFvRtOHeqfBolQyKjHjjBUkUAAADEACGBQhiGAAAAAAAAMQAMBDIAAEAwAAAAEADAChAMCAAAAAAAAA0JyS5AYIh5Y+5l9Z9/wAAdIExlaKAAAAAAABiAaAAAAAQwAQwAAEMQAAAAwAChiAAAAAAAAAAACAGIAOfrMSyY6o+M9X6N9P1LdVGXtwfdSVxPH9X6RdR084NW2tGa1zXxMk0+BGuePZkeOmnHTszoy7QLQCANKTGSigAasQ0RSkFaGOgJoa4BgRTsBAFMdCQ7AFoom/kd3wENACYEU0OxA2A2xIQXQUeSr0TY0wEBTJYAOhAgE1sRZLRRIhgECHsO0bQEgOg8AACGgBgkVQn7ATwwGyWwE2JBoAoABAMGCQAIAABDQUNAAADAQAAAJjEwEAAthADWgY+SiGhFPkkBiDYFQAAAIY+BAJsQMAgZMo2i6B8FTHNJUxGk0Zmo59QAwEaYOxAAQFogpFFWaQMkaRCVtE0RnBWbJEYVGRvjntHPwVB72SjujOzWMjjhKjeE7QR1xmOW0c6nRopaDFhS2ZTWjZmOTgI5ckdmEonVJaObIVqOeW7MZI6JIxmG4yYmimJlaQxWNiCkxDABWFgICkwaEUgJAbEADQgAoQARQAAAAmAAFjTEkAFqTHGVNNcozKRB0LqMkFcJOL90zq6f1bqcLV5HKPle55rYJjB9Ni/UcU0pRcV7tnoYfUcGVr/AFEm/B8Ve7KWaUXp8mbyPv4NTVxaa90NwjJHxXT+q9TgkuyX2+U3yev03rvek50kub8GPA9uWPeiO1vwRg9QxZVfcmvydP1cTqpGbBkoug7b8HR9rX2sHBGVcmTEpKmjnn00Wj0HDXBk4geTk6WcXq6MtrlUezJapKzKWCMlTirLKPOW0JnXLpJL7ovXsYSwzT/azcqo32kpFO1poXH4NAApuLuv+SWAXsfIJAFUg8iHV7AdeQv4F8FRSsBKr40WhaC0A2KOwY0BXgZK4KCJYUFjTKEVeqJ8jCHEbZKY7KGg7k3WyE7bpjt3TCKQ6ZHK5ZUWA/zwQ1T0U3rgm02UK3yi07XAlobfgAYvYLFewikh1oSYWAo8CldOnsryS+QKUkvGxORKextEB3B3p/ant+BUOuxtw3+ShEt0K/u2AFxZVutJszVrZaaa+SKdV4oEKUqQdwVTIa5Bt/wIAtxYOeglxsErVAJzVP3QJ2gcd64Go0QSr8id2y3wRL45KPr7AKGbcysAE5JckFCFZM5qP5AsDB5n5i0JZX3fAG8pJC7rVoyk/qNJPg1SpAcrU5ZJNv8AApvIo1VnSofdZSirAwjCTgvcpQyNVaSNyfICjjUUVSJckpUGXUHQA3G9scZRvTOKLde7Ljag+17A6HmSdXsl5U9I5oQlbdO3yb48T5aKJgm3J+S4ZO392zWMEh9i9gMFD6k3On+B/QuVtcHQkAEPHFqmhxiktIoADtGAyAAAAAAAAACwAAAAAYgGKgsAEMAAQxWDaQDAlSsW38AVZLkkHb7sfBBNybH2+4pZIx02rF9VVb0gNFFA6Mvrx7O/+33Ii8maLlfavCKOhzSW3wZPqO6/px7kvJzJN90XPuOnBBLCopUkBE+ok4PtWwg8cYJyf3vlsuOBRk/kuOGKd1sDJweRcDXT3Vt17G9UACiqVDAAoGIAGAhkQgGAAAAVQIYgAAAAAAAAAAAAAAAAAAACAGIYAACAYABQxABAAJtGX1u5tQV1yBqKc1FWzPHkcnTVMnqFKSj2+HdATlyTrSpGWbLOX01Ba/uZc5yyLtjjp+7NcPT9uNKTtgYNN0r/AINXjbjSNo4oxdopKgFih2QSLEMAAAAAAAAYgAYAAAAhgAAACAYgAAABgAwEAAUAAMAAQAADEADEMAOfqMSnF6OgTVozR8X670c8c/qrHcW6tHjSifc+qdN9XBKO6+D43qMTx5JQa4Mu3Nc1AwafuIjoCr0Kg8AMozvZRFVeyvBAdzAphRNhYVQrENkFJiYNaQIAoaAQFeRiB15IobBMHwJUBYCAKdAKwCDkBWMKAtAKgGJgBUJIdDAAQMEEmQSxDQ6sBDWgobQAS7sOAbAGTQ9iZQUFCC2ANCBskKsXkEAA6EFh5ALGAAAAIAAKGAqEUJgSNUIaAOQC9AVEsQ5CAYmAUAgHQAADoTKhPgQ2ACAbF4CJkjGSo6CJRtWalZ6jABtUxGo40gGBQikSMqKKiyC0EbQZ0x4OKMqZ145dyDNUA6AiLjI2hI5kXFkHWpFqWjljI1jK0Ebqd0KStGPdvkvv1thmxMkcuWPk6pO2YZOCo5ZIykrN5rRi+Q3GUkZtm0uDGS2VqJYMGJhSAAsKQAAACAAGJghgIEDABhYrFZFMYhgIYAAWAhpgMBAAwFYwHYgAAH3OtE+RgbYM0sc1JNnodP6pmjNRlNuF8M8pG+GPdJGbFfV9P6lGdKqfk74dVjklbo+Yxtximjohmfcmufyc7yPpVJSWuB9kWeLh6zJBU5HZj65V90jPkdcscU9IylFFw6mE0qNFGMlxsmDnrwTLHf4Oh4qJcAOHLgUnwc0+nkuFZ6jgR2JMujzPpdr3yTLR6U8HfurMJdLfwblNcqoXaayxOLavgiqb8jVKtAhv5FoKKVlULyFgD8guR6YmqlryA7tqgfOgSd7Dh2VDjaWyr2Snr4Cm0roCtUIE96B8FAAhgBLsqwatBEr/AJGCQ90ArLjwSNAD9iOGN8i8lRaYEooAbWqdjqxWg7ih8CF4C23wAwDVcivmiCXyVYnQm9gPuHyQqci9VYEtCG3qxL5Apc7C6YnJUCCjnXgrSVUhVvkTVgDYWDXuDQBafIPjQqHRAWTdsPOwaV2A22S2x3QuUB9c5xXLQ1JPyc88UUrf+SI3T9jbm6nNIwllUgjJtVTKWK9sC4u42YbjllJpyt/4OpRSVBSXgDFQc3clS9i3hjLlFydKyI5U037AUoxgtIdprRzZMvc6XA8WW5dtAdBEsiWkm35oqV9pgpOF/a3fsBX1ndUOOTexQxyk+6X+Cvoq7AzinPN3extki5RoqMVFaQ6AxhhUV7mkccV4KGBPahpDAAABgIYAAUFAMoQwAgAEMAAAABPkYMBDALAYE2LvQFMRNtg4t+QG5JC7vZDUUudj0BFSY+z3LtEPJG+UBSVAYZeo7JRilbbomTyxXc2vwgOkwyTazRjZrBtxTZhmj25lP+AJzJrKmuWVPFKWKSb5Rp9Puak3wa1aA544rw9vwCx5a7e+o14OhJJUMDKGFRVVZqlXAwAQwAAEMRFACGUAAMBDFYwgAAAAAQAAAFADEAAAEAADAQwAolpsaVDAAABEDAVgmmADFYpSUYtvSQDJnkUFbMVmnNNwg6XDfkyg5Z4T7/3LwUb/AFt3eiZZXOfbF17sjsbxpJU0UsLq+GApKUWl3XZeCH0+7Wm7Lhhp90nbNKIMlj/1O6/4NaGACSXsNAAAAwAAAAAAAAAAABiGAAAAAAAAAAACGIAAAAYAAAAhgAABQAMAAAAAAAABDAgyzQ7otHy/rnSKK+pGNtc6PrGcXWYYzg7VmbGpX5/NNMk7uv6f6XUyh45RxtUZdpUWAUAaNIaFYWFMAsCAH4FQ0FA+BAA7sZKGQMZKGA0DYUMikAB4AEMQ0AD8AACGuRIYAALkYCYimSUMKAYCBjE+CCRoAAYxDAliGxLkAJ8lvRLKJDwMQEsENrYIKAYxAIaEPwAAA6IoQhoKsAJKAqEyRvYmvkBDCgQAxMbAohgDBBAOwEAANcAwAGAmBIwAqAAABUAwrQRjkWzM3mrMZKmalc+omgGJm3MAIZUNDQkNBGiVm+Ndu7OeLNoMJXSm/IERlopMjKkNCRREHcUpEMEBqn8j7jNSofdYRTkKTtEsm6KYzyp+DFo3lIxm6CspexEkXYpfJWoxYmi2iWFS0IoloKQxDAAEMACwYgGxDQNAIAAAGIApoYgAAAZAgGAAAgsCrJCwAYIQwpo6ul/evc5UdnSL7zNHoKnGioukTHgpEVakx90vdkofBBvi6iUHydMPUZR5V/g4OKKXwSwx7GLrVLk3jlUkeHGbNMfVZIPbVfBmwx7Tdi7EzixdWpNJnV9VVp2RldVwyJJjjJ/wXpoDD6XdHZnPpl4OoSJqvNyYWn+10ZOLT4PXaT5RjPplJ3GqNSjzQpnVPBTMZw7FsuqzWhva1aFTa9hKyi/gGKwTKBcFkj4YCkmTb/JTFugKW6v2CqBaQdxQuGFjuMv4JfsAXvQxDqkAK26KVbE3om9/AQ2T5KZP91gVwNSJbdboEEW2qFYnwIorngTqNBRL8BTtPgdMlSfck/JV0RCfuwq9icrH4AKQ6dCVe429fJVT4QUFhZAkm7LekQuUU9rQAqfI+ORJA38hTJlJt6HGa4YOnwBKTXL5Y/ywC1y3oImWnV8g3fBT7WTw6AVjjyKmqaFewPq/pyy6m6j5S8mqgkqS0K/JLyxXk25tO1IVpeTHLnUY2+TFzlKNptgdk8kYRttGbyt7irRzzb7U3tGqk5RVIBSyOaapojDFrG4nRDGlHfktQSegOOMJLTizoxYu3bRrQwAFFANAAAAAADAVBQDAAAAEADAAAQDGIAAAAAGhAgGBLkl5Jc/YDQVkfcxqIDcvYVtjoaAntsfakVZhLqIqfauQNhNpHPkyylJQi6b5ZGTHUbc5N/kDeWSnyqIWZt0jJRbUWrL+m3wgFmlLI1BPtT5aDJGEIJY193hLybxxKtlRxRi7pWBjDE7TfJs42qZYAJKlQSinyMApVQwAIAAAGAAAAAAJgNiAKAACgAAgBiAoAAAgAAABiCwoAUpKKt8Gay3VJtPyBqAk7RQCGIYAAAACGRKcY8tAX4M55FFETzKUWofczDE8s8b70rXsQVnzPuSi+SoT7P3My7O5JvlFuDlQBBSzNylJpeEipxuDgpNth9CX9smjbFiUedt+WBjCc1BQUH+SsHTuDcpO5S/wdFfAAT2odUMQDAAKAAGAAAACAAAAAAAQwIAAABiGAAAgAYCABgAAIAGAgGIAGIYAAAAwEMoBDAAAQwAAAAAAIEROKa4LAD5z1volPG5RX3LaaPl8q7dNU0foXVYVODPjfV+jlgzt0qe2ZrrzXlAVJEmXUWACCmhiRSIBDBJDATdAAgpgAANDqhJjAYfyDEudkDoYBYUUCVAhgAmxskgY/AvIUAIYgTAbehIGwsoGNMka0BTEFgQILAKCmHArFewG+QQUC5CCRI3sKAkRQqKE2A6BgSxDQMKQ/AIZAhiGgoAHoVgMTATQCGIaKhAMAEIoQEsKKEUIBgEL+BoAQDollEsCWAxlEgOgoISGNITARlOPk1JZYzYwaJNJohm5XKxIwoCsn5GICopGsHRjZrD5DNbwkaJmCdM1i7DLRMqzNMpEQ3sBolkDsO4liRRbkJy0Q2JyAUmZyG3ZDCpZL4GyWyqlsTBiCgTGJgSwAAoGSMAYhiApAIAACqJYCGIYAAAFMYkBAAwAAEMTKAYhkAMQEVcFbPQ6WNJXycGPk9LBGomasdKKX5ITGiK00IVBQF2MmLRT4uyCkweyEy07Cmml7mkMsk1TZlew4Ilj0MfVySVpUdMc0ZU7SPJjLVFfUcXpkxnHruVPW0VZ5mHPL30jpj1EZEsMdTEZKe+RubMjSr5Jlji1wUn9tjQ0c+Tpu52jnlgcU65R6KdcilCM/BrTXkdkr2qH2no5OnTi17+Uc0sMo6SLprneg/BpKDXKIUaNapLYUKmm2BVUPhqo2ybdWHd5AVVtCRV2S6sofmgFa0NMIOGJPdMfPkEnbAG6Et/wVQnoIbVpVpktqMlFtW0DkLYFWFkpOx7AbkibHVvYmgC/NbLXBmG71QFUOl5oSVIZQqp6E+Ry4JAa4GJP3K0RUeSrpfIq+690FgNS0O0yeUNf8kCqKXkLT4Hyti4QBQm3xqge2J6AFphJ3YbS02J/PIBF3EYJJRqIroK+nyTl3RhdJ8jvHH2+KNPpKS+7Y4YIQ4iv8HVxZTxd64HDC1yzoSHSIMXhT8GigkkWAE0NIBgAUAwJGFAADoAsAAAAQAADAAAAAAAEAWAAJyXuLu9kBVibFTYdoC7gabLSoAIUN7LSSF3K6BukA7SM55knRi5yyzajaiuWZ5sahOLUm237gdM8vbpbZH15dyVcmPZNTtp0zfHjk3bVJAa7cTlnF9z7eWdi4EoJOwMFhbSbf3FLBf75OX5N2AEKCXCLpAAAAhgAAAAAAAAAAMBAAwAQDAAAQAAAAAAAAEAACc1FbYUwsy+vBurLe0UDnGPLJeVdtp2cMpNdRJO2/BpBtRaapgdE8yjDu+eCPqZHG6SRkotr3oqTzZEoRSivLAnJkeTtT/b5N1khVQ2y44lGKVFRil4AcL7VZRLaSsynnqHcla+ANgOeWRqndIWXLNyUMfnlsDaWZRkkTkzKHy34OTPjnBKbm2lyTNTlNT3VAdP9Q7pqjOEXPO+5t+wRi5SXbF/LZvDFU+7yQZuDjNdpcMdSbvk2pDoDOOJI0SQwAAAAAAGAgAAAAABgAFAAAAAAAMBAQAxAAwEAAADAQDABDAQAAAAwAAAAAoAAYAIAABiGAAAgGIYiATAAABgAAAhgTKNo8T1no1lwycVUq9j3TDPiU4slWV+d5oOE3GXK/wCTJpntet9IsXUWlUTx5J2Zd5UMRQiNAcRDTIqvICQwAQMLCmFhYgHY0IYDQLQhpkAuBiGAJDsXA0FDBAwAB2SBA+SWUSwFYxDSsoeh1YqHwAJUPgQMgBkrSKATQq2UJ8gAgYgKQPgQ0USA2hAICqE0BIDEFA6EUQJoRQmFSIoKAVAMTAlgDAoYCHwEJgANgIEIZQxILCwAYuRkQCYySgSAaBoCQHQBAJofgaAgVFMCozlEykqOmjKcdmpWeoxEU1RJtypjJRQZBUXRJSKlaxdlxZlEtMjLZFJmSZSkEaqQMhSLu0EJiY7JbAmXJDLe2RICZMhspmcmVomxCsABklMhhQIAAQwFYU2hDEA7JGAACAAKsTEhsCShBYDEABTAVhZAxABQxAAAMQyAGIpLZFaYY7s9TDqC0cXTRtnfj4qjNVb4GhD4RFUhv+CYjbAFFd1+fyWvYhDd2FVQJUJFJkFfwSx2K7AadITdgFEDilzuy+9p6IKi9oDaGaSNo9RT2rOXkaZMSx6WPNGUPY0TXhnlrJJafBrHPJcN6HlmvSSvYuPOjDB1akvuTRr9SLX2uxiL72O01tELaBkBPCpcGE+nrnZvdLkq75LB584JKjnT2etLFF7rk5svTtbSLq6438kp2+DaWOlszqiyroTEwSp8j/JpUlEuSXgaCBoa+RJ2CWwKYrXkrwRIqG1ETa+R8oitANOmiu62SJasii6djtAS3YFWLyJaB2+OPARaeqC7texCfbbGpKVtFFPaRIOWibbogpukq5GmSwTXAVd+Rmbl4TBS9yCnoS2w5H/4AE6dA+BN0PlBUWhqcZRWn3BwxcgPa5FyMABaVCatg09Mb+APsBiQzq4gAAACwYEDsAAAGILAYgAACxAAwAAGAhWAxCugtgVZLnQU2PtQE9zfA+1vllUACUUUCpmM8y7nGH3SXKA20FnKs8rpqmPHN7tgXlzqDp8kQnOcW3r2IcXkk3Vm+PG1CvIGMG4ve/k6VuJMMVbbtmiQGDwyt9su0IdOlLul90vdnRQAJJDqgAAAAAACwAAAAEMAYAAhgAAAAAAAAFAAwEMAEAAMQxNgAgsxfU41m+m5VKiDYmU9OvBGXJ2wbXJy9O5xXbllbaA2jllLa0iM7+23tIhOMZNTnRuks0Kite4UoQeRLXbE6UqVEwh2qiwOXLglLN3xe6o0x4a3LbNgsCVBIaSREs0I8tEvMtUwNrM8maMGo3bfhE5pN49aOaNxzQm9qqKOyX3Qfyc/TxT7oPwzqW0ZQw9uSUr5AWeF4mkjOOPJSlHn5OqhrgDkfTzy19aX2p8I6IwSSS4RYEAklwAAADAAAAAAAAAAAAAAAAAAAYCGAAAFAAAQAAAAAAAAAIAAYFAAhkAAAAAAAAABQDEADEMAEAAAwEMBDAAAQAADACBDAAAAAAFJWhgQeV6p0qy4JKlfhnxvU4njyyjLTXg/Q8sVKLR8v630aS70tJmXXmvnGSaTi0yGiOpMEIaIqgEh2AADAAQeQQ6CgYhkAAhgFsAACkwbENUFDGKwsAALAgYmMlvYQAhcjrZVA0FAQMTAABFaJGA7ABWAvI0xMUeShvkYPkTACUNbHQBYC8gQJgDBIKB+AoAAT2xi3YUUAwAkTL8EsCaFVFA0USA6BoCbBjaEwhBY6JYAMBgMAAAFYMVlRQMEDAQCABoBoAiWJIqhWBLEymJlGM0ZG8kZyWzcrl1EDQgs05qXJS4IsEwzWkXstGS5LjKgy1TGSmCYRomUpEJjSAp7GkJAEKTM5PRbIYVmyGrZpIjwVUNUIbEFNshjACRDAKQDAABisAAAABDAAAYgAQDYgAAAKAAAGAhgAAADAEBA0XBbIR09Lj75q9ErUdeCFJM6kqSIikl+C7MqW/BSsW/A0RRY0rAaAaRRKYWAykQUqIDyNLZL8FJ/IAxoVrYJgN3ehoXCCwL8DRMXopvQDsG9CSb8AwhrI0i8eeUZWt/kyHHmiJjsxdTL+92mdCyxb5PNul8j7tp+xEx6d2UnRwQztJJvfubwyqT0yI6HJ1oayN6kiYu0V2gTLFGRz5un2nHhPZ2ImVjTXm5cfsjKmj0541JHLPC02qLK1rkaKjwOUHF1yTT8L/k3KH5AUW0vkbvl7ZRSeiXu65XgBS/ddgFg2KxXdMIYCTtjYD8E6p7oE0Devt0/d7QUN/b+Cbak9aKptU2hdoRcHFqpcjl2Jfa3/gzk0kvl0Nc86ATQ1phy37UFaAUmFJpkvkdrtqyKIxik9Da9gXBVgSt+5SYC8hVNWiG2kXXyLkCUtWNCkqT9yQG23wOKfkVCd0BbJYm2nsLQo+0AQzq4hDEAAMQWQMBWAAAxN0AwFYrAoGT3ibbAq0JzJ7G+WNQQCtjSfkqg8gCQUFpeSXkik3fAF2FnKs0srfZ+1eSscmpU2Bu5JK2Y985t0qii8icoNIygsibVfyBVSUXsyxOONyVNtv8AydEYPluzSMUvBBzRhKbtxo0WFctGwATGCjwiwEUMAAAAAAQwAAAAABDAAAYgAAAAAAAAAAAAABgArAYMXgmUkA7H3I5cmVd1p6JWaU5qMNJc2B1yyRjG26Rj/UY35OXLOTyqLrtXuUoqc0uXfC8EHatrRwzxqfUSf93ud0VSSJWOKm5VtgccYZ55FGS+xbs6pYlKSl7Gg00BmsMO62kzVJJUiJNIxl1MU6Sb/gK6Sck4wjcmkvknHkU42jm67HGSi5tqKe/kDT+pTjcYtr3Jy5nPHUdPyH1YOCUFfskVjwfbtbfIEpY4w+5+CMeOUsa8O9GywRTt7NlFLgDmWLLNJTnSXsdEcaSWiqGAkqGAFAAAADEBAAAAMAAAAAAAACgGICBiGIAAAABgBQAwEQMBAAAAAMQxMBgIYAMQFDAAAAEADABAMAAAAAAaAAABDEADEAAADABDAAAAABsQwEADIAQwAl7ODr+mWWLVXZ6BE4qSJYsr4L1Hpn0+WmnTs4ZLZ9Z610f1Itny0oyTla2n7GK7c1lQUV+REbLhBYUFBTAQWA6GKwCmAICBiAYCGhDAYCHYA2CYmNIAvYxAA70Text0iUBS5L8ELkvhBSdCGxEAAAnsBgAwEJjYgEhoKBMoYg8gADsQIAvYWJiIGwSEVQUNAAEAFCoApiY0KygJZQmAgAAATQxWEFEtFksokVFUNRAlIdDobQEghgwJkT5LZNBDQWIAAaAEUHAWJiAqxPkEMCWSy2SyohqyWrLYUWJYwlGiKOiUTKUaZuVx65SNCGisVSQ0JD/kI0ixtkJjv5DOLTKszRdgUmOyLoHIBskdksBSZnItmciiQATClYCAKYmAgABDAQAMAAQAMAABDEADABAMQDAQAAAhgAUAAEDABpBVY420ejgxqK+TkwQfdwejjVL5M2tRaWqKSBW6GZUDQhkU15ExrgGigjSH9vuCQ6/ABrwwGFEBrzyLQPkQQxrX4EhgO7QVrYqooBxK8/BJS2gh/wAivlAIihthELGgH+QsGtAAcjXcv2vkPA017lxG+LK4rbOmGdVtnnNdyop32oliY9hNNX7iaPKw58mL7e618nZh6lSdMzjON2hOLktlp2i4og5Xi3wYZsMq+1aPRkkZNOjUprzHjpfJDO3Li8o5ZxafBrVZ8CZUI7ZMtWXVS7S0HwO7RLRUNJWUSgTAbVMOQAAvYcIPOwAmSrbGlT/IpDTCmo1u1YX4E77otPVbJbIG6snyPgErYDiUnQtJMmwLvQJomxbCqT3sru0QMgJSbJXA/cFwUAADZRMhUVW2xEV9ogsAOrgYAIBhRLdC7kBQE93sVTYB3UTKfwPsQJEErufwh/TtclkymogEYKPA7SMnm8IweVzm1brxQHZ3L3M5ZalSMO9Ri3ZEG22+fyB2xmmic0/p45S9kZYIvubZrkh3xpgcUMk8itxk7Lxwbs3j0yXnRpDFGCqKAjDDtTRaxpSsukMArQ6QIYCGIAAAAgAAZQhoQAMAAAAAAAAQAMAAAFYAMBAADBBYAAWJtJAMDKWWMVdkvqLTpbA2bMcuStLkMORyhcuTGavLKtsC3nl2Un9wpYFlwtZZN62+CY4ZSV8Giwz4nO4+wHJhjH6KjBtpeTqxYmmmbRxwjGlFJDtICJ4IZGu5XRcYRj+1JDsh5I3VkGlitLkwU+2TZHb9WdzbcU9IDXLmgn2KX3NXoxlmksbUX93uZ5IQh1C7eWXHDJtpeQpZlP6Np3J82TCVwUXO37I7I46gk+RxxQTtRS/gCcEe2G0LqcTywpe5sMDLHjUI1RpwAwCgoAAYhiAAACgAAYAMkYDAAIGIQAA0IdlAAAAAAAAAAAAAADEBAwAAAQwAQwEAwAAABgUACGAAAAAAAAIYAAAAAAAADEADEMAEAxAADAAABgIAABgABAAAAAAEAJjEFcfVYlOLtWfJeq9N9DI2tKTvZ9vKNo8f1XolmxultbM1vmvi2rYUb58fZJqqMTLtKliKaJZGgCAaAVbGkNcDABMG3YEUhoF8jAAAAAAAAC2AANMZI7pBUyBcA3Y0gHHkpiQ2AkxiEQNiSKABIoSGBLBDF5ATBDEUMQXYAFAMLACSmIgEiqEkUFSg8oqtCIpMVbKoegI8ANiooBUUJgITWxgEKhNFiaQEWCQhooaGKxgKx2J6EAxUUgYEMKG+QQQmSWJ0wpIYUAQmhUUIoEhtAAEOxFNCZUSwBjoBESVmngnkupYxcaZPBvKOjKUaNSuPXKRoQGmForyQmUmGVWO/klMdgOx+CU9CvYFWJyC9EsAbJYxMokTAQUCoYgAQwAVDAAJGDEAwAAAAABAMQDAAAAAAoEMAEMAIAYhpBQjWKJjA3xQuSTM2rjXAnpo7UvgjHj7UrRtX+TNagiOtjWgIoDwJjQDjwDHXyTWwKvQySk9AH4RRPCE3YDYh0J8BDsYl8g+QH55KXgihgW+LHf2ijdAwilwISXgpL35IFQwoAp+A8iFKSW20l8lFNivYCAr2Cyd8jTCKHGbTIUtj86CY68fUTitvX5OzDnU9bTPKst5mqomJY9mUZfwHb7nBg67tqM26Z3YskcivuRnGUZMenSMMmK+Ud9ESxphXkzwvwZZMNLyerLDvSMMmK7LFeY1S3yTydGWG6MHUXs1oV6BMaTu/ApVao0LJb2C4E64oKq0S2F6Fd+LICilSYqoPKAfdv4IeypUGvAEjulSQ6IcaAptrgFshXSstLyAyqQrQX3XXjkihv4BEt0CYDaphSsAbooBS0KWTxXAPwAdwCbCyar7UTZFyfgFD3OzgruFcnwVSCgJ7JPljUEvAwbS5AdIDOWaEFti+vBxtMg1sVnLcs277Y+AfdCTipNgbyzV9qVs5srk5K+LKUu17u2NqWRqk0vkCN2l7lY4pNm0cPBqoJeAOSGBzUk1qzSHTu9vSOmgAmMVFUigAAABgCABAMLEAANACAYhgAAAAIAGAAAgAYCAAAAAGAAIYAACsz6jJ9PHJrlIxw5W4d8uKsDqulZMpqMbb0YQ780e6UnFPhIzal3Sj3OSQG/1+5NxWvcyxqeeLlKTXsk6Lwx+xo0xY+xV7gc/T41HLO9vi2W8b+o6WjojjSbfuD0BhHDK/3NL2o2x44wTS88spCcoryBTI703QsuRRx91r4OR5Glae34A36nO8ULXl0ZqdRUpPlktSyY/vRcsbnhSXNpgLK5ZZxgpOKXNGqhjxRV6f/kSwNq7p/BUenSkpSbk17sgzlFylaQn07b+2co/COpIaQVljwRjvl+7NUqGIAAYAIYAAAAihgAAAxAQMQDAQMYihDARA0FggAAAZQgGIAAAIGAgAYWIAGAAUAxAQMBAADEADAAAQwEAwACgAAABgIBsAAAAAAAAAAAAgAsQAMAAoAAAAYh2AxAMAAACAAAAAAAAEMAAAIEzn6jGpRZ0ClG00Sq+L9X6b6c+9KlJnjyVM+09T6NZV+D5HqcUseZxfgw7c1zgN6ER0KhoTAKqwJRSATBD5GQIAaDyFHgAABgAAArYAA+RPSGhSdhSKRKRSQFAICAAAALCwB8ANP4KbJQgKJbHYPYCsOR0C0AhoQfyUMGHgAAXGxgQNMLGkBFF6EhvgEAvArKZNFUhhWwAZLBiewhDENAAMYmBPIhgig0FgCIAKHQ6AS2DGyWwDgS5GSUNiS2VehAAhiAABgECAQ1wUJks08Gb5AKAKGkESA2FFUm1RDVltANZsc8otEnRKNmcoexuVy65RY0yWqBGnOxoF0TYrCLuxCTG2EMTYrAKGxaoJElAxAw8AKwAQAAAADEAAAgABgACABgIAABobEMBAABSGAEDAQ0rC4Ei4xY4xNox4M2tyCETfFjakmGONnRCNexnVxqmUTH4Kogd2OiVoqyASHqyWwXIVRLLIYQwvaEhgXyKthEbRUITHQ6TAlbGC1Ym9BVLkPKEhgWvh0FklIIL2NCCyAlpB3X/AN8ii3TV6sCrdCq3sYUUHCGS3sYA38Cb2D0KwKWmHAkx3oBxdobeiR3SAO4uGWUK3dGdqhErNj1+m63vS7vGlZ1xyKXB8/HI4/B1Yeokpc8kZx671tGU42LFmjKPJTerIOfLgTXBx5sKd2uPg9Nu1Rl9LukXR5Mk0iF7Ho9R07W6OHJhkpa4NSqn2EnTY26dVskqhi4GJ/ADb2PRDbsLfkCvNjIt/kewKsHwTEL2AmpOL4/yOOkk90g8i8hVN60Dk1JdvAKnwhEA590qSaaDgEkm/cL2FPYbYJjv3AlrYpeKGn93wE3tATyJcgw55A+2oZzf1K7O5JsmWeSj3U/wdnB1Sko8tCUk+Dhce/wC5238s36dOuQNM2Rwg2uUc/bkni75y2/Y3zwc8TiuWP6f2JMDHDBuDctijjbtV5OmEFFUXSRByxx5lpUl8o1xYezbdyfLNeBgQ4K+ClQxcAUgEMAAEDCABDsKAAAGArGACGxAAxAA0DAQDAAAAAYCAAAAAVgMBaI+rHv7U7YFt0iY5IyVp2OTuJx249yiB0PPG2ltoIZlOTS5RyQS3v8nR00P7qqwLyxU4OzHDBzwtNVyjratBFJIDmjjzLSkkjTHhUE/LfubCAFGhnO+pjbV7XgTzySvtaQHRJ0jlWePe25WiM+eUopR4b2RKpRpqvwBt1GafYli5lqwWCsduTcvI44m4R8UbqP20wOKWJ5Yryk9FwxZHpRUV7nZGKSpIYGccajFItRSQwAEAxEAAAAwAAoABAMBAAwACgAAAAACAGIZQAIABiGBAAAgGAgAYAAAAmNAAAMBUMQwAAABgAFAIYECABgACGAMAEA0MQAAAADEMCgAAAAAAgAACgAAgQwGEIBiCmAAUIYhgAAAQxDAAAACgAAIAAYCAYiAABgc/UQTiz5j1XpUm5JXb/wAH1s1Z53XdKpxeuUZsa5r4ScabJO7rumlgybXLZw8mXolAqAfgipKEMKBoXkZAElaEwCtDoEAUAAAKh0HkYCaJfJbZnYDRSsFwNBTFYAAWAvYYBQxeQTIHQDE3sAChNhYQ0LyCBhToKEiuSgAQyA5BIBgCAAIEFg/YKCnyFCHwAUId2IoTJGxAFDSEPYAJjbJbAQB5AoAWh0BA0xkoq9MBMh8ltkPkAAYALkAAoEMAAljrQmtj8BCaArQUgJq0S1ssl8lCQwSABMaQDWgFJaJRUmJAJolo1JaCMZwsycWjqaM5Rtm5WLywA0lAzao1rleRYxAVmwWF6EMIQAIoGAWKwBiHYAIQxqNgSOiu0TAQhsAAQwQAAxBQIAABiGQAACQANDUbNIwJrUiIxs0UKKUS0jNrciVHZrFX4Eo2zfHDgza0vHC0jVKnwEVRdpEQ0tDYk9DAVBdDGETyVWheRhRdInmRVi82EOgfIwdAC+Bt65EMoGwTV0JsXyBbREh387EA0P2Etjb2A0x+QXsKWiCuUHCJsAKC6VhWheAKT1Yk/cHwICnsVuqBbVBVIobTExrgHsImykiSk7QDexp6J4C1wgCtDSAQQ1KN6se+UKPkmT5Jg1WWcGq2d3T9VGcU26PLsuDautGbGce6mnRpGOjycHVOC7ZbR6WHKpRtMIuUTjz4LdnemmiJRtA15GTDptcnL2tKnuS5o9vNiTVrk4cmFb00zUXXCkxeTaeOSezNppmlRLkBv3CvAAv+Q35QnqinLgKVr2EuQYrApsQJXYaRAcBdgNLXsAlyPlsIrYPyFFhtk+3kcmo/BAPwiZXyDle4ux8rYCsaFq6bob1yB9TGC7UkavF3RpmyilwiqO7g5o9Mly3RvGCiqQ2gQDAAAAAAAYhogAAAAAAAGIAhi0AAAAMKSKFQAAAABYCGAAAANAAAACujPJlil+5X7WBrYnJLlnLj6hKLnykCxzzpynJq+EgOh5IrzZh9eWWXbiX5kYJKGVwVs6Onj2ppKkBCnNycG0KKcJcrbNngvJ3X4LjiSd+QGk3EzWD7u5+TYYELFFeEVVClNQ23SM/rwb0wNfyJzivKOXJkyZMqjF1GtkvEo5Iu215tgdCzpyqtGl2jGeO0mtM2gqirA4Wow6lyl5RrLMsseyCe/NG8scZStrZcYpeAMP6eLgk0Xj6eEHaWzYAFQDABAAAAAMKAEMIAARADEAUwYAUIBgAAAAAWIAGIYAAAFgAAAADACAEMAEMQAMBWMAAAAQwAAGIAGAh2krYABCyRb5LRQwAAAYhkCAAAAACgAAIGIYAAABQAABCGIAAYgIoGABAAAAAAAAwAqkMQBDQxDAQxDAAEMAAQwAYkMAAAAQwAAMssO5M1E1ZB8v610ndByS2vY+alHte+T9B6zBHJB2j431PpZYMtpXHwYrrzXnBY2hGXWFsBiYUUMExgAhgRQACAYAAUwEFAKTIXJbQkBSegBBYDFYxMAY0xNaEBTYgBhTsVgBA7AVDsA4oXkG9AiihoQyAr5AAsArY0tCsYAAcgRQAAAgKrQuAEFhYvIA1ZLRVg+CifIDFQBViaGK6CJ8jVMQ9FUWkOwpCIGNcEjsAZPkb4EA6AGHgBAAyhDYWlyKTCEOxIdAAxCuwC9iY6EUCQMAIAdBQwIGga2CAdBQ0DYEyJ7SmBUQ0TLHa0aNDoupjm7CWmjpcSHE1Omby52hM27BOBrWLwxsDSUCKLrPkmKiqEwzhAFAUIpMkEQVZLGIAAAAAAAAAGlZQgK7Q7GRcT5KSGoGkYE1qcoUC4wLUSqM61OUUUgoaiTWsNIpKwijSMfcmqrHHRtFeRQj86NEiIB1bQVsPJBSKJQwgYLZNNpMpAA7Jcb1Q1ooVjCwsIYefArDyBQMWwbAYmCH/BQkk+WFbH4ABK+R+QWh+SAdpqmCt8hyC0AV8FPwLwFgNv2Qm2oOuUtBYcrgKp8fAvLQX9uxLlgUuAYkOyoa0D4Id+A3QDFaT3aEm/5NJfdywgW/wJa9hJsfDbAbdhwJXyO7ZQk3fwNxtBryMIntrY09WgntUhva4SIJt3Zv0/UzxvW0YK6egXzomJY9rp+q+sk2qfsdcaevJ89izOErXPB6nTdZepO37kxix2SVeDDLjUvB0KSkhTgB5uXDSr/Bw5YOMqfLPXlFuVPlHP1GLhtcIurHmJNOvAm73fB0ZMdJs5WXWhd7Q3cmr3RJStMqk1T2G/ihybapciS9+SAuvAX5oB8gCY27dImqBJ2FPu7W0+UF2S1z7gvkga5CS3vwHlg9y+ACKVMV1qxikgE9jT41oXu/gEUfbjEDOzgYAgAAEADCwABiQ0ADEMRAAAAAhhQQAAFANIQwAAAABgAUAIU5xittIIoLOOWeTyqKi69w6nqXj7YRtOWm64A63NeRqSfBwu6tefLOrp01jVhU9RNqNR02Y/ThCF6vy2bTx9zZMenbf3ttexBhhi8kZa1ejVY8tdvdSOlRSVJaGBjjwQg7S2+TVKgtLkl5FXIFg3S2cmPJkeeqXavk6Z24gTPKo65b4Rms7UqkqM+nglnya35NJ4+6SYEKXfkbn+1cIWWpTUcdf/AGNfoJ8mkcUYcLYGWPG1K/Bs4JtMpaAApBYBQDoAAAGIAAYhgFCGIAAACgYhhAACAYCGFAhgAAAgGAhgJjAEAAAADEAwAAAAAAIEAAACYwAQ0IAKAQAMCXNIHNJNvgChXXk559S6bjFtGOScsnbbaV7QHV/UQ7qsxz5rlGKumaZMd4kopXREMDlFN6YEKNtHZD9qIhiUeTVKkUMQwAAENAMQwAQAAAAAAwEMAABAMQxBAABZAAJgAwsAoBgFDAVDQAUAAAAIYgAYAAAAAAAADAQwAAAAAAAAAAAACyCMke5Hh+rdIsmKWvuX7We62cnV4+/GStR8Hki4vtapoyo9b1Xpe3I3FVfg8mqObvKXgQ2JBoD2FBYAV4EuBkUCH4EgAQ2FBSKE18gBLYITKSKBDAGQFjJGgB2JFeBUAxALyFME6AEgGAAETQDHzsKIlEoqiAbJ8jF5AaWykhUxhT4Fux0GvACGhMFyAMRVbEwEFArDYCYnZT4JAQ0OgATRDLfBDCEwQ0rAKH8DEigFQvIwoBMEDC6KB8AAAAADVBCewapD5EwEihDYCDQgAeiRsACgAQDGJFAS+RoRSABeRsQCBA0AQPka8fgKHQCJcSxUBk0DV+DRoVF1MZONEdpu4k9uy6mMe0HA17QoupjDsJcLOikKjXpPLn7GHbR0dpPaPSeWPaLtZ0KKH2oek8ubtY+1m7igUUNPLDtY1A6O1IXaTV8sewajRo0Khp5CSH2gkMmtSFSK0IpbJq4Eh0NIKGqmtjSKSsuMSIIRs1Uap1Y4xLSIHFef/BaEuBhAJgFgBS4EMARSWhD4QQCcX4a/kZLZQV7tMYgSCDVANR0V2gHAgYUABbCh0A1wS9FImXsAK2OthHgdANfIJfIkN+KABDQ6AVBXy/4G+NaEmA6J4KE9gOIyUUuAE2C2wYkygrbfyNsHtEoIpDsndDSqgGAXoTlQBZa4M7HbXgB3QJie1sAhu3snu3Q1JolgFtS8GuObT0zC/kf4CPU6PrZRk1kdx8HqQmpRT8M+YjJxVpNtHd0/VygkndewZx7UkmY5IWuBYciyK47XsbJpoyOLJg+1s87PhUnrwe1kjrRyZMNu6IuvIlGtUxRTfB35MFrRyyxuL/8AsalXWfC+RW/I3w2yXtlUXYN0FBXACTZSeyeB2RQnodksKbIL7kHkjsqtlJUAuHyDaQNJiKGmmmhbWvArr4Gnuij7gAA7OAEAAAxDoABAADAQAOwsQAMEIAhgCGACoBgIYWK0A0D0yJTUVswlky5XWOor3YV02jKeZRfatslRmuZdzMcOSH3Ob7Z+UwCXUZe6uykGOLy5bybobi80k48I2hj7XYRMobTQsuBzpx0zooKoDFYZczlZvFUhWHclyyChSdJsxlnTlUPua9ifqvJcXoK1hlU+CpSSTb4RzdNBQb3bOicbTQHJ9Z5ZN+PCHji3l3x7F/QfEXSNceJRu9v3AmMH9W/BsCQwEoJNtLbHSGACAYAIYMAAAAAAGKyAGT3pur2UmAAAFAADABDEAAMAAAAAABAMAAKBAMIQxAAwEAUwEMAAAAQxDAAAAEA2IgQDAAAieRQjbJnlSh3LzwBoHCON5cq3JxvwkdOKTljTlyBzOTWSSbbsJTco0+L2XPFJ5k1x5LWFdr+SiJZYLHUVsjBBy0zSPTyb21R0QgoKkQNKlQwABgJDKAAABgAEDEABAACKGAAAAAAAxAFAAACYDFRAhoB0ADEMAABlQAAAAAACYAADAQwEMAABiGAAIYAAAAAAAAAIBmGbOsZrKVI8zqp986XglVc+tb/ajOXUylGmZVQ9GVYdZhhnwyUufDPmM+Nwm17H0+bNCF9zpI+e6vJGWSXbw3ozXTlxMSG1t0IjoYBYgqhpaFELCqAmxkCYIdCrYUxMZLbAK2NCQ0UMVjFRAcgwGArGGgoAEOhANIBrQwqRWUxUEIYhhQhgtjZAUKgsaAYIAIpodCQWAvID8gAcC5AZQuAewC6AT0IGxAMAD3CE0Syr0TsBeA8FIQUIOBaGAWHALTEwBsQ6AoFoLAPJAAAAFiewAqGJjABUS0WIKSQxAggfI1sGCAbQByJgDBCpjQAwvQxUAACBoATGSkVQAJg9DXywEA2SAMXgbACUgofkCpiWiKNntEUBNCopoEimEikJoFwDCaBDCgmCgoGFAS0CiVQAKgopAQTQ4oZSQAkOh0NKyAS2aRiJI0iENDENEFWr8jEigEAC2EUCQkOygV3op8E35HegAXuHkGEJ6Q00hDKKTG5EoYDWxiBsBthVIkd69yIINXshv769i38CfN0UOL1YJ0xB7BTTHYVoKAdgIAht6oIv8ElKihiQARBZS4JY0VQ0J6H3Et2A7C6YvIANP2G9CXI2BK0D+BsX4AfI/BKC3XGgKXACTDuIYdEtj5QiomhgxeSoqPNFJtMi/wDgLcqSIOnBlnjyd0ZNe56nTdQskbvfseIpNR/BeHK4STS4JUsfRcmeSK8HN0vWLqI212v2OyG1wZYcs4o58mFOz0MmJSj5OaUJK7/yF15WWDg3yZeL3s9XLj747SZ52XE4ypcGmpWTYA1TBBopPYJitX8jVEA34GpEvlB2pbWgq7EwBq6ALFyHAWUPxwifdlcikgPt7AXIzu84AAAYAKwGBPkaAYAMBUAxAAAKTpBFBZzfXUZU2VjzxyNqN6+ANZz7VbJ+rFY+5ukiczrG2c1qePi4+wG8sk5x7oceLF085ybUntCebujUIu0h9NilBylJu5O69gq88e6DSM8bcY9qi3R00h9qXgDKMJPcv8FfSjz2qyxN0rAKpCbSMvrKUmrM5uTtRA0+um32p17lrIlFuTOXBF/TafgNuLVcEG31ZzT7VS8WZRc9qTs0WRqOoNvgMOGW5Te2BXT41GDpUH0/vbNUq4KQEQh2u/c0AACgGACAAAYgABgAAACckiZZEo23SQFsXclycrnmyu4NRivdcic5NNPlAdXcmjCc5NyX+BY5pRpscItycv8AAGWL/Sb7rtvydkXaRlDE+/uls2WgGAAAAAAFgAAMAEAxAMAEAAMBDAQAMBDAAEAAADAAAAEADEAUwECCGIUnSs5snVOqgQdRlny/TSSVyk6ReO+1XyY5sbc1JeAM82HJkxPuluvBkk8uOKi7S5o6O3JP7XpPlmuLBHFHtjwFc8Yyk6UGvlnVjh2qikqGUJoAAAQwAAHQhgAAMBDARAwEMAAQwgEMCgAAAAAAAAEADEMKAAYCGAEQAAFAMQAMAAAAAAAAAAQwAAACgAAAYgAATHYgAYCsAAAEQRlf2s8uX72elnf2M8uT2Zqm2YZsyxxbvgtyPJ9Tz/c4xejNak1y9Z1jyTcVteTgnJ2OUrM2R2kFjRI0RoxCbGgH5CxDIoT2VySCYFgTfkLAoh7HemSA1yVRKKTABDYgo4oBhYANE2O72BQgQAAWLbDyA/yJcCbCtBTBAh+eCBqqCTVADAn5GnYVQJbAsTGxPkihcjEFgABYAMGIYC8g+AewfBRIAgsIP4HoQwJFwVJ8EAMX5GAC8joKGgqRMvlckNMILDkEMARLKEFHKChgAqFQMEyoqgEnYPSABAAUmtgUgoIkpcCYKwH4FRQgEUIABiZVEtbRAJe43Q0DoASQyUOwBoTQ+ReQAH+AGBF7APIyqVB2jQwhfFElMlbKChJF+CaAGlRJbW0HaqIJodFNCoImgovtFRRA6G0HgiFQUUkOgqUtlJAl7FqP5AK0OMSlEpIiEolrjgS5f4GtMIaQxIbYD9w2KO0UAkMAsIGwAHyAvI1oGIofLCgSHwAmib3RbeyL+7goq+LGJUNbWgH41yAJe4cEAPxwKxX8hFbBibE23wA0vI7Joe/YooHoSugXlgHvbBOvINciCKGuBAmUUIKEA7H8+SSgHV+CZKh93aiXKwFdBaYq2OiCrpi8i88+R+9gUqExC8tbKBcsa3yCQmyBu0tVfyJP3BA1QDu0JMVtbFzyqKK8gkQ7Ki3S1YRXa/BMW9tJ0E7VChOcFSbp8/IFqSSoT9kSlU17UXaAcMksUrX8nrdH1alGnI8e17J/kqOSkklS+CYlj6iElJInNFVbWjy+j6z7lGTf8nqxmppeSObmcVXGjkyYe6TPSyYqTlHj2MO1S2B4mfG4P4Ma4Paz9Mns83N0/bb8INyuV/usasbjzsUYhpXb7i/gfA/HLCpY1XgNAuShOTb2hyVg17bBuqQEcD8WwaJk9Ne5B9zwA2I9DzgYAACHQUAvJREmoxbZm8ztKMbTA2boSmjLPmSXauWjFZXCrCOzu0ZPNFPk5s2aUmopPtfLQ3pJPSA64z7tmfUzaSS8seGNQRU4d3IGdwWNcaIwNucmk6bNV08TRRSVIBSXdGhQxKMaKtLkO7QDUEnwMznkpckRyLtcmwN7QdyqzgeaU3bl2rwvcqLm9K6Ct5Z71DbI75t9s3yHTxW3VbLeJyyKXsqAyjBLIV2Pu1wbLGrsuqAxx4mls0WJItDIJUUigABDCgQBQDABAAAAATkmopgUF0cuPOpuTUk0iJZpTlqVL2A7O9e5g8/dOo8LyZQcm98Dku11e2As8p96e2l4XkJOOXGkrS9i5Y8koJJ17s2x4lCKXIGSyNRSUW3+DTHj1cuWaJIYELFBO6LpIKAAGIAGAAAMBiAAAAoAACAAAAEMCAAAAAACgsAAAABhQIYMIBA2S5V5AsT0SpXG0cuTNLtlEDeWaKdcmc89xbjyYwjKWPbRrhw3F6ewNIT7sVv22c8Y98n28WbR6WMddzr2NoY4x4VIAgmkrKGACGAAAAAUUA0ACoBgAvIxDCAAAAAAABiAgYhiAYCGUAhiAYAAAIYiBjEMKBDAqEAwAAAAAAAAAAsAAQWlyAxolST4KAAAQAMAAAACgABEAAAUAxDIATCxNgY539rPJySuWj0etn241Xk8uT5ZitRn1GRQg3dHz/U5XkyNp6Ov1Hq1J9kfB5bk3yR15gsGJsVkdAFjF5IAYqGkAxWFhZAxAgCnQIQwGSMFwAJDEUkAJ/gTsdbBoBNi8joFyFHgEVrgVbAExiDyAWHgYATQwD2ChfJSokaIKsTdIYmrASdlcUKKKZAvIeR0IKdaCgQeQAABgIYA0EKyXqyqJkVSXIxJFBC/IMVhdoAbtiE+fgYDDYIYCQ/BPkaAHyQ272aCauwM7GVSCvkBMSQ2CAVggoKKEwoEiqAlDYAwFQvIxPkB8b+RkjABoQ0A/BJXgQANCXJVEAKwBAO2S+QYBTQNAgaAQFAESDYxNAT5GgSGlv4KAEFAAnwKK0NhFADEimJaAHyNIXyNAAJDoqK0ESyWaNWiaAzKrWxqNsrtIJirG40/JajQJ2wEkaRe6r/gcdlKNeQia2Cext18iS0EOthz4BLZXb8sBJDrQ6BgStFchWwrQCGFDQQloa2w0FbCiVUDB2LyBSHZPHga2VCa3YipexK52UNILrgbFRAefyUIABDWgQcBCvuQnofcKWwHFewDiPyUJMbk+Aa2JgVyF0xJib0AMPIDXyENsYvNie+QHew3YgukASdqvIkmAwCw5JSdsqnQDS9wYt+6HYAg4B6Vii7jYDEwvYeAFdBbsGvka1egD8MGNaYP8aKIe9BF8UNijpr4AcnfkSre7BjStAN0T+BsSAa+SG6ur2W+CaYRUJtVz+T0ui6yNqOR88Ozy7XnZWN9rsiWPqoS43pjniT2tHken9d9Oax5d43w/KZ7OOamtO0w5WY58i8HNkwpp6PQzYrjo53HwQleL1PT/TTlF38Uctypf+D3c2FPweb1HTuLtceQ6SuS2hp6aFKLv4BBoWHkn+6inSChRV378jvQk0DetAJ7JS27GgbKr7gBN/JnmzKEL8nd5WoGWKffFMz6zJJQUYLbYV09xjPqop9sdtc/BzyUseG+5uT8kRjUK0gjaeXvRmpOPaVixfb5r5NVguvgDnn3SyW3r3NIY05Um5P3aOhYY+VZrGMYrSSQHPLAmhw6aCmpPb+TcieRQq3yBpSAzlljGPdJpImWeKh3eHwBroVnG8s5bcqT8G+FuS3sBdSrjy+fch5ftSVJ/JtnjcDD6LlFADglG3yRCNppcGv0Mk9Tna+EbQxKKoDmhGUdQxp/k3xYpJffVmyVcDAUYpIYARQAxFQwAAAAEQOwAQFCbJckvJEs0U0k7sDULMs0n9N0ZQlkcEk9+4VrmydkNbfsZxxOcfvdtg8M2vudslQzP7XLtXmgMcUYxyyxQSX4KjGUW1GJ04unhjX2r8t+TVL4Axx42tvk1UV5WygAKABgIAGAgAAAAQyAAEMBAAAAABQAAAAAIgoQDAQMAYAAhgACsaYUwZLmlyZ5c3ZjcltlGyIyTUItnNFZssO5yq1wjJuTi4yd0Bq5ZsiuH2r5IjKck1LlFrP2wpR2R08XLO23ryEXDNGMe2Tpjw4nJuUlzwdCxxTukVQGK6aCl3Vs3SpAMBAAAIYCAYxAADAAAAAACgAAExiAAsAAYCABgIYAAAAAAAABQAMAEAAMCBDEUigAAAAAAAAEAwJsdgMTdCckjBzc5UBs5pJuzmeZybQTg09BHA7uwKw6n/5OoiEFFfJYDAAAAAAABDAQAADEMQAACbAGZylRTZx9TmUeGS1Yx6ufdKvB5fXZ1hha5Nuo6uOKMpN260eB1nUzzy+6VoxXTmMcuRTk35MWn/JT2w1Rl1iRDYkFMKAQDQ+BJjIJGgaAAYIAQU0MSGBLGuBDXgBjQIABcgwAAAPIwpDJGAeBDYIATGFAAmJjB8gFFISGQGwAApjYWBAgGFAAxBewCgAHwAhiQwE0AxMoQvIDAVbFWmNsQE0OtDGAk/AMGgAKAYASwv8AyAu3YBYB2gAhi8jbAYUKwtlBWhDYAJgDABWS2USwGtjFEbVKwAYkMBi8gIgpMZKGA6F5CwYAxIAQVT4CwXAMACgBgHAAARPkYeQYAALkqlyBFANtBoomw5HXsNKiBJFJUAwENCGghoTX+R090Fe4EQ03o0SF23VFrQBWgoYUECQ6tb0JFrgIEhPQ7F5sAQ20Kxrjhf5AFJcDtXoHw+LolLi0BdAD0gIhV/4Gv3IAXJQ2qYA0AAT5fwOgr/kKIvYyU/gdlA3wT5G+AJqGhiXAANA+aRN7H3fdYDt2J/gd2xtFRAeQWk6QfL5ApP4HZKQ3yUMGKx+AHqhS4QvI3oAC9Ag7t0ENO1sHpifAvIDbGS9MZAIaJoCim0tgpWiWwX/ADq3vkG68BfwOrAG7VCjxQ6CkkAtJg2KnfgdfK0ArGra+3kSWykl4IEmDegq5eKJeiwUuNktjT0Ll7KGMQX8AIYAAWPm6eiZWC4IFLhlwRLeyroIpPtlZ6HRdfLFKMZ7izzU7Kt6vgJZr6jHmjkSaadhOFu46PF6PrHGdS1FeT2cWWM4p3physxnOPwc2bGnF2rPQnC1owlCueCErxs+Bw4WjlcaPby407dHmdTiUbaXIdJXLqk+SfI3adAlojYSB0JtoLKEhghlV9Z/rZMbnaivGiHU4Pu+7+Dqr7KIjjpHoeVeCvpKicsHLxs0hHtVFUQZLGnHtYR6eCd1ZbdPkaYAkuBickjHN1Cj9sVb/APAG9kzyxgrbo431MlNRW/cfa8mZN7XsQbLqVfDr3Ms7cmma5cf20lsPp9yVlGGWPc4RltWa58bcFVpI2+krV+C3G+QOFRndRhv3Z2YcbhDbtvkukuBgJq+RpUMQAAAAIYIAAYhXsCgEADEKUqVnPDqozyONVQHTYzi6nrI4Wow+6T8exh/1DJ9WMZLTdAeoc+bK3JQgt+X7GqbcU/cwcZKbaRBnkxtJtybJ7dJq3RqoTzal9sV49zeONRSSAwlLJlShCLXu2b449qSLqgCmKhgQAAAAADKEMQwAAAAEMAEMBEDGSMAAAAAACgGIAAAAgAAGAAJuiXNLloBtpK2EZKStbM8srxvt2zHoe9Y+2b2grbqJNY248mX1WsNp/d4N5xuEl5ZyY8cpRp8pgarD3QTm25fkiKbtXpMpRzyXZaivfyb48UccO1fyVBiX2bJeFNt+WbJUMK4/6afdffS9kb48agqSNRUEMBDAAAAAYgAAAYCAAAYAAAACYDAQAAAAAAAAAAAAWAAAAADAAABisEwGAgAYABAAAFDQCGAAIACxOVbYzLPfZaApTTZE5tvthyYqek0CcozcltMBSU4S7pTbt8GuOD77XBDuemdOONJWA+0dUMAENAADAAAAAAEAxAMBDACWxslgFibJbo5+q6uGCFye/Yiq6jMsUHbR8913qKjfa7k3ox9Q9WnklKMHS92eRkyyk+b9zNrfPK83UTyX3Mwu1sTAy6yCwvQCZGjAVgwGJiAgf4GAMoadg0SO9EAFiG+AGguhA+AoSKehLgOQgTKFwNBQHAMEBSQNBYWgqWtDQ3QlwACTGJEDtgMTWgChDQmUNMYikQIKGCIFRSCgCl5GIYBYlyPQAD0LY6CwBIdaEFtAD4JY3sTQEoYJULyUMACwBc2AmCAbEuAH4AKExh+QJsaZNbKQA0FD2SwE0AxV+ACgKVkyAQ60JDAEgoEBRNCqymACSBrQxPyA0rHWwVlAS+BchJ7BeCBrgYBQCYh1SEuQCmCL0S0A0n/A6BARSYUMGVAJjFYCXIeRqw8gCVA0FhrywE18iSGJAMARYEvQ+UDHXBBKTbLSGgWwhpDoKBhC0gQlzsqigGAeCAS2UhRsoITFLiymtWSyhpWOkJPQAOrFdsGEQKC9CBsB93gCUUq9rCFFtvaob4CgkAWhJuxDChA2AmEAJ7piGAxomyk7QBQVsLBsBpaDgSfyF6KC70hVspcWS3VoIq9Epd2wVMqLSuvICp38FLQA90UGvYbaexchQCTBLdirY+AG+Q4Bcg/kBDj+4KGkEJpt2FFMkBPSBMT5BICguhcgnTq9gOx2Zt0/YaYDboaaJ5G0BXkKbkSte5UZq9gS015Fadclyp7RFAJ8hqtBOr2CXyA70ACYD/I7JtjsB3ZD1wPywoATC7ftQnS8bH4ApaXuXppNX82Z0O6ilsId1Ld17Hb0fWSxTUZLug/+DguuRp7qwlj6nBmtJ8xZc6ktHh9D1ccclDI32vyexjmmlu7DnYzkr0c2fEmuD0JRtGE4XyQleHlwRx98km/L3Zi9P4PZzY/tqjzeoh2tpIjpK5nEVDb9hc8rQaCDXsJ1uvBPMqXPL+Cq+6AieSMI90mYvO6T7Gkz0PK1lPtaQPKlVvk5p5W2q8mck1NS5YHRkl91ixznkyNcRRL3To1wxpt0BrLUNc0eelLvbyzpN6R6LRLxQl+6Kf5IOWEO/LUYtRjzJrk6o46dlpJVXAwEUkIaKGILAAGFAAAAwEADAAAQDJk0tsWSaxwcpOkjzs3XTyxccXTycf8AcwO7Fnhmb+m7SdEdR1kML7acpeyODocksWCar7m/Hg06KWHHCTzSvJy2A/62WScscY1a5MulxKHUNSblJeWyoRnm6h5IwqD0jqxdK1n+pJ+KoDz8+Jrqp5cl7jSS4Ovo8cp/dKHbHxfJ3fTXsikqAdaFQwIDgBioAAYAIYAAAFgFMQAwAYgAYCGAhiGACGBAAAAAAAUAAgGIAsIYm6JeWK1asyy5ko6fIVt3pD5OB5PeVv2Rv085yb7lSAfVZHiwuS58HHgU5w7vuySe3Z3Z8X1YUYxxZlHtjVe9gLp4yXd3/wCPY0wxksktaNceJQjXnyXVAAlFLgY0VAkA6AAAAAGAmAAMAAAAAAAAAAAAAAAGAAUIBiIAAGACGACAAAAAAAQwAQAwABhQAA0IYDECGAgAAAYhgACIyZIxW3QF2RPIo68nLDO/qyV68E9zlkk2+QOmOe5dr0atd0aObHHukq2l5OqK0Bzwwu2nxZr9JNUagBEMaj4KGAQAAAAAAUxDEADEMBAAAAWILIBsznNJGfUdRHFG20j571L1iTvHhary2S1qR6XW+qYsFrutpcHzXX+o5uob+7Xj4ObNnlNpydtLyYSlZNdJyG/cQhmW8OhBYiKOAYDoCfAWVQmgpDQDAAAYCoGMRAhsEh0UIKKACRoAIGCYmNcBTfAcC4T+RoAsEhpDoKAYMQCAGCAe6CgXAAK6AGCAfgBgQMAQMigYAAhgAA1oPAAQAVsXkYDE1Yw0UTwwHSFSYCEymqEURJ+zAbVMKAEVWhJD8AFADEtsABjoQEvkfA1wKgFdhLgGqFVgNK0PXsKvABDEwuhcgHgSKoVAMVA9BsqkwAACgGhNAA0FaCtEEsaQi0gAaAAE+BUN3oFyAuClsTQ4rRAOxFNeRAKwCvgEgH4FWx0ABwJlCoCR1surFVIqJaBKx0V20QTQ6KFWwFRQDASRQkMAvYUNLleQdJbuwifJXjwIoBeRhQACdFLgnyUmEJ7SJf4LYtAC/AyV5Gih+BDtisABjoTAA8h+AStgUnuhPyrYc6ABeA3wNcB2+aCBAxMa2gJGuQrYUAWCC2/YEgHYNaBoP5AXA73wMT9wHdikAioceCkQrQ0wL8CDuDXOrAF73/A20kK0htpgS2HPlidrkaeiivbYpc//AEFDckW1uwJYJ0F/IJXyEU/yS62rG6ZIAwGl8jRAuCeNyaUb5ZclqxPapgQ9saTHQNOwChk2UtooT4ErHISAqxSf/ACb5AUmCdCYKvZ/5AruVg2roVK7DkAv8lIToLAbC/BLlsFtADY1JWS9hVVsDSPINshO9rhFIAlYIG7e/IrpgXfg7ui6xwnCMtpuv4OBPRUZqL+SM2a+ohkU4quGOUTxOi6vsmo5OG6Wz2ceTvg7DnYyyROPqcMXG6O6TSdGc42vgySvA6jH2S0tMz97PX6nBGUG2rXweZKNN+yDpOmTjft/gSilHnZV71ZEt8lbfVq55e6cm0vBeXJGTUIJuT8GqwKqNI44w8JHpeVj9Cq9xxw/dcmb8gBKgl4KSGCABoBgIGMTAEMSHYAMQAMQxWAwsieSMI23SRjLqo0u1N38AdIpTUItydI5ZznHbZllnKbj7AdH9T7J0awyLJHuRxdqrbb/AJO3FGsar2A4/UlOeNRjVXuzCHWY1geHDinLIlSvg9PJjU401dihijBJKKVeyA4+j6bLGN5eX4N10eNz7nHZ1UFATGEY8IqgGAAAAIBiIAaEADAQwAAAAAAAAAAAYhhSAAABiABgFgQAhisBiBGeaTjG0BfcroJSUVbejleVRa+ROX18rjbqPKAufV441u7M8+XI+zsdKXkfUQjHH8+BY490U64CtJYYKN0r96MJY1khTXDO1RuNBHEogckE4pRhBWdWKDS3yWoJFANIVAMBMRRIAMBlAAAABYgAYAAQAAAAAAAAAADEADAAAAACgAAIABAAwAAEAAUAABAANAAgQAAAMQAMQwAYgAAATdAMLMJ5fu7UTHJLup8AbybSs58TWRuUvD8nTyjL+mj3dybXxYGOVd2Rdi/JtHp4unKOzSEFDgsBRioqlpDAAGAAEAAACGIYAAAAxAMBDEAUAwInKkA26OXq+sj08G20c/X+o4+lg+6SUvFny/XeoT6iTTdJ+DNb55a+p+pz6htQbq/B5spW+SZP2E2ZdZCk2/ahWEtokimBJSCigHoCBWIbEAAAAOxp2SUFMPAAACAEAJfIcDEwCx+CL2UFCGJaGAm9DiwYkQWwXAiq0AWFiDyA7E2AchQCQUNgAch5G9ATQ4oS2VwA2IF8jqyAQVsFQyKXA2AmAwBPQAMBBYC25UNIE13IoBCsZO1yAnyMBXsCvAMEkS0UJ7BCT+BhBexkjfwFDHEEMBshpWVYmrCIVlLkEh8ATISKfIJAIKGHkCZCQ5AkgChvkAKJkD4GxATvgaQmylwFFCGBA4oYIQB5GCAAX5DwHkfKAkqhFeAJ8jF5GiIpIT14G2LkBPmkCQ6BLXAUMVWNgvADqhPkqSlVpNryQkVDX4BjQECXJRK5K8gIEUIAQUAAOikgXALkBr4Jld0EpNbjyKTCFRUVRKey0AxAhsIXkYfIL5AfKJaK/wDuDoKS4BDFYCfIVuxtCSfdyBVgthQIAQeQ4BMqK8C58CbdAmAVsL8WMl86CHV6E9IaehPmgDwA1ol78FD4BCq62x1XADfIWHkTIGHglsaAHwJb0N78k8MI0QPkiykVTE2MTXsAV7lEFedgPlbJp1zQ26RIGkGlJeRytqlohfA3LyAVXIexLbY0wioqm+AaFsLrkAuqGnsiUlTtf4Gl8WENsAACbVg2VzwJp/wUTTopCY0vcADQ/IvICZN7L7W+BVRBL5BCboXzeii7+EPxxtkraT/4KTKEwp1QPlDIJ4215Ent0qHLSElrnkCmha83/CE3rXuVG9AF1xY1JMLD20ANisrgXIBY1IiVxSrexoDS/ZI9Lousl2qE/Hn3PK4aNMeTsktc+URmx9ApqSsZxdL1KmlF8nZ3KiOdiJKrs5c+JOL0db2ZyS4YI8TLePJKLWk6T9zKUrPS6rBdS1XsebljWR+EHWV9yNpMVDPS84EMQANCAChiQWUNiBickgGBPemuTJ9Qm6hbrzQG9+CJZVG7dUc315S7lTVBhxucbm7bINZdUqqCcpPiiVlyXUkkGKChlbSKyRbkqX5AzjDvy90m3XC8FuH+olRcMbuzXtTdsDKWNyBdPFrZuAGawQi7rZotAAFCoAAAAQFAIAAAAAGIAABisgCiQsBgAgoGIoBAMQAAgAYAAAMQECBypWyZTUVbOXP1DcWlB0wOtTTVoyn1MYuqbfwjmeZx6dqKdhh+pKCtKJR14sqm6DMriZdPFd8nG9OrOlxtNMg4Gm0tFP7dptM6liUdIUsUZcoDj7e9v7pSm+L8Hbhh240nyEMaitI0AEhiGFAAAAMQyheBDAAAYgABgAhgIBgIYQAIYAMQAAAAAAAUMAAAAAAAACAAAAAACgAQADAAABiAgLAQAMYhgAgsTkl5AbaXInOKVtpIxzPvg+17Rlji5/uA6Hmg19sk/wAGMJPJOVvgUsaUko6NMWNxlYGCi45G2bwi5U3o27UGkBSGTFlAAAAAAAAAABDAAAAAAAAAAE5VtjMs2N5I9t6YDj1EJT7Yu2aGWPFGHCHkyRhHuk6QVUpUrPK9T9TjgxtRac1/wcXq3rTheLDXPPJ85n6ieabcnabvZm1vnlr1XUPM5dzbvezlb2Jtt2IzrrIdiCx6IpMljYkAAhgRS3yFgIKqwEFANiCxAMEAwKbFYxMAsET/AAUtAAmNCkAkVEhFIKrVjpewkh8EBQILEA0UuNEI0iAmA2SAAgoAGmH8ByAU6HLgSCT4ASBiXJRAkUhUAUwGhPkgPIMSKAQ/yAAMGgBvQCoFyFgtsA8gwH4AigodBQDExk6bKiGNBJbEgKYKmOrBKgoofAeRxVgTYr+SpKiAikwEtaGAUHgYmQIBWOyqTVirQwCEUSOygqxNDQWBDQxS5KSAXgSG0NcJ0qfzsinVciGxBDXI9E1yOgHVsbEkDAKBOtCB1oBvkEiVstEBwMV2xgA1okaYA0AMaRQNWLY+EIAH4EgfBAkx2TY0wKSGEdhWwCgrYwApC4BMOfLAa2RLTLToiTtlQLTHtiRSANgFq2gsIaGJPgdkBwIOQoKATX8jSCt7ALDQn8DQAF0HI9hCdsSVIcnTpcfgE790Aqvm+QoqqEnbKEmDbB6kwTSAFdA9jtCCE78Cp8lS4BfJQqY/Yd3tWMBJbG0CBsCGthpDYqWyIP5E+ENbBrQDS8h+BBZVN2hpgAD5Q2qRFsc2lyApP7aCNOvYHT4Q0q2BVV7UFE37jUghUrKSF/8AUa45CmhP7nXAfyJ+4QUNL5EnyNq14CB7YLarwNOuV/gF7UiiXrgYpBYCl/8AUaQuRphTEqb+QEEV/wCCaaY/HJLm7+AFL8WTSKbT0T+AHSGhXocUt88lDk6Vodky0t3Xwh1pAL3sGxvxoT+CBSelQJh42LzXgCrZS4JaqPyOIA2S2/A2tiAq7QCFf/AFLbKe1RKV8DfAGmLI8bv2PW6bqFlSVfclweJ8M6ME+xp3wRmx7ktrRDiR0/URyQ+VyjZ7VhhzTjbp+Tg6rFXjZ6bWzHLFStVwCXHvgAHpcwnYAAQA3QARS71dWTPNCDipS3Lhe4AUc+bqpx/bj/yyMmXJkcI6g5IAKjTLFwgoq9clLJijFK60ABWcE8km1FpPizqxYpQW/IAQX2opIAIGAAAwAAibHYAAWDegABgAAAAACY0ABToQAACAAGgAAAYARQMAAAAApUFAAAS3T2AAT9WLl2p7KvVgAHHkyd/UqLf2rwa5ZQjF9wARGPTYnlhc12p8I2XTb/c69gAo3jFRSSKsAIATAADwMAASd/wOwABjACgCgAAAACgAAAEAFQAAAMT0AEAAAAwAABsGAFAAAAwAAAAAAAAIoAACAAABBYAAIYAUIQAABYAEFg5UgAKwnmcrWOnRGNyyTqdABBMl2Ze1eS44p26nS+AAI2hiUfNv3L4ACiZTKUbWwAKdUMACAYAQDEAAMAAAGAFAAAAgboAAE7AAIMc/UQwwbk6R8x6p6zLOnHFahdWwAVuPEyTlKTb5ZmAHOu8IdABAmgekAAT3eBrkACh8sAAij8g0gABWh1oAAXAN0AAMPIAFNcA2ABCWw9gAAtJEt2AANLQJ0AEVSAAAfuJST4AAGUnQAA274AAATYL7mAFDaof8ABFLyJgBAkUmr5AAhtqg0gANCwACAHdAADT1dDsAAVlV7gACoaWwAFFCfIAVENjTAAB+3sTJ0AALtpW2NLQAAKRbWgAgVbGmkwABSZAAaD5djQARA3ST9yXL3ACEHKbKjHui5eAArSVyDTQAVAt/4E1wAFCvgdWvIAEFDigAyof7hJ2kAAOtiWwAKqhvSsACEth7gAAuQqwACVp0WlYAQV2ioAAKG4tIAKFxyFoAClO0JSAAGPkACEl3K1wOlwAEFJUMACUPj4CtgAZ0D4WwAqwmyLACKcdF+AAoJbQPW2ABBHbr2G6AAEmkDdABlQpApx2tX7ABQ1wGuQAIfP5oNgAQgTeqACqprQRVgACkq5FQAQOg4VgBoRdsa2ABFVpsPYAKEErXnyAEExdq7VDe0AEQL9t/IN6ACgirYP2oACw6oOQAASBpXwgABv8A4E2AAU+BPTSAACWqpt37oKbVJvgAKE9Vt7DuXkAIgUkOMrYAAX990CkrYAEFpukCdypcgBVG7BUuAAoG6thH7lYARDfBD3quGAAS4iVXoACBUaQrdABQpv7Hb1WhrhUAFDrz5JdJgBFCXcSprvVABIKb3VbDiPd49wA0pWN8bQAQpSfam+NDryABgXwvcpy0AEaJteXQ4zXgAIjo6bN9KalKTp6PVhmjNJrgADNWo/3t/baROVLm+QArnX//2Q==', '1656925568968jpeg', 'oui', NULL, 'isSync');

-- --------------------------------------------------------

--
-- Structure de la table `suivi_pr`
--

DROP TABLE IF EXISTS `suivi_pr`;
CREATE TABLE IF NOT EXISTS `suivi_pr` (
  `code_sv` varchar(255) NOT NULL,
  `id_culture` varchar(255) NOT NULL,
  `ddp` date NOT NULL,
  `stc` varchar(50) DEFAULT NULL,
  `ql` int DEFAULT NULL,
  `qr` int DEFAULT NULL,
  `long_ligne` int DEFAULT NULL,
  `nbre_ligne` int DEFAULT NULL,
  `nbre_pied` int DEFAULT NULL,
  `hauteur` int DEFAULT NULL,
  `ec` varchar(100) CHARACTER SET utf8mb4 COLLATE utf8mb4_0900_ai_ci DEFAULT NULL,
  `img_cult` mediumtext CHARACTER SET utf8mb4 COLLATE utf8mb4_0900_ai_ci,
  `dt_capture` date DEFAULT NULL,
  `ex` int DEFAULT NULL COMMENT 'estimation',
  `dt_creation` date DEFAULT NULL,
  `dt_modification` date DEFAULT NULL,
  `etat` varchar(50) CHARACTER SET utf8mb4 COLLATE utf8mb4_0900_ai_ci NOT NULL COMMENT 'valider, synchroniser',
  KEY `id_culture` (`id_culture`)
) ENGINE=InnoDB DEFAULT CHARSET=utf8mb4 COLLATE=utf8mb4_0900_ai_ci;

-- --------------------------------------------------------

--
-- Structure de la table `s_bloc`
--

DROP TABLE IF EXISTS `s_bloc`;
CREATE TABLE IF NOT EXISTS `s_bloc` (
  `code_sbloc` int NOT NULL AUTO_INCREMENT,
  `id_bloc` int NOT NULL,
  `id_proj` varchar(100) CHARACTER SET utf8mb4 COLLATE utf8mb4_0900_ai_ci NOT NULL,
  `status` varchar(100) CHARACTER SET utf8mb4 COLLATE utf8mb4_0900_ai_ci NOT NULL DEFAULT 'active',
  PRIMARY KEY (`code_sbloc`),
  KEY `id_bloc` (`id_bloc`),
  KEY `id_proj` (`id_proj`)
) ENGINE=InnoDB DEFAULT CHARSET=utf8;

-- --------------------------------------------------------

--
-- Structure de la table `utilisateurs`
--

DROP TABLE IF EXISTS `utilisateurs`;
CREATE TABLE IF NOT EXISTS `utilisateurs` (
  `code_util` int NOT NULL AUTO_INCREMENT,
  `id_equipe` int NOT NULL,
  `type` varchar(50) NOT NULL DEFAULT 'mobile',
  `role` varchar(50) NOT NULL DEFAULT 'simple',
  `nom_users` varchar(100) CHARACTER SET utf8 COLLATE utf8_general_ci DEFAULT NULL,
  `mot_passe` varchar(100) NOT NULL,
  `situation` varchar(50) NOT NULL DEFAULT 'active',
  `statuts` varchar(50) NOT NULL DEFAULT 'Non actif',
  PRIMARY KEY (`code_util`),
  KEY `id_equipe` (`id_equipe`)
) ENGINE=InnoDB AUTO_INCREMENT=5 DEFAULT CHARSET=utf8;

--
-- Déchargement des données de la table `utilisateurs`
--

INSERT INTO `utilisateurs` (`code_util`, `id_equipe`, `type`, `role`, `nom_users`, `mot_passe`, `situation`, `statuts`) VALUES
(1, 8, 'mobile', 'simple', NULL, 'azerty', 'active', 'Non actif'),
(2, 11, 'mobile', 'simple', NULL, 'azerty', 'active', 'Non actif'),
(3, 4, 'mobile', 'simple', NULL, 'azertyuiop', 'active', 'Non actif'),
(4, 15, 'mobile', 'simple', 'P21', 'azertyuiop', 'active', 'Non actif');

-- --------------------------------------------------------

--
-- Structure de la table `variette`
--

DROP TABLE IF EXISTS `variette`;
CREATE TABLE IF NOT EXISTS `variette` (
  `code_var` varchar(255) CHARACTER SET utf8mb4 COLLATE utf8mb4_0900_ai_ci NOT NULL,
  `nom_var` varchar(100) CHARACTER SET utf8mb4 COLLATE utf8mb4_0900_ai_ci NOT NULL,
  `id_espece` varchar(255) CHARACTER SET utf8mb4 COLLATE utf8mb4_0900_ai_ci NOT NULL,
  PRIMARY KEY (`code_var`),
  KEY `id_espece` (`id_espece`)
) ENGINE=InnoDB DEFAULT CHARSET=utf8;

--
-- Déchargement des données de la table `variette`
--

INSERT INTO `variette` (`code_var`, `nom_var`, `id_espece`) VALUES
('VAR_01', 'Moramasake', 'ESP_01'),
('VAR_02', 'Boha', 'ESP_02'),
('VAR_03', 'F11', 'ESP_02'),
('VAR_04', 'kanety', 'ESP_02'),
('VAR_05', 'lohapitse', 'ESP_03'),
('VAR_06', 'manja', 'ESP_03'),
('VAR_07', 'bevoa', 'ESP_03'),
('VAR_08', 'odragne', 'ESP_03'),
('VAR_09', 'vorompotsy', 'ESP_03'),
('VAR_10', 'menangoe', 'ESP_04'),
('VAR_11', 'mandronono', 'ESP_04'),
('VAR_12', 'atolinkibo', 'ESP_05'),
('VAR_13', 'mafiry', 'ESP_05'),
('VAR_14', 'mamy', 'ESP_05'),
('VAR_15', 'matraotraoke', 'ESP_05'),
('VAR_16', 'soamaso', 'ESP_05'),
('VAR_17', 'amaninagnombe', 'ESP_06'),
('VAR_18', 'irat 200', 'ESP_06'),
('VAR_19', 'mailaka', 'ESP_06'),
('VAR_20', 'besomotse', 'ESP_07'),
('VAR_21', 'bevaoke', 'ESP_07'),
('VAR_22', 'saretrako', 'ESP_07'),
('VAR_23', 'garadage', 'ESP_08'),
('VAR_24', 'baboke', 'ESP_09'),
('VAR_25', 'faremaso', 'ESP_09'),
('VAR_26', 'androy', 'ESP_10'),
('VAR_27', 'borikele(Petit)', 'ESP_11'),
('VAR_28', 'de terre vatopilitse', 'ESP_11'),
('VAR_29', 'du cap soramena', 'ESP_11'),
('VAR_30', 'du cap tsimeda', 'ESP_11'),
('VAR_31', 'menavolo', 'ESP_12'),
('VAR_32', 'tsimipike', 'ESP_12'),
('VAR_33', 'teleravegne', 'ESP_13'),
('VAR_34', 'rasta', 'ESP_14'),
('VAR_35', 'miaretse', 'ESP_14'),
('VAR_36', 'malaindrafe', 'ESP_15');

-- --------------------------------------------------------

--
-- Structure de la table `volet`
--

DROP TABLE IF EXISTS `volet`;
CREATE TABLE IF NOT EXISTS `volet` (
  `code_vol` int NOT NULL AUTO_INCREMENT,
  `nom` varchar(200) CHARACTER SET utf8mb4 COLLATE utf8mb4_general_ci NOT NULL,
  `description` varchar(255) CHARACTER SET utf8mb4 COLLATE utf8mb4_0900_ai_ci DEFAULT NULL,
  PRIMARY KEY (`code_vol`)
) ENGINE=InnoDB AUTO_INCREMENT=6 DEFAULT CHARSET=utf8;

--
-- Déchargement des données de la table `volet`
--

INSERT INTO `volet` (`code_vol`, `nom`, `description`) VALUES
(1, 'RP', 'Reseau paysant'),
(2, 'IDA', 'Identification Diffusion'),
(3, 'MACOM', NULL),
(4, 'RES', NULL),
(5, 'CPSA', 'projet CTAS');

-- --------------------------------------------------------

--
-- Structure de la table `zone_commune`
--

DROP TABLE IF EXISTS `zone_commune`;
CREATE TABLE IF NOT EXISTS `zone_commune` (
  `code_com` varchar(255) CHARACTER SET utf8mb4 COLLATE utf8mb4_0900_ai_ci NOT NULL,
  `nom_com` varchar(100) CHARACTER SET utf8mb4 COLLATE utf8mb4_0900_ai_ci NOT NULL,
  `id_dist` varchar(255) NOT NULL,
  PRIMARY KEY (`code_com`),
  KEY `id_com` (`id_dist`)
) ENGINE=InnoDB DEFAULT CHARSET=utf8;

--
-- Déchargement des données de la table `zone_commune`
--

INSERT INTO `zone_commune` (`code_com`, `nom_com`, `id_dist`) VALUES
('C01', 'Ambanisarike', 'D01'),
('C02', 'Ambazoa', 'D01'),
('C03', 'Ambohimalaza', 'D01'),
('C04', 'Ambonaivo', 'D01'),
('C05', 'Ambondro', 'D01'),
('C06', 'Ambovombe', 'D01'),
('C07', 'Ampamata', 'D01'),
('C08', 'Analamary', 'D01'),
('C09', 'Anjeke Ankilikira', 'D01'),
('C10', 'Antanimora Atsimo', 'D01'),
('C11', 'Erada Tsimanato', 'D01'),
('C12', 'Imanombo', 'D01'),
('C13', 'Jafaro', 'D01'),
('C14', 'Maroalomainty', 'D01'),
('C15', 'Maroalopoty', 'D01'),
('C16', 'Marovato Befeno', 'D01'),
('C17', 'Sihanamaro', 'D01'),
('C18', 'Tsimananada', 'D01'),
('C19', 'Andalatanosy', 'D01'),
('C20', 'Ambatomivary', 'D05'),
('C21', 'Amboasary Atsimo', 'D05'),
('C22', 'Beranoville', 'D05'),
('C23', 'Behara', 'D05'),
('C24', 'Ebelo', 'D05'),
('C25', 'Elonty', 'D05'),
('C26', 'Esira', 'D05'),
('C27', 'Ifotaka', 'D05'),
('C28', 'Isoanala', 'D05'),
('C29', 'Mahabo', 'D05'),
('C30', 'Mahaly', 'D05'),
('C31', 'Manevy', 'D05'),
('C32', 'Maromby', 'D05'),
('C33', 'Marotsiraka', 'D05'),
('C34', 'Ranobe', 'D05'),
('C35', 'Sampona', 'D05'),
('C36', 'Tanandava Sud', 'D05'),
('C37', 'Tomboarivo', 'D05'),
('C38', 'Tranomaro', 'D05'),
('C39', 'Tsivory', 'D05'),
('C40', 'Ambahita', 'D02'),
('C41', 'Ambatosola', 'D02'),
('C42', 'Anivorano Mitsinjo', 'D02'),
('C43', 'Anja Nord', 'D02'),
('C44', 'Antsakoamaro', 'D02'),
('C45', 'Bekily Morafeno', 'D02'),
('C46', 'Bekitro', 'D02'),
('C47', 'Belindo Mahasoa', 'D02'),
('C48', 'Beraketa', 'D02'),
('C49', 'Besakoa', 'D02'),
('C50', 'Besaroa Maroviro', 'D02'),
('C51', 'Beteza', 'D02'),
('C52', 'Bevitiky', 'D02'),
('C53', 'Manakompy', 'D02'),
('C54', 'Tanambao Tsirandrany', 'D02'),
('C55', 'Tanandava', 'D02'),
('C56', 'Tsikolaky', 'D02'),
('C57', 'Vohimanga', 'D02'),
('C58', 'Anjampaly', 'D04'),
('C59', 'Antaritarika', 'D04'),
('C60', 'Faux Cap', 'D04'),
('C61', 'Imongy', 'D04'),
('C62', 'Marovato', 'D04'),
('C63', 'Nikoly', 'D04'),
('C64', 'Tsihombe', 'D04'),
('C65', 'Ankilivalo', 'D04'),
('C66', 'Behazomanga', 'D04'),
('C67', 'Ambatoabo', 'D06'),
('C68', 'Ampasimena', 'D06'),
('C69', 'Analamary', 'D06'),
('C70', 'Analapatsy', 'D06'),
('C71', 'Andranobory', 'D06'),
('C72', 'Ankaramena', 'D06'),
('C73', 'Ankariera', 'D06'),
('C74', 'Bevoay', 'D06'),
('C75', 'Emagnobo', 'D06'),
('C76', 'Enakara Haut', 'D06'),
('C77', 'Enaniliha', 'D06'),
('C78', 'Fenoevo Efita', 'D06'),
('C79', 'Iaboakoho', 'D06'),
('C80', 'Ifarantsa', 'D06'),
('C81', 'Isaka Ivondro', 'D06'),
('C82', 'Mahatalaky', 'D06'),
('C83', 'Manambaro', 'D06'),
('C84', 'Manantenina', 'D06'),
('C85', 'Mandiso', 'D06'),
('C86', 'Ranomafana Sud', 'D06'),
('C87', 'Ranopiso', 'D06'),
('C88', 'Sarisambo', 'D06'),
('C89', 'Soavary', 'D06'),
('C90', 'Ankilevalo', 'D06'),
('C91', 'Tanandava Mandrare', 'D06'),
('C92', 'Beanantara', 'D01');

-- --------------------------------------------------------

--
-- Structure de la table `zone_district`
--

DROP TABLE IF EXISTS `zone_district`;
CREATE TABLE IF NOT EXISTS `zone_district` (
  `code_dist` varchar(255) NOT NULL,
  `nom_dist` varchar(100) CHARACTER SET utf8mb4 COLLATE utf8mb4_0900_ai_ci NOT NULL,
  `id_reg` varchar(255) CHARACTER SET utf8mb4 COLLATE utf8mb4_0900_ai_ci NOT NULL,
  PRIMARY KEY (`code_dist`),
  KEY `zone_district_ibfk_1` (`id_reg`)
) ENGINE=InnoDB DEFAULT CHARSET=utf8;

--
-- Déchargement des données de la table `zone_district`
--

INSERT INTO `zone_district` (`code_dist`, `nom_dist`, `id_reg`) VALUES
('D01', 'Ambovombe-Androy', 'R01'),
('D02', 'Bekily', 'R01'),
('D03', 'Beloha', 'R01'),
('D04', 'Tsihombe', 'R01'),
('D05', 'AMBOASARY ATSIMO', 'R02'),
('D06', 'Taolanaro', 'R02'),
('D07', 'Betroka', 'R02');

-- --------------------------------------------------------

--
-- Structure de la table `zone_fonkotany`
--

DROP TABLE IF EXISTS `zone_fonkotany`;
CREATE TABLE IF NOT EXISTS `zone_fonkotany` (
  `code_fkt` varchar(255) CHARACTER SET utf8mb4 COLLATE utf8mb4_0900_ai_ci NOT NULL,
  `nom_fkt` varchar(100) CHARACTER SET utf8mb4 COLLATE utf8mb4_0900_ai_ci NOT NULL,
  `id_com` varchar(255) CHARACTER SET utf8mb4 COLLATE utf8mb4_0900_ai_ci NOT NULL,
  PRIMARY KEY (`code_fkt`),
  KEY `zone_fonkotany_ibfk_1` (`id_com`)
) ENGINE=InnoDB DEFAULT CHARSET=utf8;

--
-- Déchargement des données de la table `zone_fonkotany`
--

INSERT INTO `zone_fonkotany` (`code_fkt`, `nom_fkt`, `id_com`) VALUES
('Fkt001', 'Agnafondrakady', 'C01'),
('Fkt002', 'Ambanisarika', 'C01'),
('Fkt003', 'Ambanisarika II', 'C01'),
('Fkt004', 'Ambanisarika III', 'C01'),
('Fkt005', 'Ambolimoka Ankororoka', 'C01'),
('Fkt006', 'Ampanihy', 'C01'),
('Fkt007', 'Androhondroho I', 'C01'),
('Fkt008', 'Androhondroho II', 'C01'),
('Fkt009', 'Androhondroho III', 'C01'),
('Fkt010', 'Ankako', 'C01'),
('Fkt011', 'Ankako Agnivosoa', 'C01'),
('Fkt012', 'Ankilemara', 'C01'),
('Fkt013', 'Ankileromotse Sud', 'C01'),
('Fkt014', 'Ankileabonibona', 'C01'),
('Fkt015', 'Ankilemivory', 'C01'),
('Fkt016', 'Ankirava', 'C01'),
('Fkt017', 'Anjeba', 'C01'),
('Fkt018', 'Antsakoamamy', 'C01'),
('Fkt019', 'Anjamalangy', 'C01'),
('Fkt020', 'Angodogodo', 'C01'),
('Fkt021', 'Etsoha Marofoty', 'C01'),
('Fkt022', 'Mahaloto', 'C01'),
('Fkt023', 'Mahasoa', 'C01'),
('Fkt024', 'Maronolo Ambarosoa', 'C01'),
('Fkt025', 'Marofoty', 'C01'),
('Fkt026', 'Mitreaky Androvasoa', 'C01'),
('Fkt027', 'Retoka', 'C01'),
('Fkt028', 'Sifiry Antanantsoa', 'C01'),
('Fkt029', 'Tanamba Ankilefaly', 'C01'),
('Fkt030', 'Tsienga', 'C01'),
('Fkt031', 'Tsimananada III', 'C18'),
('Fkt032', 'Ankaragnabo', 'C02'),
('Fkt033', 'Ambazoamazava', 'C02'),
('Fkt034', 'Antanamaeva', 'C02'),
('Fkt035', 'Amborominendra III', 'C02'),
('Fkt036', 'Ampaipaike', 'C02'),
('Fkt037', 'Ampihamy', 'C02'),
('Fkt038', 'Antanemihery Terabovo', 'C02'),
('Fkt039', 'Ambaromanintsy', 'C02'),
('Fkt040', 'Amborominendra I', 'C02'),
('Fkt041', 'Amborominendra II', 'C02'),
('Fkt042', 'Ambasy Tanambao', 'C02'),
('Fkt043', 'Ambazoa I', 'C02'),
('Fkt044', 'Ambazoa II', 'C02'),
('Fkt045', 'Ambazoa III', 'C02'),
('Fkt046', 'Ambazoa IV', 'C02'),
('Fkt047', 'Ambazoa V', 'C02'),
('Fkt048', 'Ambasy', 'C02'),
('Fkt049', 'Ampihamay', 'C02'),
('Fkt050', 'Antanemihery', 'C02'),
('Fkt051', 'Antanemihery I', 'C02'),
('Fkt052', 'Antanemihery II', 'C02'),
('Fkt053', 'Andagoa', 'C02'),
('Fkt054', 'Androvasoa Nord', 'C02'),
('Fkt055', 'Analalasoa', 'C02'),
('Fkt056', 'Ambanemantsake', 'C02'),
('Fkt057', 'Berehake', 'C02'),
('Fkt058', 'Beraketa I', 'C02'),
('Fkt059', 'Beraketa II', 'C02'),
('Fkt060', 'Beraketa III', 'C02'),
('Fkt061', 'Bemagnendrake II', 'C02'),
('Fkt062', 'Efoly', 'C02'),
('Fkt063', 'Amborominendra IV', 'C02'),
('Fkt064', 'Halomboro', 'C02'),
('Fkt065', 'Halamboro II', 'C02'),
('Fkt066', 'Kotoala Haut', 'C02'),
('Fkt067', 'Kotoala Bas', 'C02'),
('Fkt068', 'Kotoala Bemozotse', 'C02'),
('Fkt069', 'kotoala ambory', 'C02'),
('Fkt070', 'Magnarendaza', 'C02'),
('Fkt071', 'Malaindoza', 'C02'),
('Fkt072', 'Satrie', 'C02'),
('Fkt073', 'Satrie Ouest', 'C02'),
('Fkt074', 'Soambotse', 'C02'),
('Fkt075', 'Tanandava', 'C02'),
('Fkt076', 'Tanamalangy', 'C02'),
('Fkt077', 'Talakimahasoa', 'C02'),
('Fkt078', 'Tsiavihandro', 'C02'),
('Fkt079', 'Tsiavihandro Marobe', 'C02'),
('Fkt080', 'Tsiavota I', 'C02'),
('Fkt081', 'Tsiavota II', 'C02'),
('Fkt082', 'Tsiavota III', 'C02'),
('Fkt083', 'Tsiavota sud', 'C02'),
('Fkt084', 'Tsifahera', 'C02'),
('Fkt085', 'Tsifahera II', 'C02'),
('Fkt086', 'Ambonaivo Centre', 'C04'),
('Fkt087', 'Andovobe Belaletse', 'C04'),
('Fkt088', 'Analavao haut', 'C04'),
('Fkt089', 'Analavao bas', 'C04'),
('Fkt090', 'Ambaro Beratro', 'C04'),
('Fkt091', 'Analavao centre', 'C04'),
('Fkt092', 'Beevotse', 'C04'),
('Fkt093', '', 'C04'),
('Fkt094', 'Analavao III', 'C04'),
('Fkt095', 'Andramaro', 'C04'),
('Fkt096', 'Ambokoke', 'C04'),
('Fkt097', 'Ankarandoha', 'C04'),
('Fkt098', 'Ankazoabo', 'C04'),
('Fkt099', 'Ankarandoha I', 'C04'),
('Fkt100', 'Analamamy I', 'C04'),
('Fkt101', 'Anjapohy Nord', 'C04'),
('Fkt102', 'Besavoa', 'C04'),
('Fkt103', 'Beangea', 'C04'),
('Fkt104', 'Beratro I', 'C04'),
('Fkt105', 'Beratro II', 'C04'),
('Fkt106', 'Bealoke', 'C04'),
('Fkt107', 'Belalitsy', 'C04'),
('Fkt108', 'Bemanga', 'C04'),
('Fkt109', 'Marofohy', 'C04'),
('Fkt110', 'Marolava', 'C04'),
('Fkt111', 'Marofoty', 'C04'),
('Fkt112', 'Maromainty', 'C04'),
('Fkt113', 'Nandrosoa', 'C04'),
('Fkt114', 'Nagnalo', 'C04'),
('Fkt115', 'Retoka Ankilemihamy', 'C04'),
('Fkt116', 'Sihanamaie', 'C04'),
('Fkt117', 'Salamamanintsy', 'C04'),
('Fkt118', 'Vozy Centre', 'C04'),
('Fkt119', 'Ambaromionjo', 'C05'),
('Fkt120', 'Andobaka', 'C05'),
('Fkt121', 'Andahive', 'C05'),
('Fkt122', 'Andasary Tsifahera', 'C05'),
('Fkt123', 'Andasary sud', 'C05'),
('Fkt124', 'Ankazoabo II', 'C05'),
('Fkt125', 'Ankazoabo Tantsoa', 'C05'),
('Fkt126', 'Ankilemorotsy', 'C05'),
('Fkt127', 'Antsotre Faliakondro', 'C05'),
('Fkt128', 'Ambinoa Ambondro', 'C05'),
('Fkt129', 'Ambondro Anatirova', 'C05'),
('Fkt130', 'Anaterova', 'C05'),
('Fkt131', 'Anjamahasoa', 'C05'),
('Fkt132', 'Ankiliromotse', 'C05'),
('Fkt133', 'Ankileromotse Tsiboatsoa', 'C05'),
('Fkt134', 'Antsotre Faliankondro', 'C05'),
('Fkt135', 'Antsotre Marolava', 'C05'),
('Fkt136', 'Antsotre Marofoty', 'C05'),
('Fkt137', 'Antsotre Ambonaivo', 'C05'),
('Fkt138', 'Ankilemasy', 'C05'),
('Fkt139', 'Betioky Zanavo', 'C05'),
('Fkt140', 'Beba', 'C05'),
('Fkt141', 'Bebea sud', 'C05'),
('Fkt142', 'Bebea Nord', 'C05'),
('Fkt143', 'Belay', 'C05'),
('Fkt144', 'Belay Marolava', 'C05'),
('Fkt145', 'Imongy Ampihamy', 'C05'),
('Fkt146', 'Lamitihy Anatirova', 'C05'),
('Fkt147', 'Lamitihy Ampisandrata', 'C05'),
('Fkt148', 'Lamitihy Ankasy', 'C05'),
('Fkt149', 'Lamitihy Ankitry', 'C05'),
('Fkt150', 'Lamitihy Ambario', 'C05'),
('Fkt151', 'Lamitihy Ankitry', 'C05'),
('Fkt152', 'Lamitihy Belanky', 'C05'),
('Fkt153', 'Lamitihy Tsibo', 'C05'),
('Fkt154', 'Lamitihy Atsimo', 'C05'),
('Fkt155', 'Lamitihy Antsotrebe', 'C05'),
('Fkt156', 'Lamitihy Androvamiaregne', 'C05'),
('Fkt157', 'Lamitihy Belaza', 'C05'),
('Fkt158', 'Lamitihy Ambatofoty', 'C05'),
('Fkt159', 'Lamitihy Ankaramena', 'C05'),
('Fkt160', 'Lamitihy Andasary', 'C05'),
('Fkt161', 'Marosy Ambondro I', 'C05'),
('Fkt162', 'Marosy Tanambao', 'C05'),
('Fkt163', 'Marosy Analalava', 'C05'),
('Fkt164', 'Marosy Motifeno', 'C05'),
('Fkt165', 'Ramagna Magnefa', 'C05'),
('Fkt166', 'Sihanadiva Tanamasy', 'C05'),
('Fkt167', 'Tsifahera Andobaka', 'C05'),
('Fkt168', 'Terakabo', 'C05'),
('Fkt169', 'Tsilelekogne Vazoa', 'C05'),
('Fkt170', 'Tsimanankiaraky', 'C05'),
('Fkt171', 'Evazoa centre', 'C05'),
('Fkt172', 'Evazoa', 'C05'),
('Fkt173', 'Zanavo Atsimo', 'C05'),
('Fkt174', 'Andova', 'C06'),
('Fkt175', 'Ambanefengoke', 'C06'),
('Fkt176', 'Ambolomariagne', 'C06'),
('Fkt177', 'Ambaniavoha', 'C06'),
('Fkt178', 'Ambaro', 'C06'),
('Fkt179', 'Ambazoamirafy', 'C06'),
('Fkt180', 'Amboasary II', 'C06'),
('Fkt181', 'Ambolobe', 'C06'),
('Fkt182', 'Ambolo mareagne', 'C06'),
('Fkt183', 'Amborobe', 'C06'),
('Fkt184', 'Anafondrakady', 'C06'),
('Fkt185', 'Anafondrakady', 'C06'),
('Fkt186', 'Anjatoka', 'C06'),
('Fkt187', 'Ankaka', 'C06'),
('Fkt188', 'Ankaramena', 'C06'),
('Fkt189', 'Ankilifaly', 'C06'),
('Fkt190', 'Ankilimafaitse Bas', 'C06'),
('Fkt191', 'Ankilimafaitse Haut', 'C06'),
('Fkt192', 'Ankilivinonjy', 'C06'),
('Fkt193', 'Antanambao I', 'C06'),
('Fkt194', 'Antanambao IIi', 'C06'),
('Fkt195', 'Antetebey', 'C06'),
('Fkt196', 'Antsatrahamasy', 'C06'),
('Fkt197', 'Antseky Nord', 'C06'),
('Fkt198', 'Antsatrahamasy', 'C06'),
('Fkt199', 'Antseky Nord', 'C06'),
('Fkt200', 'Avaradrova', 'C06'),
('Fkt201', 'Beabo', 'C06'),
('Fkt202', 'Beanike I', 'C06'),
('Fkt203', 'Beanike II', 'C06'),
('Fkt204', 'Behabobo I', 'C06'),
('Fkt205', 'Behabobo II', 'C06'),
('Fkt206', 'Bekokako', 'C06'),
('Fkt207', 'Berary', 'C06'),
('Fkt208', 'Beroroha', 'C06'),
('Fkt209', 'Bevato', 'C06'),
('Fkt210', 'Botreoke', 'C06'),
('Fkt211', 'Ebana', 'C06'),
('Fkt212', 'Ekonka Amisay', 'C06'),
('Fkt213', 'Ekonka Antragnobey', 'C06'),
('Fkt214', 'Ekonka maromainte', 'C06'),
('Fkt215', 'Ekonka Marofoty', 'C06'),
('Fkt216', 'Esalo', 'C06'),
('Fkt217', 'Esanta Fototra', 'C06'),
('Fkt218', 'Esanta Iii', 'C06'),
('Fkt219', 'Esanta Marofoty', 'C06'),
('Fkt220', 'Esanta Maromainty', 'C06'),
('Fkt221', 'Esingo', 'C06'),
('Fkt222', 'Lavandrandra', 'C06'),
('Fkt223', 'Mahavelo', 'C06'),
('Fkt224', 'Marofanogne', 'C06'),
('Fkt225', 'Marolava', 'C06'),
('Fkt226', 'Maromalay', 'C06'),
('Fkt227', 'Milahane Fenoarivo', 'C06'),
('Fkt228', 'Mitsangana I', 'C06'),
('Fkt229', 'Mitsangana II', 'C06'),
('Fkt230', 'Sarihangy', 'C06'),
('Fkt231', 'Sarisanga', 'C06'),
('Fkt232', 'Sevohipoty', 'C06'),
('Fkt233', 'Talaky Centrale', 'C06'),
('Fkt234', 'Talaky Marofoty', 'C06'),
('Fkt235', 'Tranobe Maromainty', 'C06'),
('Fkt236', 'Tsialihe', 'C06'),
('Fkt237', 'Tsianoriha', 'C06'),
('Fkt238', 'Tsingivilahy', 'C06'),
('Fkt239', 'Tsirangoty', 'C06'),
('Fkt240', 'Amborobey Marofoty', 'C11'),
('Fkt241', 'Mitreake', 'C11'),
('Fkt242', 'Ambaninato', 'C11'),
('Fkt243', 'Ankazomanitsy', 'C11'),
('Fkt244', 'Ambanikily Sud', 'C11'),
('Fkt245', 'Ambanikily Maromainty', 'C11'),
('Fkt246', 'Ambanikily Nord', 'C11'),
('Fkt247', 'Ambanikily Centre', 'C11'),
('Fkt248', 'Ambanikily Maoly', 'C11'),
('Fkt249', 'Ambaninato', 'C11'),
('Fkt250', 'Ambory', 'C11'),
('Fkt251', 'Ambory I', 'C11'),
('Fkt252', 'Ambory II', 'C11'),
('Fkt253', 'Amboro marofoty', 'C11'),
('Fkt254', 'Ankaranabo', 'C11'),
('Fkt255', 'Anketa', 'C11'),
('Fkt256', 'Ankazomanintsy Miary', 'C11'),
('Fkt257', 'Ankiletovoe', 'C11'),
('Fkt258', 'Belaza', 'C11'),
('Fkt259', 'Belitsaky', 'C11'),
('Fkt260', 'Belitsaky II', 'C11'),
('Fkt261', 'Erada I', 'C11'),
('Fkt262', 'Erada II', 'C11'),
('Fkt263', 'Erada III', 'C11'),
('Fkt264', 'Erada Sandrisandry', 'C11'),
('Fkt265', 'Erada centre', 'C11'),
('Fkt266', 'Eradabey', 'C11'),
('Fkt267', 'Erada Ambaninato', 'C11'),
('Fkt268', 'Fotabey Ankaranabo', 'C11'),
('Fkt269', 'Habohabo Nord', 'C11'),
('Fkt270', 'Habohabo Sud', 'C11'),
('Fkt271', 'Habohabo Maromainty', 'C11'),
('Fkt272', 'Habohabo Mihoatse', 'C11'),
('Fkt273', 'Maromainty Ambonaivo', 'C11'),
('Fkt274', 'Marobey Misorogna', 'C11'),
('Fkt275', 'Mitreaky', 'C11'),
('Fkt276', 'Marobey Anketa', 'C11'),
('Fkt277', 'Satrie Mitreaky', 'C11'),
('Fkt278', 'Vohibaoe', 'C11'),
('Fkt279', 'Erakoke', 'C14'),
('Fkt280', 'Ambolovohitse Erako', 'C14'),
('Fkt281', 'Ambonaivo Ampihamibe', 'C14'),
('Fkt282', 'Ampane', 'C14'),
('Fkt283', 'Bema', 'C14'),
('Fkt284', 'Marolava', 'C14'),
('Fkt285', 'Ambaro Miavotse', 'C14'),
('Fkt286', 'Ambonaivo', 'C14'),
('Fkt287', 'Ampihamibe Miarents', 'C14'),
('Fkt288', 'Anjatoka', 'C14'),
('Fkt289', 'Anjatoka Erake', 'C14'),
('Fkt290', 'Anjagnabo Antanesoa', 'C14'),
('Fkt291', 'Ankilemanitsy I', 'C14'),
('Fkt292', 'Ankilimanintsy II', 'C14'),
('Fkt293', 'Ankilemanitsy III', 'C14'),
('Fkt294', 'Ankiilemaroaloke', 'C14'),
('Fkt295', 'Ankilemalaza', 'C14'),
('Fkt296', 'Ankilemiary', 'C14'),
('Fkt298', 'Ankilemanitsy Magnevatana', 'C14'),
('Fkt299', 'Ankilemaroaloke Est', 'C14'),
('Fkt300', 'Ankilehogo Miarinarivo', 'C14'),
('Fkt301', 'Ankilihogo', 'C14'),
('Fkt302', 'Ankilehogo Ambony', 'C14'),
('Fkt303', 'Ankilehogo Marolava', 'C14'),
('Fkt304', 'Ankilehogo Antsakoamasy', 'C14'),
('Fkt305', 'Ankilemifiole', 'C14'),
('Fkt306', 'Ankoroke Mahazosoa', 'C14'),
('Fkt307', 'Ankilevotro', 'C14'),
('Fkt308', 'Ankilevotro II', 'C14'),
('Fkt309', 'Ankiletsimanarito', 'C14'),
('Fkt310', 'Ankoroke Manorosoa', 'C14'),
('Fkt311', 'Ambaro Mahazoarivo', 'C14'),
('Fkt312', 'Ambanebasy Bearivo', 'C14'),
('Fkt313', 'Ambatolahy', 'C14'),
('Fkt314', 'Ampihamamy Mamoasoa', 'C14'),
('Fkt315', 'Anakafy Marosola', 'C14'),
('Fkt316', 'Antanesoa', 'C14'),
('Fkt317', 'Antanesoa Centre', 'C14'),
('Fkt318', 'Beama Ankarana', 'C14'),
('Fkt319', 'Belavenoka Tanantsoa', 'C14'),
('Fkt320', 'Belambo Fanavaozana', 'C14'),
('Fkt321', 'Behabobo Ampatiolotsy', 'C14'),
('Fkt322', 'Betsimeda', 'C14'),
('Fkt323', 'Betsimeda Ankemilaly', 'C14'),
('Fkt324', 'Betsimeda Ankoroke', 'C14'),
('Fkt325', 'Betsimeda Ampihamibe', 'C14'),
('Fkt326', 'Betsimeda 5/5', 'C14'),
('Fkt327', 'Betsimeda Centre', 'C14'),
('Fkt328', 'Belavenoky', 'C14'),
('Fkt329', 'Erada Marolava', 'C14'),
('Fkt330', 'Erakoke Sud', 'C14'),
('Fkt331', 'Erakoke Ouest', 'C14'),
('Fkt332', 'Erakoke Est', 'C14'),
('Fkt333', 'ErakokeAvaratsena', 'C14'),
('Fkt334', 'Erakoke Ambolovohitse', 'C14'),
('Fkt335', 'Fototsambo Magnitao', 'C14'),
('Fkt336', 'Mahazoasoa Ampihamy', 'C14'),
('Fkt337', 'Mareagne I', 'C14'),
('Fkt338', 'Marobe', 'C14'),
('Fkt339', 'Maroho', 'C14'),
('Fkt340', 'Marolava II', 'C14'),
('Fkt341', 'Vahavola Ampihamibe', 'C14'),
('Fkt342', 'Radabetsimivaky', 'C14'),
('Fkt343', 'Radabetsimivaky II', 'C14'),
('Fkt344', 'Rakopoty', 'C14'),
('Fkt345', 'Salama Sud', 'C14'),
('Fkt346', 'Tanambao Fenoarivo', 'C14'),
('Fkt347', 'Volankira Ambatoabo', 'C14'),
('Fkt348', 'Vahavola Centre', 'C14'),
('Fkt349', 'Vahavola Ankilesoa', 'C14'),
('Fkt350', 'Vahavola Ankilemasy', 'C14'),
('Fkt351', 'Vahavola Antsavoa', 'C14'),
('Fkt352', 'Zanavo Nord', 'C14'),
('Fkt353', 'Zanavo Fagnalegna', 'C14'),
('Fkt354', 'Soatsifa', 'C15'),
('Fkt355', 'Ambaro', 'C15'),
('Fkt356', 'Antsomontsoy', 'C15'),
('Fkt358', 'Ankobokemanitsy', 'C15'),
('Fkt359', 'Mangaiky Tsimagnahy', 'C15'),
('Fkt360', 'Marodo Ankilimasy', 'C15'),
('Fkt361', 'Marofengoke', 'C15'),
('Fkt362', 'Savare Ambaroabo', 'C15'),
('Fkt363', 'Savare Tanambao', 'C15'),
('Fkt364', 'Tanambao', 'C15'),
('Fkt365', 'Ambaro I', 'C15'),
('Fkt366', 'Ambaro II', 'C15'),
('Fkt367', 'Ambaro III', 'C15'),
('Fkt368', 'Ambaro Centre', 'C15'),
('Fkt369', 'Ambaro Ankilimanitsy', 'C15'),
('Fkt370', 'Ambaromasy Behantamasay', 'C15'),
('Fkt371', 'Ambaro Tsaramandroso', 'C15'),
('Fkt372', 'Amboasary I', 'C15'),
('Fkt373', 'Amboasary Tanambao', 'C15'),
('Fkt374', 'Ampanavy Fototsabo', 'C15'),
('Fkt375', 'Analamitsetaky', 'C15'),
('Fkt376', 'Analamitsetaky Est', 'C15'),
('Fkt377', 'Anivorano', 'C15'),
('Fkt378', 'Ankilivinonjy', 'C15'),
('Fkt379', 'Ankilivinonjy', 'C15'),
('Fkt380', 'Ankilemieva', 'C15'),
('Fkt381', 'Ankobo Ankilemanintsy', 'C15'),
('Fkt382', 'Ankobo Ankilimiabo', 'C15'),
('Fkt383', 'Ankobo Analamizitsy', 'C15'),
('Fkt384', 'Ankororoke Manorosoa', 'C15'),
('Fkt385', 'Ankilemieva Ampihamibe', 'C15'),
('Fkt386', 'Ankeloke Antsomontsoy', 'C15'),
('Fkt387', 'Antsomontsoy II', 'C15'),
('Fkt388', 'Antsakoamasy Tanambe', 'C15'),
('Fkt389', 'Antsomontsoy', 'C15'),
('Fkt390', 'Antseta ankilemanintsy', 'C15'),
('Fkt391', 'Behabobo Nord Ambaro', 'C15'),
('Fkt392', 'Behanta Beraketa', 'C15'),
('Fkt393', 'Behantamasay Ambaro', 'C15'),
('Fkt394', 'Belambo Ankilemasy', 'C15'),
('Fkt395', 'Belemboke I', 'C15'),
('Fkt396', 'Belemboka Sevohitse', 'C15'),
('Fkt397', 'Belemboka Bas', 'C15'),
('Fkt398', 'Belemboka Haut', 'C15'),
('Fkt399', 'Belitsake Edodo', 'C15'),
('Fkt400', 'Belemboke Savar', 'C15'),
('Fkt401', 'Belitsaky Tsimandrivotse', 'C15'),
('Fkt402', 'Bevato Ambony', 'C15'),
('Fkt403', 'Efoly Ankilemamy', 'C15'),
('Fkt404', 'Efoly Fagnalegna', 'C15'),
('Fkt405', 'Mahavokake', 'C15'),
('Fkt406', 'Manombo', 'C15'),
('Fkt407', 'Marodo Ankilemasy', 'C15'),
('Fkt408', 'Marofoty', 'C15'),
('Fkt409', 'Maroalopoty I', 'C15'),
('Fkt410', 'Maroalopoty II', 'C15'),
('Fkt411', 'Maroalopoty III', 'C15'),
('Fkt412', 'Maroalopoty IV', 'C15'),
('Fkt413', 'Mareagne Tsihalegne', 'C15'),
('Fkt414', 'Magneva', 'C15'),
('Fkt415', 'Marosaragna', 'C15'),
('Fkt416', 'Maropia Ambohimazava', 'C15'),
('Fkt417', 'Maropia Ampisopiso', 'C15'),
('Fkt418', 'Maropia Ankisoatoetse', 'C15'),
('Fkt419', 'Maropia Ankilebey', 'C15'),
('Fkt420', 'Maropia Nord', 'C15'),
('Fkt421', 'Maropia Sud', 'C15'),
('Fkt422', 'Maropia Maromena', 'C15'),
('Fkt423', 'Maropia Ankilimbazaha', 'C15'),
('Fkt424', 'Maromainte', 'C15'),
('Fkt425', 'Miaregnarivo', 'C15'),
('Fkt426', 'Marofengoke Andoharano', 'C15'),
('Fkt427', 'Miodo Marofotibe', 'C15'),
('Fkt428', 'Savara Tanandava', 'C15'),
('Fkt429', 'Soatsifa I', 'C15'),
('Fkt430', 'Soatsifa Bas', 'C15'),
('Fkt431', 'Soatsifa Haut', 'C15'),
('Fkt432', 'Soatsifa Mahazoarivo', 'C15'),
('Fkt433', 'Soatsifa Tanambao', 'C15'),
('Fkt434', 'Soatsifa Agnivorano', 'C15'),
('Fkt435', 'soatsifa Agnalamizitsy', 'C15'),
('Fkt436', 'Soatamea', 'C15'),
('Fkt437', 'Soatamea Morafeno', 'C15'),
('Fkt438', 'Soatandroke', 'C15'),
('Fkt439', 'Sarevalala', 'C15'),
('Fkt440', 'Tanantsoa Nord', 'C15'),
('Fkt441', 'Tanantsoa Miavotse', 'C15'),
('Fkt442', 'Tanambao I', 'C15'),
('Fkt443', 'Tanambao Sud', 'C15'),
('Fkt444', 'Tanambao Manorosoa', 'C15'),
('Fkt445', 'Tsihalegne Ambaromasy', 'C15'),
('Fkt446', 'Tsirandrane', 'C15'),
('Fkt447', 'Tsimikaboke', 'C15'),
('Fkt448', 'Tsiavihandro Ankalimboro', 'C15'),
('Fkt449', 'Tanambao Nord', 'C15'),
('Fkt450', 'Vohimiary', 'C15'),
('Fkt451', 'Belemboke', 'C15'),
('Fkt452', 'Ampanave kilemamy', 'C15'),
('Fkt453', 'Ampanavy', 'C15'),
('Fkt454', 'Marofoty Central', 'C18'),
('Fkt455', 'Tsimananada Central', 'C18'),
('Fkt456', 'Amboro', 'C18'),
('Fkt457', 'Mokofo', 'C18'),
('Fkt458', 'Ambagnemba Marolava', 'C18'),
('Fkt459', 'Ambanifengoke', 'C18'),
('Fkt460', 'Ambarobey Marofoty', 'C18'),
('Fkt461', 'Ambitike', 'C18'),
('Fkt462', 'Anjeky Miavotse', 'C18'),
('Fkt463', 'Anjamaro', 'C18'),
('Fkt464', 'Anjeky Mahasoa', 'C18'),
('Fkt465', 'Ankilimanintsy Ouest', 'C18'),
('Fkt466', 'Ankilerandro Sud', 'C18'),
('Fkt467', 'Ankilirandro- Ambanisarike', 'C18'),
('Fkt468', 'Ankilirandro - Nord', 'C18'),
('Fkt469', 'Ankilerandrobey', 'C18'),
('Fkt470', 'Antsasavy', 'C18'),
('Fkt471', 'Botreoky', 'C18'),
('Fkt472', 'Bekakoka II', 'C18'),
('Fkt473', 'Halomboro I', 'C18'),
('Fkt474', 'Ekaroke Ampihamibey', 'C18'),
('Fkt475', 'Marohafotsy centre', 'C18'),
('Fkt476', 'Mokofo I', 'C18'),
('Fkt477', 'Mokofo II', 'C18'),
('Fkt478', 'Mahandrorano', 'C18'),
('Fkt479', 'Mahandrorano Ambane', 'C18'),
('Fkt480', 'Maroankena sud', 'C18'),
('Fkt481', 'Maroankena nord', 'C18'),
('Fkt482', 'Mihole', 'C18'),
('Fkt483', 'Soalike', 'C18'),
('Fkt484', 'Tsimihevo', 'C18'),
('Fkt485', 'Tsimananada II', 'C18'),
('Fkt486', 'Tsimananada Sud', 'C18'),
('Fkt487', 'Antsaha', 'C19'),
('Fkt488', 'Bekopiky', 'C19'),
('Fkt489', 'Ambondrombe', 'C19'),
('Fkt490', 'Antafianampela', 'C07'),
('Fkt491', 'Andramanera', 'C17'),
('Fkt492', 'Ankilitelo', 'C08'),
('Fkt493', 'Anjira', 'C59'),
('Fkt494', 'Afotsifaly Est', 'C59'),
('Fkt495', 'Ambaromanoy I', 'C59'),
('Fkt496', 'Ambaromanoy II', 'C59'),
('Fkt497', 'Ambaromanoy III', 'C59'),
('Fkt498', 'Beara Ambony', 'C59'),
('Fkt499', 'Ambarovoahasy', 'C61'),
('Fkt501', 'Imongy Centre', 'C61'),
('Fkt502', 'IMONGY II REBEKE', 'C61'),
('Fkt503', 'Ambovotoka', 'C63'),
('Fkt504', 'Ananakirihitse Centre', 'C63'),
('Fkt505', 'Atsimondrano', 'C63'),
('Fkt506', 'Namoia', 'C63'),
('Fkt507', 'Finondranon\'akoho', 'C64'),
('Fkt508', 'Bevazavo', 'C64'),
('Fkt509', 'Bevazavo Centre', 'C64'),
('Fkt510', 'Tesingo Sud', 'C64'),
('Fkt511', 'Ankobaimasy I', 'C64'),
('Fkt512', 'Ambanenonoke', 'C64'),
('Fkt513', 'Antalahavalala', 'C64'),
('Fkt514', 'Tesingo Marofoty', 'C64'),
('Fkt515', 'Beraketa Centre', 'C48'),
('Fkt516', 'Tsilany bas', 'C52'),
('Fkt517', 'Anaviavy', 'C52'),
('Fkt518', 'Anivorano', 'C52'),
('Fkt519', 'Mahasoa be', 'C47'),
('Fkt520', 'Bealoke', 'C35'),
('Fkt521', 'Ankilemitraha', 'C35'),
('Fkt522', 'Voavonto', 'C35'),
('Fkt523', 'Ezambey', 'C35'),
('Fkt524', 'Ambanitsena Manambaro I', 'C83'),
('Fkt525', 'Manambaro ville', 'C83'),
('Fkt526', 'Berano ville', 'C22'),
('Fkt527', 'Tanambao Behara', 'C23'),
('Fkt528', 'Ankirikirike', 'C23'),
('Fkt529', 'Andrenara', 'C23'),
('Fkt530', 'Behara Ambony', 'C23'),
('Fkt531', 'Tanambao Tsiatoro', 'C72'),
('Fkt532', 'Anjeky Morafeno', 'C92'),
('Fkt533', 'Beanantara', 'C92'),
('Fkt534', 'Marovatobe', 'C70'),
('Fkt535', 'Amborominendra-Tsararivotse', 'C02'),
('Fkt536', 'Ambanekile', 'C11'),
('Fkt538', 'Tsifahera Andobaka', 'C11'),
('Fkt539', 'Ankiliromotse centre', 'C05'),
('Fkt540', 'Ankiliromotse Marolava', 'C05'),
('Fkt541', 'Tanamare', 'C05'),
('Fkt542', 'Belanky', 'C05'),
('Fkt543', 'Mitsokeba', 'C18'),
('Fkt544', 'Tetebey', 'C06'),
('Fkt545', 'Antsomontsoy Centre', 'C15'),
('Fkt546', 'Erada Tsimivaky', 'C14'),
('Fkt547', 'Tsimandrivotse', 'C15'),
('Fkt548', 'Vahavola Amboropotsy', 'C14'),
('Fkt549', 'Vahavola Ampihamibe', 'C14'),
('Fkt550', 'Ankeloke Tsaramandroso', 'C14'),
('Fkt551', 'Belitsake Ankeloke', 'C14'),
('Fkt552', 'Ankeloke', 'C14'),
('Fkt553', 'Tsimanato', 'C11'),
('Fkt554', 'Hobahoba', 'C11'),
('Fkt555', 'Amboloke', 'C04'),
('Fkt556', 'Maromainty', 'C05'),
('Fkt557', 'Ambanikily Sud', 'C05'),
('Fkt558', 'Mareagne', 'C06'),
('Fkt559', 'Ankilimamy', 'C14'),
('Fkt560', 'Ebana Mareagna', 'C06'),
('Fkt561', 'Behanta Mareagna', 'C06'),
('Fkt562', 'Ambanibasy Bearivo', 'C14'),
('Fkt563', 'Ambatolahy', 'C14'),
('Fkt564', 'Antsakoamasy Tanabe', 'C14'),
('Fkt565', 'Behanta', 'C15'),
('Fkt566', 'Erakoke Anjamahavelo', 'C14'),
('Fkt567', 'Zanavo Ankilimbazaha', 'C14'),
('Fkt568', 'Anovy Sud', 'C60'),
('Fkt569', 'Tanandava', 'C60'),
('Fkt570', 'Bema', 'C60'),
('Fkt571', 'Morafeno', 'C60'),
('Fkt572', 'Bealoke', 'C35'),
('Fkt573', 'Beroroha Ambato', 'C35'),
('Fkt574', 'Elanja centre', 'C35'),
('Fkt575', 'Magnindra Centre', 'C35'),
('Fkt576', 'Magnindra', 'C35'),
('Fkt577', 'Magnindra Marolava', 'C35'),
('Fkt578', 'Sampona', 'C35'),
('Fkt579', 'Sampona Centre', 'C35'),
('Fkt580', 'Sampona II', 'C35'),
('Fkt581', 'Sampona Marosifotse', 'C35'),
('Fkt582', 'Vahavola', 'C35'),
('Fkt583', 'Vahavola Ankilebey', 'C35'),
('Fkt584', 'Vahavola Anonoke', 'C35'),
('Fkt585', 'Amboro', 'C18');

-- --------------------------------------------------------

--
-- Structure de la table `zone_region`
--

DROP TABLE IF EXISTS `zone_region`;
CREATE TABLE IF NOT EXISTS `zone_region` (
  `code_reg` varchar(255) CHARACTER SET utf8mb4 COLLATE utf8mb4_0900_ai_ci NOT NULL,
  `nom_reg` varchar(100) CHARACTER SET utf8mb4 COLLATE utf8mb4_0900_ai_ci NOT NULL,
  PRIMARY KEY (`code_reg`)
) ENGINE=InnoDB DEFAULT CHARSET=utf8;

--
-- Déchargement des données de la table `zone_region`
--

INSERT INTO `zone_region` (`code_reg`, `nom_reg`) VALUES
('R01', 'ANDROY'),
('R02', 'ANOSY');

--
-- Contraintes pour les tables déchargées
--

--
-- Contraintes pour la table `activite`
--
ALTER TABLE `activite`
  ADD CONSTRAINT `activite_ibfk_1` FOREIGN KEY (`id_volet`) REFERENCES `volet` (`code_vol`) ON DELETE CASCADE ON UPDATE CASCADE;

--
-- Contraintes pour la table `animation_ve`
--
ALTER TABLE `animation_ve`
  ADD CONSTRAINT `animation_ve_ibfk_1` FOREIGN KEY (`id_pr`) REFERENCES `benef_activ_pr` (`code_pr`) ON DELETE CASCADE ON UPDATE CASCADE,
  ADD CONSTRAINT `animation_ve_ibfk_2` FOREIGN KEY (`id_fkt`) REFERENCES `zone_fonkotany` (`code_fkt`) ON DELETE RESTRICT ON UPDATE RESTRICT,
  ADD CONSTRAINT `animation_ve_ibfk_3` FOREIGN KEY (`id_commune`) REFERENCES `zone_commune` (`code_com`) ON DELETE RESTRICT ON UPDATE RESTRICT,
  ADD CONSTRAINT `animation_ve_ibfk_4` FOREIGN KEY (`id_tech_recenseur`) REFERENCES `equipe` (`code_equipe`) ON DELETE RESTRICT ON UPDATE RESTRICT;

--
-- Contraintes pour la table `animation_ve_specu`
--
ALTER TABLE `animation_ve_specu`
  ADD CONSTRAINT `animation_ve_specu_ibfk_1` FOREIGN KEY (`id_anime_ve`) REFERENCES `animation_ve` (`code`) ON DELETE RESTRICT ON UPDATE RESTRICT,
  ADD CONSTRAINT `animation_ve_specu_ibfk_2` FOREIGN KEY (`id_espece`) REFERENCES `espece` (`code_espece`) ON DELETE RESTRICT ON UPDATE RESTRICT,
  ADD CONSTRAINT `animation_ve_specu_ibfk_3` FOREIGN KEY (`id_var`) REFERENCES `variette` (`code_var`) ON DELETE RESTRICT ON UPDATE RESTRICT;

--
-- Contraintes pour la table `association`
--
ALTER TABLE `association`
  ADD CONSTRAINT `association_ibfk_1` FOREIGN KEY (`id_prjt`) REFERENCES `projet` (`code_proj`) ON DELETE RESTRICT ON UPDATE RESTRICT,
  ADD CONSTRAINT `association_ibfk_2` FOREIGN KEY (`id_tech`) REFERENCES `equipe` (`code_equipe`) ON DELETE RESTRICT ON UPDATE RESTRICT,
  ADD CONSTRAINT `association_ibfk_5` FOREIGN KEY (`id_fkt`) REFERENCES `zone_fonkotany` (`code_fkt`) ON DELETE RESTRICT ON UPDATE RESTRICT;

--
-- Contraintes pour la table `assoc_parce`
--
ALTER TABLE `assoc_parce`
  ADD CONSTRAINT `assoc_parce_ibfk_1` FOREIGN KEY (`id_assoc`) REFERENCES `association` (`code_ass`) ON DELETE RESTRICT ON UPDATE RESTRICT,
  ADD CONSTRAINT `assoc_parce_ibfk_2` FOREIGN KEY (`id_benef`) REFERENCES `beneficiaire` (`code_benef`) ON DELETE CASCADE ON UPDATE CASCADE,
  ADD CONSTRAINT `assoc_parce_ibfk_3` FOREIGN KEY (`id_fkt`) REFERENCES `zone_fonkotany` (`code_fkt`) ON DELETE RESTRICT ON UPDATE RESTRICT;

--
-- Contraintes pour la table `beneficiaire`
--
ALTER TABLE `beneficiaire`
  ADD CONSTRAINT `beneficiaire_ibfk_1` FOREIGN KEY (`id_fkt`) REFERENCES `zone_fonkotany` (`code_fkt`) ON DELETE RESTRICT ON UPDATE RESTRICT,
  ADD CONSTRAINT `beneficiaire_ibfk_2` FOREIGN KEY (`id_commune`) REFERENCES `zone_commune` (`code_com`) ON DELETE RESTRICT ON UPDATE RESTRICT;

--
-- Contraintes pour la table `benef_activ_bl`
--
ALTER TABLE `benef_activ_bl`
  ADD CONSTRAINT `benef_activ_bl_ibfk_1` FOREIGN KEY (`id_activ`) REFERENCES `activite` (`code_act`) ON DELETE CASCADE ON UPDATE CASCADE,
  ADD CONSTRAINT `benef_activ_bl_ibfk_2` FOREIGN KEY (`id_benef`) REFERENCES `beneficiaire` (`code_benef`) ON DELETE CASCADE ON UPDATE CASCADE,
  ADD CONSTRAINT `benef_activ_bl_ibfk_5` FOREIGN KEY (`id_proj`) REFERENCES `projet` (`code_proj`) ON DELETE CASCADE ON UPDATE CASCADE,
  ADD CONSTRAINT `benef_activ_bl_ibfk_6` FOREIGN KEY (`id_bloc`) REFERENCES `bloc` (`code_bloc`) ON DELETE CASCADE ON UPDATE CASCADE,
  ADD CONSTRAINT `benef_activ_bl_ibfk_7` FOREIGN KEY (`id_collaborateur`) REFERENCES `collaborateur` (`code_col`) ON DELETE CASCADE ON UPDATE CASCADE;

--
-- Contraintes pour la table `benef_activ_pms`
--
ALTER TABLE `benef_activ_pms`
  ADD CONSTRAINT `benef_activ_pms_ibfk_3` FOREIGN KEY (`id_benef`) REFERENCES `beneficiaire` (`code_benef`) ON DELETE CASCADE ON UPDATE CASCADE,
  ADD CONSTRAINT `benef_activ_pms_ibfk_5` FOREIGN KEY (`id_proj`) REFERENCES `projet` (`code_proj`) ON DELETE CASCADE ON UPDATE CASCADE,
  ADD CONSTRAINT `benef_activ_pms_ibfk_6` FOREIGN KEY (`id_association`) REFERENCES `association` (`code_ass`) ON DELETE CASCADE ON UPDATE CASCADE,
  ADD CONSTRAINT `benef_activ_pms_ibfk_7` FOREIGN KEY (`id_collaborateur`) REFERENCES `collaborateur` (`code_col`) ON DELETE CASCADE ON UPDATE CASCADE;

--
-- Contraintes pour la table `benef_activ_pr`
--
ALTER TABLE `benef_activ_pr`
  ADD CONSTRAINT `benef_activ_pr_ibfk_1` FOREIGN KEY (`id_activ`) REFERENCES `activite` (`code_act`) ON DELETE RESTRICT ON UPDATE RESTRICT,
  ADD CONSTRAINT `benef_activ_pr_ibfk_2` FOREIGN KEY (`id_benef`) REFERENCES `beneficiaire` (`code_benef`) ON DELETE CASCADE ON UPDATE CASCADE,
  ADD CONSTRAINT `benef_activ_pr_ibfk_3` FOREIGN KEY (`id_proj`) REFERENCES `projet` (`code_proj`) ON DELETE RESTRICT ON UPDATE RESTRICT,
  ADD CONSTRAINT `benef_activ_pr_ibfk_4` FOREIGN KEY (`id_bloc`) REFERENCES `bloc` (`code_bloc`) ON DELETE RESTRICT ON UPDATE RESTRICT,
  ADD CONSTRAINT `benef_activ_pr_ibfk_5` FOREIGN KEY (`id_collaborateur`) REFERENCES `collaborateur` (`code_col`) ON DELETE RESTRICT ON UPDATE RESTRICT,
  ADD CONSTRAINT `benef_activ_pr_ibfk_6` FOREIGN KEY (`id_tech`) REFERENCES `equipe` (`code_equipe`) ON DELETE RESTRICT ON UPDATE RESTRICT;

--
-- Contraintes pour la table `bloc`
--
ALTER TABLE `bloc`
  ADD CONSTRAINT `bloc_ibfk_1` FOREIGN KEY (`id_prjt`) REFERENCES `projet` (`code_proj`) ON DELETE CASCADE ON UPDATE CASCADE,
  ADD CONSTRAINT `bloc_ibfk_2` FOREIGN KEY (`id_tech`) REFERENCES `equipe` (`code_equipe`) ON DELETE CASCADE ON UPDATE CASCADE;

--
-- Contraintes pour la table `bloc_parce`
--
ALTER TABLE `bloc_parce`
  ADD CONSTRAINT `bloc_parce_ibfk_3` FOREIGN KEY (`id_bloc`) REFERENCES `bloc` (`code_bloc`) ON DELETE CASCADE ON UPDATE CASCADE,
  ADD CONSTRAINT `bloc_parce_ibfk_4` FOREIGN KEY (`id_benef`) REFERENCES `beneficiaire` (`code_benef`) ON DELETE CASCADE ON UPDATE CASCADE,
  ADD CONSTRAINT `bloc_parce_ibfk_5` FOREIGN KEY (`id_fkt`) REFERENCES `zone_fonkotany` (`code_fkt`) ON DELETE RESTRICT ON UPDATE RESTRICT;

--
-- Contraintes pour la table `bloc_zone`
--
ALTER TABLE `bloc_zone`
  ADD CONSTRAINT `bloc_zone_ibfk_3` FOREIGN KEY (`id_km`) REFERENCES `benef_activ_bl` (`code_benef_bl`) ON DELETE CASCADE ON UPDATE CASCADE,
  ADD CONSTRAINT `bloc_zone_ibfk_4` FOREIGN KEY (`id_fkt`) REFERENCES `zone_fonkotany` (`code_fkt`) ON DELETE CASCADE ON UPDATE CASCADE,
  ADD CONSTRAINT `bloc_zone_ibfk_5` FOREIGN KEY (`id_bloc`) REFERENCES `bloc` (`code_bloc`) ON DELETE CASCADE ON UPDATE CASCADE;

--
-- Contraintes pour la table `cep_parce`
--
ALTER TABLE `cep_parce`
  ADD CONSTRAINT `cep_parce_ibfk_1` FOREIGN KEY (`id_benef`) REFERENCES `beneficiaire` (`code_benef`) ON DELETE RESTRICT ON UPDATE RESTRICT,
  ADD CONSTRAINT `cep_parce_ibfk_2` FOREIGN KEY (`id_fkt`) REFERENCES `zone_fonkotany` (`code_fkt`) ON DELETE RESTRICT ON UPDATE RESTRICT,
  ADD CONSTRAINT `cep_parce_ibfk_3` FOREIGN KEY (`id_commune`) REFERENCES `zone_commune` (`code_com`) ON DELETE RESTRICT ON UPDATE RESTRICT,
  ADD CONSTRAINT `cep_parce_ibfk_4` FOREIGN KEY (`id_bloc`) REFERENCES `bloc` (`code_bloc`) ON DELETE RESTRICT ON UPDATE RESTRICT;

--
-- Contraintes pour la table `collaborateur_activ`
--
ALTER TABLE `collaborateur_activ`
  ADD CONSTRAINT `collaborateur_activ_ibfk_1` FOREIGN KEY (`id_col`) REFERENCES `collaborateur` (`code_col`) ON DELETE CASCADE ON UPDATE CASCADE,
  ADD CONSTRAINT `collaborateur_activ_ibfk_2` FOREIGN KEY (`id_activ`) REFERENCES `activite` (`code_act`) ON DELETE CASCADE ON UPDATE CASCADE;

--
-- Contraintes pour la table `cultures_pms`
--
ALTER TABLE `cultures_pms`
  ADD CONSTRAINT `cultures_pms_ibfk_3` FOREIGN KEY (`id_saison`) REFERENCES `saison` (`code_saison`) ON DELETE RESTRICT ON UPDATE RESTRICT,
  ADD CONSTRAINT `cultures_pms_ibfk_5` FOREIGN KEY (`id_parce`) REFERENCES `assoc_parce` (`code_parce`) ON DELETE RESTRICT ON UPDATE RESTRICT,
  ADD CONSTRAINT `cultures_pms_ibfk_6` FOREIGN KEY (`id_var`) REFERENCES `variette` (`code_var`) ON DELETE RESTRICT ON UPDATE RESTRICT,
  ADD CONSTRAINT `cultures_pms_ibfk_7` FOREIGN KEY (`ea_id_variette`) REFERENCES `variette` (`code_var`) ON DELETE RESTRICT ON UPDATE RESTRICT;

--
-- Contraintes pour la table `culture_bl`
--
ALTER TABLE `culture_bl`
  ADD CONSTRAINT `culture_bl_ibfk_1` FOREIGN KEY (`id_parce`) REFERENCES `bloc_parce` (`code_parce`) ON DELETE RESTRICT ON UPDATE RESTRICT,
  ADD CONSTRAINT `culture_bl_ibfk_2` FOREIGN KEY (`id_var`) REFERENCES `variette` (`code_var`) ON DELETE RESTRICT ON UPDATE RESTRICT,
  ADD CONSTRAINT `culture_bl_ibfk_3` FOREIGN KEY (`id_saison`) REFERENCES `saison` (`code_saison`) ON DELETE RESTRICT ON UPDATE RESTRICT,
  ADD CONSTRAINT `culture_bl_ibfk_4` FOREIGN KEY (`ea_id_variette`) REFERENCES `variette` (`code_var`) ON DELETE RESTRICT ON UPDATE RESTRICT,
  ADD CONSTRAINT `culture_bl_ibfk_5` FOREIGN KEY (`id_equipe`) REFERENCES `equipe` (`code_equipe`) ON DELETE RESTRICT ON UPDATE RESTRICT,
  ADD CONSTRAINT `culture_bl_ibfk_6` FOREIGN KEY (`id_espece`) REFERENCES `espece` (`code_espece`) ON DELETE RESTRICT ON UPDATE RESTRICT;

--
-- Contraintes pour la table `culture_pr`
--
ALTER TABLE `culture_pr`
  ADD CONSTRAINT `culture_pr_ibfk_1` FOREIGN KEY (`id_parce`) REFERENCES `cep_parce` (`code_parce`) ON DELETE RESTRICT ON UPDATE RESTRICT,
  ADD CONSTRAINT `culture_pr_ibfk_2` FOREIGN KEY (`id_var`) REFERENCES `variette` (`code_var`) ON DELETE RESTRICT ON UPDATE RESTRICT,
  ADD CONSTRAINT `culture_pr_ibfk_3` FOREIGN KEY (`id_saison`) REFERENCES `saison` (`code_saison`) ON DELETE RESTRICT ON UPDATE RESTRICT,
  ADD CONSTRAINT `culture_pr_ibfk_4` FOREIGN KEY (`ea_id_variette`) REFERENCES `variette` (`code_var`) ON DELETE RESTRICT ON UPDATE RESTRICT,
  ADD CONSTRAINT `culture_pr_ibfk_5` FOREIGN KEY (`id_equipe`) REFERENCES `equipe` (`code_equipe`) ON DELETE RESTRICT ON UPDATE RESTRICT,
  ADD CONSTRAINT `culture_pr_ibfk_6` FOREIGN KEY (`id_espece`) REFERENCES `espece` (`code_espece`) ON DELETE RESTRICT ON UPDATE RESTRICT;

--
-- Contraintes pour la table `equipe`
--
ALTER TABLE `equipe`
  ADD CONSTRAINT `equipe_ibfk_1` FOREIGN KEY (`id_fonct`) REFERENCES `fonction` (`code_fonct`);

--
-- Contraintes pour la table `espece`
--
ALTER TABLE `espece`
  ADD CONSTRAINT `espece_ibfk_1` FOREIGN KEY (`id_categ`) REFERENCES `categorie_espece` (`code_cat`);

--
-- Contraintes pour la table `parcelle`
--
ALTER TABLE `parcelle`
  ADD CONSTRAINT `parcelle_ibfk_1` FOREIGN KEY (`id_benef`) REFERENCES `beneficiaire` (`code_benef`) ON DELETE CASCADE ON UPDATE CASCADE,
  ADD CONSTRAINT `parcelle_ibfk_2` FOREIGN KEY (`id_fkt`) REFERENCES `zone_fonkotany` (`code_fkt`) ON DELETE CASCADE ON UPDATE CASCADE;

--
-- Contraintes pour la table `participe_proj_activ`
--
ALTER TABLE `participe_proj_activ`
  ADD CONSTRAINT `participe_proj_activ_ibfk_1` FOREIGN KEY (`id_proj`) REFERENCES `projet` (`code_proj`),
  ADD CONSTRAINT `participe_proj_activ_ibfk_2` FOREIGN KEY (`id_activ`) REFERENCES `activite` (`code_act`);

--
-- Contraintes pour la table `participe_proj_volet`
--
ALTER TABLE `participe_proj_volet`
  ADD CONSTRAINT `participe_proj_volet_ibfk_1` FOREIGN KEY (`id_volet`) REFERENCES `volet` (`code_vol`),
  ADD CONSTRAINT `participe_proj_volet_ibfk_2` FOREIGN KEY (`id_chef`) REFERENCES `equipe` (`code_equipe`),
  ADD CONSTRAINT `participe_proj_volet_ibfk_3` FOREIGN KEY (`id_projet`) REFERENCES `projet` (`code_proj`);

--
-- Contraintes pour la table `projet_equipe`
--
ALTER TABLE `projet_equipe`
  ADD CONSTRAINT `projet_equipe_ibfk_1` FOREIGN KEY (`id_equipe`) REFERENCES `equipe` (`code_equipe`) ON DELETE CASCADE ON UPDATE CASCADE,
  ADD CONSTRAINT `projet_equipe_ibfk_2` FOREIGN KEY (`id_projet`) REFERENCES `projet` (`code_proj`) ON DELETE CASCADE ON UPDATE CASCADE;

--
-- Contraintes pour la table `projet_equipe_volet`
--
ALTER TABLE `projet_equipe_volet`
  ADD CONSTRAINT `projet_equipe_volet_ibfk_1` FOREIGN KEY (`id_equipe`) REFERENCES `equipe` (`code_equipe`) ON DELETE RESTRICT ON UPDATE RESTRICT,
  ADD CONSTRAINT `projet_equipe_volet_ibfk_2` FOREIGN KEY (`id_projet`) REFERENCES `projet` (`code_proj`) ON DELETE RESTRICT ON UPDATE RESTRICT,
  ADD CONSTRAINT `projet_equipe_volet_ibfk_3` FOREIGN KEY (`id_volet`) REFERENCES `volet` (`code_vol`) ON DELETE RESTRICT ON UPDATE RESTRICT;

--
-- Contraintes pour la table `suivi_bl`
--
ALTER TABLE `suivi_bl`
  ADD CONSTRAINT `suivi_bl_ibfk_1` FOREIGN KEY (`id_culture`) REFERENCES `culture_bl` (`code_culture`) ON DELETE RESTRICT ON UPDATE RESTRICT;

--
-- Contraintes pour la table `suivi_pms`
--
ALTER TABLE `suivi_pms`
  ADD CONSTRAINT `suivi_pms_ibfk_1` FOREIGN KEY (`id_culture`) REFERENCES `cultures_pms` (`code_culture`) ON DELETE RESTRICT ON UPDATE RESTRICT;

--
-- Contraintes pour la table `suivi_pr`
--
ALTER TABLE `suivi_pr`
  ADD CONSTRAINT `suivi_pr_ibfk_1` FOREIGN KEY (`id_culture`) REFERENCES `culture_pr` (`code_culture`) ON DELETE RESTRICT ON UPDATE RESTRICT;

--
-- Contraintes pour la table `s_bloc`
--
ALTER TABLE `s_bloc`
  ADD CONSTRAINT `s_bloc_ibfk_2` FOREIGN KEY (`id_proj`) REFERENCES `projet` (`code_proj`) ON DELETE CASCADE ON UPDATE CASCADE;

--
-- Contraintes pour la table `utilisateurs`
--
ALTER TABLE `utilisateurs`
  ADD CONSTRAINT `utilisateurs_ibfk_1` FOREIGN KEY (`id_equipe`) REFERENCES `equipe` (`code_equipe`);

--
-- Contraintes pour la table `variette`
--
ALTER TABLE `variette`
  ADD CONSTRAINT `variette_ibfk_1` FOREIGN KEY (`id_espece`) REFERENCES `espece` (`code_espece`) ON DELETE RESTRICT ON UPDATE RESTRICT;

--
-- Contraintes pour la table `zone_commune`
--
ALTER TABLE `zone_commune`
  ADD CONSTRAINT `zone_commune_ibfk_1` FOREIGN KEY (`id_dist`) REFERENCES `zone_district` (`code_dist`) ON DELETE CASCADE ON UPDATE CASCADE;

--
-- Contraintes pour la table `zone_district`
--
ALTER TABLE `zone_district`
  ADD CONSTRAINT `zone_district_ibfk_1` FOREIGN KEY (`id_reg`) REFERENCES `zone_region` (`code_reg`) ON DELETE CASCADE ON UPDATE CASCADE;

--
-- Contraintes pour la table `zone_fonkotany`
--
ALTER TABLE `zone_fonkotany`
  ADD CONSTRAINT `zone_fonkotany_ibfk_1` FOREIGN KEY (`id_com`) REFERENCES `zone_commune` (`code_com`) ON DELETE RESTRICT ON UPDATE RESTRICT;
COMMIT;

/*!40101 SET CHARACTER_SET_CLIENT=@OLD_CHARACTER_SET_CLIENT */;
/*!40101 SET CHARACTER_SET_RESULTS=@OLD_CHARACTER_SET_RESULTS */;
/*!40101 SET COLLATION_CONNECTION=@OLD_COLLATION_CONNECTION */;
